{
"type": "FeatureCollection",
"name": "hanoi_core_h3_res9",
"crs": { "type": "name", "properties": { "name": "urn:ogc:def:crs:OGC:1.3:CRS84" } },
"features": [
{ "type": "Feature", "properties": { "h3_id": "8941436829bffff", "h3_resolution": 9, "h3_parent_res8": "8841436829fffff", "centroid_lat": 20.993178753587799, "centroid_lon": 105.73301518159995, "legacy_district": "Hà Đông" }, "geometry": { "type": "Polygon", "coordinates": [ [ [ 105.734963191453502, 20.992573193725757 ], [ 105.734500020915874, 20.994428448607319 ], [ 105.732551993161181, 20.995034006354494 ], [ 105.731067142978191, 20.993784295327874 ], [ 105.731530342431284, 20.99192902490206 ], [ 105.733478363152557, 20.991323481046713 ], [ 105.734963191453502, 20.992573193725757 ] ] ] } },
{ "type": "Feature", "properties": { "h3_id": "894143682d7ffff", "h3_resolution": 9, "h3_parent_res8": "884143682dfffff", "centroid_lat": 20.996283683712857, "centroid_lon": 105.73403684349201, "legacy_district": "Hà Đông" }, "geometry": { "type": "Polygon", "coordinates": [ [ [ 105.735984860377016, 20.995678109958053 ], [ 105.735521693968693, 20.997533327400415 ], [ 105.733573659181829, 20.998138899038459 ], [ 105.732088797836099, 20.996889239342853 ], [ 105.732551993161181, 20.995034006354494 ], [ 105.734500020915874, 20.994428448607319 ], [ 105.735984860377016, 20.995678109958053 ] ] ] } },
{ "type": "Feature", "properties": { "h3_id": "89414368403ffff", "h3_resolution": 9, "h3_parent_res8": "8841436841fffff", "centroid_lat": 20.961597510332972, "centroid_lon": 105.7355081604604, "legacy_district": "Hà Đông" }, "geometry": { "type": "Polygon", "coordinates": [ [ [ 105.737455934428922, 20.960991967027063 ], [ 105.736992834129154, 20.962847570975718 ], [ 105.735045042262385, 20.963453112200419 ], [ 105.733560357724556, 20.962203035558336 ], [ 105.73402348693547, 20.960347416062081 ], [ 105.735971271773707, 20.95974188875509 ], [ 105.737455934428922, 20.960991967027063 ] ] ] } },
{ "type": "Feature", "properties": { "h3_id": "89414368413ffff", "h3_resolution": 9, "h3_parent_res8": "8841436841fffff", "centroid_lat": 20.95913634337029, "centroid_lon": 105.73791902784404, "legacy_district": "Hà Đông" }, "geometry": { "type": "Polygon", "coordinates": [ [ [ 105.739866755142643, 20.95853077991034 ], [ 105.739403679626292, 20.960386405643234 ], [ 105.737455934428922, 20.960991967027063 ], [ 105.735971271773707, 20.95974188875509 ], [ 105.736434376202396, 20.957886247470732 ], [ 105.738382114374602, 20.957280700009381 ], [ 105.739866755142643, 20.95853077991034 ] ] ] } },
{ "type": "Feature", "properties": { "h3_id": "89414368417ffff", "h3_resolution": 9, "h3_parent_res8": "8841436841fffff", "centroid_lat": 20.958491776857024, "centroid_lon": 105.73448660926171, "legacy_district": "Hà Đông" }, "geometry": { "type": "Polygon", "coordinates": [ [ [ 105.736434376202396, 20.957886247470732 ], [ 105.735971271773707, 20.95974188875509 ], [ 105.73402348693547, 20.960347416062081 ], [ 105.732538813556403, 20.959097288165605 ], [ 105.733001946894916, 20.9572416313354 ], [ 105.734949724703341, 20.956636117947099 ], [ 105.736434376202396, 20.957886247470732 ] ] ] } },
{ "type": "Feature", "properties": { "h3_id": "8941436841bffff", "h3_resolution": 9, "h3_parent_res8": "8841436841fffff", "centroid_lat": 20.962242011670373, "centroid_lon": 105.73894059722538, "legacy_district": "Hà Đông" }, "geometry": { "type": "Polygon", "coordinates": [ [ [ 105.740888331547168, 20.961636434287012 ], [ 105.740425260161061, 20.963492022682473 ], [ 105.738477507939777, 20.964097597987781 ], [ 105.736992834129154, 20.962847570975718 ], [ 105.737455934428922, 20.960991967027063 ], [ 105.739403679626292, 20.960386405643234 ], [ 105.740888331547168, 20.961636434287012 ] ] ] } },
{ "type": "Feature", "properties": { "h3_id": "89414368443ffff", "h3_resolution": 9, "h3_parent_res8": "8841436845fffff", "centroid_lat": 20.968453082441581, "centroid_lon": 105.74098378183838, "legacy_district": "Hà Đông" }, "geometry": { "type": "Polygon", "coordinates": [ [ [ 105.742931530202824, 20.967847477214363 ], [ 105.742468467078609, 20.969702990907333 ], [ 105.740520700813235, 20.970308594052671 ], [ 105.739036004694157, 20.969058669585095 ], [ 105.739499096734647, 20.967203140335464 ], [ 105.741446855978609, 20.966597551109651 ], [ 105.742931530202824, 20.967847477214363 ] ] ] } },
{ "type": "Feature", "properties": { "h3_id": "8941436844bffff", "h3_resolution": 9, "h3_parent_res8": "8841436845fffff", "centroid_lat": 20.97155848487785, "centroid_lon": 105.74200539706945, "legacy_district": "Hà Đông" }, "geometry": { "type": "Polygon", "coordinates": [ [ [ 105.743953152453344, 20.970952865730172 ], [ 105.743490093460778, 20.972808342058094 ], [ 105.741542320175228, 20.973413959121974 ], [ 105.740057612903072, 20.972164085938985 ], [ 105.740520700813235, 20.970308594052671 ], [ 105.742468467078609, 20.969702990907333 ], [ 105.743953152453344, 20.970952865730172 ] ] ] } },
{ "type": "Feature", "properties": { "h3_id": "89414368453ffff", "h3_resolution": 9, "h3_parent_res8": "8841436845fffff", "centroid_lat": 20.96599194380288, "centroid_lon": 105.74339458644216, "legacy_district": "Hà Đông" }, "geometry": { "type": "Polygon", "coordinates": [ [ [ 105.745342288121506, 20.965386318417792 ], [ 105.744879249783622, 20.967241853906089 ], [ 105.742931530202824, 20.967847477214363 ], [ 105.741446855978609, 20.966597551109651 ], [ 105.741909923234005, 20.964742000060824 ], [ 105.743857635796772, 20.964136390676842 ], [ 105.745342288121506, 20.965386318417792 ] ] ] } },
{ "type": "Feature", "properties": { "h3_id": "8941436845bffff", "h3_resolution": 9, "h3_parent_res8": "8841436845fffff", "centroid_lat": 20.969097369678199, "centroid_lon": 105.74441620456092, "legacy_district": "Hà Đông" }, "geometry": { "type": "Polygon", "coordinates": [ [ [ 105.746363913256317, 20.968491730367894 ], [ 105.745900879050893, 20.9703472284986 ], [ 105.743953152453344, 20.970952865730172 ], [ 105.742468467078609, 20.969702990907333 ], [ 105.742931530202824, 20.967847477214363 ], [ 105.744879249783622, 20.967241853906089 ], [ 105.746363913256317, 20.968491730367894 ] ] ] } },
{ "type": "Feature", "properties": { "h3_id": "89414368483ffff", "h3_resolution": 9, "h3_parent_res8": "8841436849fffff", "centroid_lat": 20.953569354190858, "centroid_lon": 105.73930826678244, "legacy_district": "Hà Đông" }, "geometry": { "type": "Polygon", "coordinates": [ [ [ 105.741255940385074, 20.952963784516431 ], [ 105.740792885521927, 20.95481946934299 ], [ 105.738845194020712, 20.955425036948252 ], [ 105.737360564406302, 20.95417490579834 ], [ 105.737823648181703, 20.952319205418192 ], [ 105.739771332659913, 20.951713651741137 ], [ 105.741255940385074, 20.952963784516431 ] ] ] } },
{ "type": "Feature", "properties": { "h3_id": "89414368487ffff", "h3_resolution": 9, "h3_parent_res8": "8841436849fffff", "centroid_lat": 20.952924741028415, "centroid_lon": 105.73587593493323, "legacy_district": "Hà Đông" }, "geometry": { "type": "Polygon", "coordinates": [ [ [ 105.737823648181703, 20.952319205418192 ], [ 105.737360564406302, 20.95417490579834 ], [ 105.735412833260497, 20.95478043933624 ], [ 105.733928192918398, 20.953530258569163 ], [ 105.734391305603523, 20.951674542641033 ], [ 105.736339029721691, 20.951069023027561 ], [ 105.737823648181703, 20.952319205418192 ] ] ] } },
{ "type": "Feature", "properties": { "h3_id": "8941436848bffff", "h3_resolution": 9, "h3_parent_res8": "8841436849fffff", "centroid_lat": 20.956675134475606, "centroid_lon": 105.74032982377447, "legacy_district": "Hà Đông" }, "geometry": { "type": "Polygon", "coordinates": [ [ [ 105.742277504398146, 20.956069550872044 ], [ 105.741814453665611, 20.957925198377847 ], [ 105.739866755142643, 20.95853077991034 ], [ 105.738382114374602, 20.957280700009381 ], [ 105.738845194020712, 20.955425036948252 ], [ 105.740792885521927, 20.95481946934299 ], [ 105.742277504398146, 20.956069550872044 ] ] ] } },
{ "type": "Feature", "properties": { "h3_id": "8941436848fffff", "h3_resolution": 9, "h3_parent_res8": "8841436849fffff", "centroid_lat": 20.956030586483834, "centroid_lon": 105.73689747374657, "legacy_district": "Hà Đông" }, "geometry": { "type": "Polygon", "coordinates": [ [ [ 105.738845194020712, 20.955425036948252 ], [ 105.738382114374602, 20.957280700009381 ], [ 105.736434376202396, 20.957886247470732 ], [ 105.734949724703341, 20.956636117947099 ], [ 105.735412833260497, 20.95478043933624 ], [ 105.737360564406302, 20.95417490579834 ], [ 105.738845194020712, 20.955425036948252 ] ] ] } },
{ "type": "Feature", "properties": { "h3_id": "89414368493ffff", "h3_resolution": 9, "h3_parent_res8": "8841436849fffff", "centroid_lat": 20.951108079999877, "centroid_lon": 105.741718988364, "legacy_district": "Hà Đông" }, "geometry": { "type": "Polygon", "coordinates": [ [ [ 105.74366661529011, 20.950502490197053 ], [ 105.743203585210296, 20.952358196777695 ], [ 105.741255940385074, 20.952963784516431 ], [ 105.739771332659913, 20.951713651741137 ], [ 105.740234391653189, 20.949857929603041 ], [ 105.742182029458803, 20.94925235579727 ], [ 105.74366661529011, 20.950502490197053 ] ] ] } },
{ "type": "Feature", "properties": { "h3_id": "89414368497ffff", "h3_resolution": 9, "h3_parent_res8": "8841436849fffff", "centroid_lat": 20.950463485347345, "centroid_lon": 105.73828672507287, "legacy_district": "Hà Đông" }, "geometry": { "type": "Polygon", "coordinates": [ [ [ 105.740234391653189, 20.949857929603041 ], [ 105.739771332659913, 20.951713651741137 ], [ 105.737823648181703, 20.952319205418192 ], [ 105.736339029721691, 20.951069023027561 ], [ 105.736802117625928, 20.94921328533761 ], [ 105.738749795079869, 20.94860774558974 ], [ 105.740234391653189, 20.949857929603041 ] ] ] } },
{ "type": "Feature", "properties": { "h3_id": "8941436849bffff", "h3_resolution": 9, "h3_parent_res8": "8841436849fffff", "centroid_lat": 20.954213883670686, "centroid_lon": 105.74274054824635, "legacy_district": "Hà Đông" }, "geometry": { "type": "Polygon", "coordinates": [ [ [ 105.744688182190103, 20.953608279933967 ], [ 105.74422515624174, 20.955463949201338 ], [ 105.742277504398146, 20.956069550872044 ], [ 105.740792885521927, 20.95481946934299 ], [ 105.741255940385074, 20.952963784516431 ], [ 105.743203585210296, 20.952358196777695 ], [ 105.744688182190103, 20.953608279933967 ] ] ] } },
{ "type": "Feature", "properties": { "h3_id": "894143684a3ffff", "h3_resolution": 9, "h3_parent_res8": "884143684bfffff", "centroid_lat": 20.95474123943168, "centroid_lon": 105.73003262260498, "legacy_district": "Hà Đông" }, "geometry": { "type": "Polygon", "coordinates": [ [ [ 105.731980422141021, 20.954135758037797 ], [ 105.731517284675348, 20.955991452192766 ], [ 105.729569467243735, 20.956596931506109 ], [ 105.728084794314142, 20.95534670274818 ], [ 105.728547960685816, 20.953490993054693 ], [ 105.730495771081721, 20.952885527657241 ], [ 105.731980422141021, 20.954135758037797 ] ] ] } },
{ "type": "Feature", "properties": { "h3_id": "894143684a7ffff", "h3_resolution": 9, "h3_parent_res8": "884143684bfffff", "centroid_lat": 20.954096440374862, "centroid_lon": 105.72660012153837, "legacy_district": "Hà Đông" }, "geometry": { "type": "Polygon", "coordinates": [ [ [ 105.728547960685816, 20.953490993054693 ], [ 105.728084794314142, 20.95534670274818 ], [ 105.726136937272386, 20.955952147984664 ], [ 105.724652253643256, 20.954701869615128 ], [ 105.725115448918402, 20.952846144388722 ], [ 105.72706329891983, 20.952240713064356 ], [ 105.728547960685816, 20.953490993054693 ] ] ] } },
{ "type": "Feature", "properties": { "h3_id": "894143684abffff", "h3_resolution": 9, "h3_parent_res8": "884143684bfffff", "centroid_lat": 20.957847126646108, "centroid_lon": 105.73105414032516, "legacy_district": "Hà Đông" }, "geometry": { "type": "Polygon", "coordinates": [ [ [ 105.733001946894916, 20.9572416313354 ], [ 105.732538813556403, 20.959097288165605 ], [ 105.730590989090345, 20.959702781393876 ], [ 105.729106304997913, 20.958452603876587 ], [ 105.729569467243735, 20.956596931506109 ], [ 105.731517284675348, 20.955991452192766 ], [ 105.733001946894916, 20.9572416313354 ] ] ] } },
{ "type": "Feature", "properties": { "h3_id": "894143684afffff", "h3_resolution": 9, "h3_parent_res8": "884143684bfffff", "centroid_lat": 20.95720239273933, "centroid_lon": 105.72762162105792, "legacy_district": "Hà Đông" }, "geometry": { "type": "Polygon", "coordinates": [ [ [ 105.729569467243735, 20.956596931506109 ], [ 105.729106304997913, 20.958452603876587 ], [ 105.727158440917052, 20.959058063024191 ], [ 105.725673746121771, 20.957807835889792 ], [ 105.726136937272386, 20.955952147984664 ], [ 105.728084794314142, 20.95534670274818 ], [ 105.729569467243735, 20.956596931506109 ] ] ] } },
{ "type": "Feature", "properties": { "h3_id": "894143684b3ffff", "h3_resolution": 9, "h3_parent_res8": "884143684bfffff", "centroid_lat": 20.952280044185148, "centroid_lon": 105.73244355272226, "legacy_district": "Hà Đông" }, "geometry": { "type": "Polygon", "coordinates": [ [ [ 105.734391305603523, 20.951674542641033 ], [ 105.733928192918398, 20.953530258569163 ], [ 105.731980422141021, 20.954135758037797 ], [ 105.730495771081721, 20.952885527657241 ], [ 105.730958912674069, 20.951029796186727 ], [ 105.732906676419148, 20.950424310638745 ], [ 105.734391305603523, 20.951674542641033 ] ] ] } },
{ "type": "Feature", "properties": { "h3_id": "894143684b7ffff", "h3_resolution": 9, "h3_parent_res8": "884143684bfffff", "centroid_lat": 20.951635263662812, "centroid_lon": 105.729011120173, "legacy_district": "Hà Đông" }, "geometry": { "type": "Polygon", "coordinates": [ [ [ 105.730958912674069, 20.951029796186727 ], [ 105.730495771081721, 20.952885527657241 ], [ 105.728547960685816, 20.953490993054693 ], [ 105.72706329891983, 20.952240713064356 ], [ 105.727526469416858, 20.950384966057065 ], [ 105.729474272775846, 20.94977951457648 ], [ 105.730958912674069, 20.951029796186727 ] ] ] } },
{ "type": "Feature", "properties": { "h3_id": "894143684bbffff", "h3_resolution": 9, "h3_parent_res8": "884143684bfffff", "centroid_lat": 20.955385954801926, "centroid_lon": 105.73346507334888, "legacy_district": "Hà Đông" }, "geometry": { "type": "Polygon", "coordinates": [ [ [ 105.735412833260497, 20.95478043933624 ], [ 105.734949724703341, 20.956636117947099 ], [ 105.733001946894916, 20.9572416313354 ], [ 105.731517284675348, 20.955991452192766 ], [ 105.731980422141021, 20.954135758037797 ], [ 105.733928192918398, 20.953530258569163 ], [ 105.735412833260497, 20.95478043933624 ] ] ] } },
{ "type": "Feature", "properties": { "h3_id": "894143684c3ffff", "h3_resolution": 9, "h3_parent_res8": "884143684dfffff", "centroid_lat": 20.960425225296817, "centroid_lon": 105.744783713852, "legacy_district": "Hà Đông" }, "geometry": { "type": "Polygon", "coordinates": [ [ [ 105.746731361827301, 20.959819593695251 ], [ 105.74626834414326, 20.961675188308433 ], [ 105.744320678266675, 20.962280817840163 ], [ 105.742836037090669, 20.961030838828279 ], [ 105.743299083692122, 20.959175228652434 ], [ 105.745246742552823, 20.958569613050727 ], [ 105.746731361827301, 20.959819593695251 ] ] ] } },
{ "type": "Feature", "properties": { "h3_id": "894143684c7ffff", "h3_resolution": 9, "h3_parent_res8": "884143684dfffff", "centroid_lat": 20.959780826184154, "centroid_lon": 105.74135139604864, "legacy_district": "Hà Đông" }, "geometry": { "type": "Polygon", "coordinates": [ [ [ 105.743299083692122, 20.959175228652434 ], [ 105.742836037090669, 20.961030838828279 ], [ 105.740888331547168, 20.961636434287012 ], [ 105.739403679626292, 20.960386405643234 ], [ 105.739866755142643, 20.95853077991034 ], [ 105.741814453665611, 20.957925198377847 ], [ 105.743299083692122, 20.959175228652434 ] ] ] } },
{ "type": "Feature", "properties": { "h3_id": "894143684cbffff", "h3_resolution": 9, "h3_parent_res8": "884143684dfffff", "centroid_lat": 20.963530763217264, "centroid_lon": 105.74580531957469, "legacy_district": "Hà Đông" }, "geometry": { "type": "Polygon", "coordinates": [ [ [ 105.747752974563909, 20.962925117684748 ], [ 105.747289961012712, 20.964780674957023 ], [ 105.745342288121506, 20.965386318417792 ], [ 105.743857635796772, 20.964136390676842 ], [ 105.744320678266675, 20.962280817840163 ], [ 105.74626834414326, 20.961675188308433 ], [ 105.747752974563909, 20.962925117684748 ] ] ] } },
{ "type": "Feature", "properties": { "h3_id": "894143684cfffff", "h3_resolution": 9, "h3_parent_res8": "884143684dfffff", "centroid_lat": 20.962886429299058, "centroid_lon": 105.74237298360465, "legacy_district": "Hà Đông" }, "geometry": { "type": "Polygon", "coordinates": [ [ [ 105.744320678266675, 20.962280817840163 ], [ 105.743857635796772, 20.964136390676842 ], [ 105.741909923234005, 20.964742000060824 ], [ 105.740425260161061, 20.963492022682473 ], [ 105.740888331547168, 20.961636434287012 ], [ 105.742836037090669, 20.961030838828279 ], [ 105.744320678266675, 20.962280817840163 ] ] ] } },
{ "type": "Feature", "properties": { "h3_id": "894143684d3ffff", "h3_resolution": 9, "h3_parent_res8": "884143684dfffff", "centroid_lat": 20.957963979381656, "centroid_lon": 105.74719437262692, "legacy_district": "Hà Đông" }, "geometry": { "type": "Polygon", "coordinates": [ [ [ 105.749141973910568, 20.957358327647871 ], [ 105.748678981012731, 20.959213944026228 ], [ 105.746731361827301, 20.959819593695251 ], [ 105.745246742552823, 20.958569613050727 ], [ 105.745709764369266, 20.956713981105846 ], [ 105.747657376542222, 20.956108345371597 ], [ 105.749141973910568, 20.957358327647871 ] ] ] } },
{ "type": "Feature", "properties": { "h3_id": "894143684d7ffff", "h3_resolution": 9, "h3_parent_res8": "884143684dfffff", "centroid_lat": 20.95731959877547, "centroid_lon": 105.74376212340911, "legacy_district": "Hà Đông" }, "geometry": { "type": "Polygon", "coordinates": [ [ [ 105.745709764369266, 20.956713981105846 ], [ 105.745246742552823, 20.958569613050727 ], [ 105.743299083692122, 20.959175228652434 ], [ 105.741814453665611, 20.957925198377847 ], [ 105.742277504398146, 20.956069550872044 ], [ 105.74422515624174, 20.955463949201338 ], [ 105.745709764369266, 20.956713981105846 ] ] ] } },
{ "type": "Feature", "properties": { "h3_id": "894143684dbffff", "h3_resolution": 9, "h3_parent_res8": "884143684dfffff", "centroid_lat": 20.961069540706507, "centroid_lon": 105.74821598123054, "legacy_district": "Hà Đông" }, "geometry": { "type": "Polygon", "coordinates": [ [ [ 105.750163589524703, 20.960463875037007 ], [ 105.749700600760562, 20.962319454081936 ], [ 105.747752974563909, 20.962925117684748 ], [ 105.74626834414326, 20.961675188308433 ], [ 105.746731361827301, 20.959819593695251 ], [ 105.748678981012731, 20.959213944026228 ], [ 105.750163589524703, 20.960463875037007 ] ] ] } },
{ "type": "Feature", "properties": { "h3_id": "89414368593ffff", "h3_resolution": 9, "h3_parent_res8": "8841436859fffff", "centroid_lat": 20.946594160354838, "centroid_lon": 105.71769208822548, "legacy_district": "Hà Đông" }, "geometry": { "type": "Polygon", "coordinates": [ [ [ 105.719639992457587, 20.945988809001708 ], [ 105.71917676003649, 20.947844624366855 ], [ 105.717228837914007, 20.948449973633799 ], [ 105.715744155265369, 20.947199493628673 ], [ 105.716207416582236, 20.945343662745298 ], [ 105.718155331652625, 20.944738327384851 ], [ 105.719639992457587, 20.945988809001708 ] ] ] } },
{ "type": "Feature", "properties": { "h3_id": "89414368603ffff", "h3_resolution": 9, "h3_parent_res8": "8841436861fffff", "centroid_lat": 20.983335162984044, "centroid_lon": 105.74265944683003, "legacy_district": "Hà Đông" }, "geometry": { "type": "Polygon", "coordinates": [ [ [ 105.74460726995855, 20.982729522268222 ], [ 105.744144198574432, 20.984584864609221 ], [ 105.742196357542653, 20.985190503230449 ], [ 105.740711594915467, 20.983940785599419 ], [ 105.741174695219897, 20.982085427698689 ], [ 105.743122529231854, 20.981479802988307 ], [ 105.74460726995855, 20.982729522268222 ] ] ] } },
{ "type": "Feature", "properties": { "h3_id": "8941436860bffff", "h3_resolution": 9, "h3_parent_res8": "8841436861fffff", "centroid_lat": 20.986440187199271, "centroid_lon": 105.74368112030471, "legacy_district": "Hà Đông" }, "geometry": { "type": "Polygon", "coordinates": [ [ [ 105.745628950451092, 20.985834532571669 ], [ 105.745165883199661, 20.987689837503346 ], [ 105.743218035149297, 20.988295490034442 ], [ 105.741733261369589, 20.98704582372358 ], [ 105.742196357542653, 20.985190503230449 ], [ 105.744144198574432, 20.984584864609221 ], [ 105.745628950451092, 20.985834532571669 ] ] ] } },
{ "type": "Feature", "properties": { "h3_id": "8941436860fffff", "h3_resolution": 9, "h3_parent_res8": "8841436861fffff", "centroid_lat": 20.985796123748489, "centroid_lon": 105.7402484877254, "legacy_district": "Hà Đông" }, "geometry": { "type": "Polygon", "coordinates": [ [ [ 105.742196357542653, 20.985190503230449 ], [ 105.741733261369589, 20.98704582372358 ], [ 105.73978537364961, 20.987651442141974 ], [ 105.738300589126538, 20.986401726160711 ], [ 105.738763714218706, 20.984546390111706 ], [ 105.740711594915467, 20.983940785599419 ], [ 105.742196357542653, 20.985190503230449 ] ] ] } },
{ "type": "Feature", "properties": { "h3_id": "89414368613ffff", "h3_resolution": 9, "h3_parent_res8": "8841436861fffff", "centroid_lat": 20.98087416018021, "centroid_lon": 105.74507033445715, "legacy_district": "Hà Đông" }, "geometry": { "type": "Polygon", "coordinates": [ [ [ 105.747018110891943, 20.980268499277056 ], [ 105.746555064297141, 20.982123863454579 ], [ 105.74460726995855, 20.982729522268222 ], [ 105.743122529231854, 20.981479802988307 ], [ 105.743585604748191, 20.979624423247174 ], [ 105.745533392070342, 20.979018778349143 ], [ 105.747018110891943, 20.980268499277056 ] ] ] } },
{ "type": "Feature", "properties": { "h3_id": "89414368617ffff", "h3_resolution": 9, "h3_parent_res8": "8841436861fffff", "centroid_lat": 20.980230050050242, "centroid_lon": 105.7416377886388, "legacy_district": "Hà Đông" }, "geometry": { "type": "Polygon", "coordinates": [ [ [ 105.743585604748191, 20.979624423247174 ], [ 105.743122529231854, 20.981479802988307 ], [ 105.741174695219897, 20.982085427698689 ], [ 105.739689943746015, 20.980835658755698 ], [ 105.740153048181355, 20.978980263456567 ], [ 105.742100875172227, 20.978374652658012 ], [ 105.743585604748191, 20.979624423247174 ] ] ] } },
{ "type": "Feature", "properties": { "h3_id": "8941436861bffff", "h3_resolution": 9, "h3_parent_res8": "8841436861fffff", "centroid_lat": 20.983979207887437, "centroid_lon": 105.74609201081689, "legacy_district": "Hà Đông" }, "geometry": { "type": "Polygon", "coordinates": [ [ [ 105.748039794266148, 20.983373533067748 ], [ 105.747576751804871, 20.98522885984341 ], [ 105.745628950451092, 20.985834532571669 ], [ 105.744144198574432, 20.984584864609221 ], [ 105.74460726995855, 20.982729522268222 ], [ 105.746555064297141, 20.982123863454579 ], [ 105.748039794266148, 20.983373533067748 ] ] ] } },
{ "type": "Feature", "properties": { "h3_id": "89414368643ffff", "h3_resolution": 9, "h3_parent_res8": "8841436865fffff", "centroid_lat": 20.990189037107044, "centroid_lon": 105.74813540938024, "legacy_district": "Hà Đông" }, "geometry": { "type": "Polygon", "coordinates": [ [ [ 105.750083206854697, 20.98958333445723 ], [ 105.749620172661892, 20.991438586401586 ], [ 105.747672357281473, 20.992044286956137 ], [ 105.746187583107215, 20.990794721653256 ], [ 105.746650646225504, 20.988939454140112 ], [ 105.748598454593221, 20.988333767498215 ], [ 105.750083206854697, 20.98958333445723 ] ] ] } },
{ "type": "Feature", "properties": { "h3_id": "89414368647ffff", "h3_resolution": 9, "h3_parent_res8": "8841436865fffff", "centroid_lat": 20.989545122678511, "centroid_lon": 105.74470280906249, "legacy_district": "Hà Đông" }, "geometry": { "type": "Polygon", "coordinates": [ [ [ 105.746650646225504, 20.988939454140112 ], [ 105.746187583107215, 20.990794721653256 ], [ 105.744239728039517, 20.991400388093247 ], [ 105.742754943108068, 20.990150773110777 ], [ 105.743218035149297, 20.988295490034442 ], [ 105.745165883199661, 20.987689837503346 ], [ 105.746650646225504, 20.988939454140112 ] ] ] } },
{ "type": "Feature", "properties": { "h3_id": "8941436864fffff", "h3_resolution": 9, "h3_parent_res8": "8841436865fffff", "centroid_lat": 20.992649969404347, "centroid_lon": 105.74572451310308, "legacy_district": "Hà Đông" }, "geometry": { "type": "Polygon", "coordinates": [ [ [ 105.747672357281473, 20.992044286956137 ], [ 105.747209298296823, 20.993899517041569 ], [ 105.745261436213028, 20.994505197389454 ], [ 105.743776640130619, 20.993255633743594 ], [ 105.744239728039517, 20.991400388093247 ], [ 105.746187583107215, 20.990794721653256 ], [ 105.747672357281473, 20.992044286956137 ] ] ] } },
{ "type": "Feature", "properties": { "h3_id": "89414368653ffff", "h3_resolution": 9, "h3_parent_res8": "8841436865fffff", "centroid_lat": 20.987728062755469, "centroid_lon": 105.75054623416179, "legacy_district": "Hà Đông" }, "geometry": { "type": "Polygon", "coordinates": [ [ [ 105.752493984927355, 20.987122339914503 ], [ 105.75203097552675, 20.988977613706449 ], [ 105.750083206854697, 20.98958333445723 ], [ 105.748598454593221, 20.988333767498215 ], [ 105.74906149292049, 20.986478478133606 ], [ 105.751009254583238, 20.985872771300251 ], [ 105.752493984927355, 20.987122339914503 ] ] ] } },
{ "type": "Feature", "properties": { "h3_id": "89414368657ffff", "h3_resolution": 9, "h3_parent_res8": "8841436865fffff", "centroid_lat": 20.987084166868851, "centroid_lon": 105.74711370245801, "legacy_district": "Hà Đông" }, "geometry": { "type": "Polygon", "coordinates": [ [ [ 105.74906149292049, 20.986478478133606 ], [ 105.748598454593221, 20.988333767498215 ], [ 105.746650646225504, 20.988939454140112 ], [ 105.745165883199661, 20.987689837503346 ], [ 105.745628950451092, 20.985834532571669 ], [ 105.747576751804871, 20.98522885984341 ], [ 105.74906149292049, 20.986478478133606 ] ] ] } },
{ "type": "Feature", "properties": { "h3_id": "89414368663ffff", "h3_resolution": 9, "h3_parent_res8": "8841436867fffff", "centroid_lat": 20.991362019646363, "centroid_lon": 105.73885912484043, "legacy_district": "Hà Đông" }, "geometry": { "type": "Polygon", "coordinates": [ [ [ 105.740807048366094, 20.990756405434283 ], [ 105.740343931535477, 20.992611666643956 ], [ 105.738395990106895, 20.993217278749409 ], [ 105.736911172534946, 20.9919676157444 ], [ 105.737374318284765, 20.990112338980992 ], [ 105.73932225268797, 20.989506740775902 ], [ 105.740807048366094, 20.990756405434283 ] ] ] } },
{ "type": "Feature", "properties": { "h3_id": "89414368667ffff", "h3_resolution": 9, "h3_parent_res8": "8841436867fffff", "centroid_lat": 20.990717919072143, "centroid_lon": 105.73542635510501, "legacy_district": "Hà Đông" }, "geometry": { "type": "Polygon", "coordinates": [ [ [ 105.737374318284765, 20.990112338980992 ], [ 105.736911172534946, 20.9919676157444 ], [ 105.734963191453502, 20.992573193725757 ], [ 105.733478363152557, 20.991323481046713 ], [ 105.733941537819035, 20.989468188735167 ], [ 105.735889511870454, 20.988862624650402 ], [ 105.737374318284765, 20.990112338980992 ] ] ] } },
{ "type": "Feature", "properties": { "h3_id": "8941436866bffff", "h3_resolution": 9, "h3_parent_res8": "8841436867fffff", "centroid_lat": 20.994466908084604, "centroid_lon": 105.73988080781882, "legacy_district": "Hà Đông" }, "geometry": { "type": "Polygon", "coordinates": [ [ [ 105.741828738367914, 20.993861279971224 ], [ 105.741365625668777, 20.995716503747452 ], [ 105.739417677216025, 20.996322129752276 ], [ 105.737932848487233, 20.995072518081088 ], [ 105.738395990106895, 20.993217278749409 ], [ 105.740343931535477, 20.992611666643956 ], [ 105.741828738367914, 20.993861279971224 ] ] ] } },
{ "type": "Feature", "properties": { "h3_id": "8941436866fffff", "h3_resolution": 9, "h3_parent_res8": "8841436867fffff", "centroid_lat": 20.993822872738065, "centroid_lon": 105.73644801989907, "legacy_district": "Hà Đông" }, "geometry": { "type": "Polygon", "coordinates": [ [ [ 105.738395990106895, 20.993217278749409 ], [ 105.737932848487233, 20.995072518081088 ], [ 105.735984860377016, 20.995678109958053 ], [ 105.734500020915874, 20.994428448607319 ], [ 105.734963191453502, 20.992573193725757 ], [ 105.736911172534946, 20.9919676157444 ], [ 105.738395990106895, 20.993217278749409 ] ] ] } },
{ "type": "Feature", "properties": { "h3_id": "89414368673ffff", "h3_resolution": 9, "h3_parent_res8": "8841436867fffff", "centroid_lat": 20.98890112445951, "centroid_lon": 105.74127015831077, "legacy_district": "Hà Đông" }, "geometry": { "type": "Polygon", "coordinates": [ [ [ 105.743218035149297, 20.988295490034442 ], [ 105.742754943108068, 20.990150773110777 ], [ 105.740807048366094, 20.990756405434283 ], [ 105.73932225268797, 20.989506740775902 ], [ 105.73978537364961, 20.987651442141974 ], [ 105.741733261369589, 20.98704582372358 ], [ 105.743218035149297, 20.988295490034442 ] ] ] } },
{ "type": "Feature", "properties": { "h3_id": "89414368677ffff", "h3_resolution": 9, "h3_parent_res8": "8841436867fffff", "centroid_lat": 20.988257042451785, "centroid_lon": 105.7378374571486, "legacy_district": "Hà Đông" }, "geometry": { "type": "Polygon", "coordinates": [ [ [ 105.73978537364961, 20.987651442141974 ], [ 105.73932225268797, 20.989506740775902 ], [ 105.737374318284765, 20.990112338980992 ], [ 105.735889511870454, 20.988862624650402 ], [ 105.736352661749962, 20.98700731046446 ], [ 105.738300589126538, 20.986401726160711 ], [ 105.73978537364961, 20.987651442141974 ] ] ] } },
{ "type": "Feature", "properties": { "h3_id": "8941436867bffff", "h3_resolution": 9, "h3_parent_res8": "8841436867fffff", "centroid_lat": 20.992006036424357, "centroid_lon": 105.74229184418097, "legacy_district": "Hà Đông" }, "geometry": { "type": "Polygon", "coordinates": [ [ [ 105.744239728039517, 20.991400388093247 ], [ 105.743776640130619, 20.993255633743594 ], [ 105.741828738367914, 20.993861279971224 ], [ 105.740343931535477, 20.992611666643956 ], [ 105.740807048366094, 20.990756405434283 ], [ 105.742754943108068, 20.990150773110777 ], [ 105.744239728039517, 20.991400388093247 ] ] ] } },
{ "type": "Feature", "properties": { "h3_id": "89414368683ffff", "h3_resolution": 9, "h3_parent_res8": "8841436869fffff", "centroid_lat": 20.975307955473571, "centroid_lon": 105.74645948664084, "legacy_district": "Hà Đông" }, "geometry": { "type": "Polygon", "coordinates": [ [ [ 105.748407209364601, 20.97470228831579 ], [ 105.747944183425574, 20.976557711703716 ], [ 105.745996442798216, 20.97716337677895 ], [ 105.744511735124789, 20.975913604544509 ], [ 105.744974789985235, 20.974058165590858 ], [ 105.746922523598329, 20.97345251443695 ], [ 105.748407209364601, 20.97470228831579 ] ] ] } },
{ "type": "Feature", "properties": { "h3_id": "89414368687ffff", "h3_resolution": 9, "h3_parent_res8": "8841436869fffff", "centroid_lat": 20.974663798658003, "centroid_lon": 105.74302702758312, "legacy_district": "Hà Đông" }, "geometry": { "type": "Polygon", "coordinates": [ [ [ 105.744974789985235, 20.974058165590858 ], [ 105.744511735124789, 20.975913604544509 ], [ 105.742563954820312, 20.976519235525956 ], [ 105.741079236395862, 20.975269413635772 ], [ 105.741542320175228, 20.973413959121974 ], [ 105.743490093460778, 20.972808342058094 ], [ 105.744974789985235, 20.974058165590858 ] ] ] } },
{ "type": "Feature", "properties": { "h3_id": "8941436868bffff", "h3_resolution": 9, "h3_parent_res8": "8841436869fffff", "centroid_lat": 20.978413115358784, "centroid_lon": 105.7474811506014, "legacy_district": "Hà Đông" }, "geometry": { "type": "Polygon", "coordinates": [ [ [ 105.74942888033749, 20.977807434278734 ], [ 105.748965858532358, 20.979662820281462 ], [ 105.747018110891943, 20.980268499277056 ], [ 105.745533392070342, 20.979018778349143 ], [ 105.745996442798216, 20.97716337677895 ], [ 105.747944183425574, 20.976557711703716 ], [ 105.74942888033749, 20.977807434278734 ] ] ] } },
{ "type": "Feature", "properties": { "h3_id": "8941436868fffff", "h3_resolution": 9, "h3_parent_res8": "8841436869fffff", "centroid_lat": 20.977769023764594, "centroid_lon": 105.74404867337914, "legacy_district": "Hà Đông" }, "geometry": { "type": "Polygon", "coordinates": [ [ [ 105.745996442798216, 20.97716337677895 ], [ 105.745533392070342, 20.979018778349143 ], [ 105.743585604748191, 20.979624423247174 ], [ 105.742100875172227, 20.978374652658012 ], [ 105.742563954820312, 20.976519235525956 ], [ 105.744511735124789, 20.975913604544509 ], [ 105.745996442798216, 20.97716337677895 ] ] ] } },
{ "type": "Feature", "properties": { "h3_id": "89414368693ffff", "h3_resolution": 9, "h3_parent_res8": "8841436869fffff", "centroid_lat": 20.972846845198948, "centroid_lon": 105.74887022841854, "legacy_district": "Hà Đông" }, "geometry": { "type": "Polygon", "coordinates": [ [ [ 105.750817904442016, 20.972241157879473 ], [ 105.750354903292219, 20.9740966030738 ], [ 105.748407209364601, 20.97470228831579 ], [ 105.746922523598329, 20.97345251443695 ], [ 105.747385553670782, 20.971597053673037 ], [ 105.749333240587504, 20.970991382357138 ], [ 105.750817904442016, 20.972241157879473 ] ] ] } },
{ "type": "Feature", "properties": { "h3_id": "89414368697ffff", "h3_resolution": 9, "h3_parent_res8": "8841436869fffff", "centroid_lat": 20.97220270690757, "centroid_lon": 105.74543783796058, "legacy_district": "Hà Đông" }, "geometry": { "type": "Polygon", "coordinates": [ [ [ 105.747385553670782, 20.971597053673037 ], [ 105.746922523598329, 20.97345251443695 ], [ 105.744974789985235, 20.974058165590858 ], [ 105.743490093460778, 20.972808342058094 ], [ 105.743953152453344, 20.970952865730172 ], [ 105.745900879050893, 20.9703472284986 ], [ 105.747385553670782, 20.971597053673037 ] ] ] } },
{ "type": "Feature", "properties": { "h3_id": "8941436869bffff", "h3_resolution": 9, "h3_parent_res8": "8841436869fffff", "centroid_lat": 20.975952028541531, "centroid_lon": 105.74989189525741, "legacy_district": "Hà Đông" }, "geometry": { "type": "Polygon", "coordinates": [ [ [ 105.751839578289804, 20.975346327295028 ], [ 105.751376581274741, 20.977201735111631 ], [ 105.74942888033749, 20.977807434278734 ], [ 105.747944183425574, 20.976557711703716 ], [ 105.748407209364601, 20.97470228831579 ], [ 105.750354903292219, 20.9740966030738 ], [ 105.751839578289804, 20.975346327295028 ] ] ] } },
{ "type": "Feature", "properties": { "h3_id": "894143686c3ffff", "h3_resolution": 9, "h3_parent_res8": "884143686dfffff", "centroid_lat": 20.982162129145177, "centroid_lon": 105.75193527476962, "legacy_district": "Hà Đông" }, "geometry": { "type": "Polygon", "coordinates": [ [ [ 105.75388297181614, 20.98155640004758 ], [ 105.753419983071964, 20.983411733081123 ], [ 105.751472268119173, 20.984017460095515 ], [ 105.749987548918355, 20.982767840152782 ], [ 105.750450566589095, 20.980912491544437 ], [ 105.752398274534741, 20.980306778453212 ], [ 105.75388297181614, 20.98155640004758 ] ] ] } },
{ "type": "Feature", "properties": { "h3_id": "894143686c7ffff", "h3_resolution": 9, "h3_parent_res8": "884143686dfffff", "centroid_lat": 20.981518186545781, "centroid_lon": 105.74850282984195, "legacy_district": "Hà Đông" }, "geometry": { "type": "Polygon", "coordinates": [ [ [ 105.750450566589095, 20.980912491544437 ], [ 105.749987548918355, 20.982767840152782 ], [ 105.748039794266148, 20.983373533067748 ], [ 105.746555064297141, 20.982123863454579 ], [ 105.747018110891943, 20.980268499277056 ], [ 105.748965858532358, 20.979662820281462 ], [ 105.750450566589095, 20.980912491544437 ] ] ] } },
{ "type": "Feature", "properties": { "h3_id": "894143686cbffff", "h3_resolution": 9, "h3_parent_res8": "884143686dfffff", "centroid_lat": 20.985267046371408, "centroid_lon": 105.75295698744239, "legacy_district": "Hà Đông" }, "geometry": { "type": "Polygon", "coordinates": [ [ [ 105.75490469149409, 20.984661303349732 ], [ 105.754441706886055, 20.986516598977953 ], [ 105.752493984927355, 20.987122339914503 ], [ 105.751009254583238, 20.985872771300251 ], [ 105.751472268119173, 20.984017460095515 ], [ 105.753419983071964, 20.983411733081123 ], [ 105.75490469149409, 20.984661303349732 ] ] ] } },
{ "type": "Feature", "properties": { "h3_id": "894143686cfffff", "h3_resolution": 9, "h3_parent_res8": "884143686dfffff", "centroid_lat": 20.984623169017151, "centroid_lon": 105.74952452436219, "legacy_district": "Hà Đông" }, "geometry": { "type": "Polygon", "coordinates": [ [ [ 105.751472268119173, 20.984017460095515 ], [ 105.751009254583238, 20.985872771300251 ], [ 105.74906149292049, 20.986478478133606 ], [ 105.747576751804871, 20.98522885984341 ], [ 105.748039794266148, 20.983373533067748 ], [ 105.749987548918355, 20.982767840152782 ], [ 105.751472268119173, 20.984017460095515 ] ] ] } },
{ "type": "Feature", "properties": { "h3_id": "894143686d3ffff", "h3_resolution": 9, "h3_parent_res8": "884143686dfffff", "centroid_lat": 20.979701047274716, "centroid_lon": 105.75434595367503, "legacy_district": "Hà Đông" }, "geometry": { "type": "Polygon", "coordinates": [ [ [ 105.756293604006075, 20.9790952980116 ], [ 105.755830640054, 20.980950652862617 ], [ 105.75388297181614, 20.98155640004758 ], [ 105.752398274534741, 20.980306778453212 ], [ 105.752861267414616, 20.978451408023531 ], [ 105.754808928648714, 20.977845674766485 ], [ 105.756293604006075, 20.9790952980116 ] ] ] } },
{ "type": "Feature", "properties": { "h3_id": "894143686d7ffff", "h3_resolution": 9, "h3_parent_res8": "884143686dfffff", "centroid_lat": 20.979057123196082, "centroid_lon": 105.75091357737453, "legacy_district": "Hà Đông" }, "geometry": { "type": "Polygon", "coordinates": [ [ [ 105.752861267414616, 20.978451408023531 ], [ 105.752398274534741, 20.980306778453212 ], [ 105.750450566589095, 20.980912491544437 ], [ 105.748965858532358, 20.979662820281462 ], [ 105.74942888033749, 20.977807434278734 ], [ 105.751376581274741, 20.977201735111631 ], [ 105.752861267414616, 20.978451408023531 ] ] ] } },
{ "type": "Feature", "properties": { "h3_id": "894143686dbffff", "h3_resolution": 9, "h3_parent_res8": "884143686dfffff", "centroid_lat": 20.98280598797664, "centroid_lon": 105.7553676692167, "legacy_district": "Hà Đông" }, "geometry": { "type": "Polygon", "coordinates": [ [ [ 105.757315326549531, 20.982200224784695 ], [ 105.756852366734449, 20.984055542237858 ], [ 105.75490469149409, 20.984661303349732 ], [ 105.753419983071964, 20.983411733081123 ], [ 105.75388297181614, 20.98155640004758 ], [ 105.755830640054, 20.980950652862617 ], [ 105.757315326549531, 20.982200224784695 ] ] ] } },
{ "type": "Feature", "properties": { "h3_id": "89414369293ffff", "h3_resolution": 9, "h3_parent_res8": "8841436929fffff", "centroid_lat": 21.038037047758493, "centroid_lon": 105.77032844006358, "legacy_district": "Cầu Giấy" }, "geometry": { "type": "Polygon", "coordinates": [ [ [ 105.772276263012529, 21.037431068177945 ], [ 105.771813348790886, 21.039285726509856 ], [ 105.769865507922759, 21.039891703972778 ], [ 105.768380588261593, 21.03864300919793 ], [ 105.76884353143339, 21.036788335260166 ], [ 105.770791365316825, 21.036182371702687 ], [ 105.772276263012529, 21.037431068177945 ] ] ] } },
{ "type": "Feature", "properties": { "h3_id": "8941436929bffff", "h3_resolution": 9, "h3_parent_res8": "8841436929fffff", "centroid_lat": 21.041140364998672, "centroid_lon": 105.77135042768167, "legacy_district": "Cầu Giấy" }, "geometry": { "type": "Polygon", "coordinates": [ [ [ 105.773298257613334, 21.040534371511754 ], [ 105.772835347536315, 21.042388992273043 ], [ 105.770887499684733, 21.04299498364043 ], [ 105.769402568894279, 21.041746340341639 ], [ 105.769865507922759, 21.039891703972778 ], [ 105.771813348790886, 21.039285726509856 ], [ 105.773298257613334, 21.040534371511754 ] ] ] } },
{ "type": "Feature", "properties": { "h3_id": "894143692d3ffff", "h3_resolution": 9, "h3_parent_res8": "884143692dfffff", "centroid_lat": 21.044886145557154, "centroid_lon": 105.77580518752487, "legacy_district": "Cầu Giấy" }, "geometry": { "type": "Polygon", "coordinates": [ [ [ 105.777752984631448, 21.044280103995202 ], [ 105.777290107654792, 21.04613467156182 ], [ 105.775342292626348, 21.046740711005484 ], [ 105.773857361552771, 21.045492168974878 ], [ 105.774320267484725, 21.043637585793377 ], [ 105.776268075535597, 21.043031560256949 ], [ 105.777752984631448, 21.044280103995202 ] ] ] } },
{ "type": "Feature", "properties": { "h3_id": "894143692d7ffff", "h3_resolution": 9, "h3_parent_res8": "884143692dfffff", "centroid_lat": 21.04424359318568, "centroid_lon": 105.77237243057156, "legacy_district": "Cầu Giấy" }, "geometry": { "type": "Polygon", "coordinates": [ [ [ 105.774320267484725, 21.043637585793377 ], [ 105.773857361552771, 21.045492168974878 ], [ 105.771909506718984, 21.046098174245728 ], [ 105.77042456480001, 21.044849582431201 ], [ 105.770887499684733, 21.04299498364043 ], [ 105.772835347536315, 21.042388992273043 ], [ 105.774320267484725, 21.043637585793377 ] ] ] } },
{ "type": "Feature", "properties": { "h3_id": "894143692dbffff", "h3_resolution": 9, "h3_parent_res8": "884143692dfffff", "centroid_lat": 21.047989219274964, "centroid_lon": 105.77682722379032, "legacy_district": "Cầu Giấy" }, "geometry": { "type": "Polygon", "coordinates": [ [ [ 105.778775027872484, 21.047383163804845 ], [ 105.778312155042698, 21.049237693780796 ], [ 105.776364333037932, 21.049843747130701 ], [ 105.774879390839956, 21.048595256598009 ], [ 105.775342292626348, 21.046740711005484 ], [ 105.777290107654792, 21.04613467156182 ], [ 105.778775027872484, 21.047383163804845 ] ] ] } },
{ "type": "Feature", "properties": { "h3_id": "894143695b7ffff", "h3_resolution": 9, "h3_parent_res8": "884143695bfffff", "centroid_lat": 20.995110859625626, "centroid_lon": 105.74331354533571, "legacy_district": "Hà Đông" }, "geometry": { "type": "Polygon", "coordinates": [ [ [ 105.745261436213028, 20.994505197389454 ], [ 105.744798352436916, 20.996360405604616 ], [ 105.742850443654703, 20.996966065735396 ], [ 105.741365625668777, 20.995716503747452 ], [ 105.741828738367914, 20.993861279971224 ], [ 105.743776640130619, 20.993255633743594 ], [ 105.745261436213028, 20.994505197389454 ] ] ] } },
{ "type": "Feature", "properties": { "h3_id": "8941436960bffff", "h3_resolution": 9, "h3_parent_res8": "8841436961fffff", "centroid_lat": 21.034400898251089, "centroid_lon": 105.78201494482659, "legacy_district": "Cầu Giấy" }, "geometry": { "type": "Polygon", "coordinates": [ [ [ 105.783962594576224, 21.033794809879375 ], [ 105.783499787882121, 21.035649480859522 ], [ 105.781552120209753, 21.036255567130048 ], [ 105.780067266200732, 21.035006968497544 ], [ 105.780530101852449, 21.03315228189264 ], [ 105.782477762556226, 21.032546209544574 ], [ 105.783962594576224, 21.033794809879375 ] ] ] } },
{ "type": "Feature", "properties": { "h3_id": "8941436960fffff", "h3_resolution": 9, "h3_parent_res8": "8841436961fffff", "centroid_lat": 21.033758336115532, "centroid_lon": 105.77858241227574, "legacy_district": "Cầu Giấy" }, "geometry": { "type": "Polygon", "coordinates": [ [ [ 105.780530101852449, 21.03315228189264 ], [ 105.780067266200732, 21.035006968497544 ], [ 105.778119558702542, 21.035613020616097 ], [ 105.776634693829962, 21.034364372210625 ], [ 105.777097558436779, 21.03250966998656 ], [ 105.779045258961716, 21.031903631786697 ], [ 105.780530101852449, 21.03315228189264 ] ] ] } },
{ "type": "Feature", "properties": { "h3_id": "8941436961bffff", "h3_resolution": 9, "h3_parent_res8": "8841436961fffff", "centroid_lat": 21.031940119073997, "centroid_lon": 105.78442539438321, "legacy_district": "Cầu Giấy" }, "geometry": { "type": "Polygon", "coordinates": [ [ [ 105.786372997329551, 21.031334010483533 ], [ 105.785910215445838, 21.033188703385051 ], [ 105.783962594576224, 21.033794809879375 ], [ 105.782477762556226, 21.032546209544574 ], [ 105.782940573398761, 21.030691501014438 ], [ 105.784888187303139, 21.030085408447313 ], [ 105.786372997329551, 21.031334010483533 ] ] ] } },
{ "type": "Feature", "properties": { "h3_id": "8941436962bffff", "h3_resolution": 9, "h3_parent_res8": "8841436963fffff", "centroid_lat": 21.035576390006849, "centroid_lon": 105.77273917034665, "legacy_district": "Cầu Giấy" }, "geometry": { "type": "Polygon", "coordinates": [ [ [ 105.774686946518983, 21.034970390175278 ], [ 105.774224057104576, 21.036825070458939 ], [ 105.772276263012529, 21.037431068177945 ], [ 105.770791365316825, 21.036182371702687 ], [ 105.771254283682595, 21.034327675809319 ], [ 105.77320207079336, 21.033721692000505 ], [ 105.774686946518983, 21.034970390175278 ] ] ] } },
{ "type": "Feature", "properties": { "h3_id": "8941436963bffff", "h3_resolution": 9, "h3_parent_res8": "8841436963fffff", "centroid_lat": 21.033115690058704, "centroid_lon": 105.77514982904604, "legacy_district": "Cầu Giấy" }, "geometry": { "type": "Polygon", "coordinates": [ [ [ 105.777097558436779, 21.03250966998656 ], [ 105.776634693829962, 21.034364372210625 ], [ 105.774686946518983, 21.034970390175278 ], [ 105.77320207079336, 21.033721692000505 ], [ 105.773664964352733, 21.031866974162838 ], [ 105.775612704685827, 21.031260970113127 ], [ 105.777097558436779, 21.03250966998656 ] ] ] } },
{ "type": "Feature", "properties": { "h3_id": "89414369643ffff", "h3_resolution": 9, "h3_parent_res8": "8841436965fffff", "centroid_lat": 21.038146544816215, "centroid_lon": 105.78646947422949, "legacy_district": "Cầu Giấy" }, "geometry": { "type": "Polygon", "coordinates": [ [ [ 105.788417091101067, 21.037540408370472 ], [ 105.787954317517304, 21.039395026159397 ], [ 105.786006682721023, 21.040001160505181 ], [ 105.784521828471895, 21.038752663136403 ], [ 105.784984631017096, 21.036898029715406 ], [ 105.786932258850655, 21.03629190929486 ], [ 105.788417091101067, 21.037540408370472 ] ] ] } },
{ "type": "Feature", "properties": { "h3_id": "89414369647ffff", "h3_resolution": 9, "h3_parent_res8": "8841436965fffff", "centroid_lat": 21.037504132010515, "centroid_lon": 105.78303697430081, "legacy_district": "Cầu Giấy" }, "geometry": { "type": "Polygon", "coordinates": [ [ [ 105.784984631017096, 21.036898029715406 ], [ 105.784521828471895, 21.038752663136403 ], [ 105.782574153832172, 21.039358763328391 ], [ 105.78108928870563, 21.038110216177511 ], [ 105.781552120209753, 21.036255567130048 ], [ 105.783499787882121, 21.035649480859522 ], [ 105.784984631017096, 21.036898029715406 ] ] ] } },
{ "type": "Feature", "properties": { "h3_id": "8941436964bffff", "h3_resolution": 9, "h3_parent_res8": "8841436965fffff", "centroid_lat": 21.041249624114336, "centroid_lon": 105.78749153704622, "legacy_district": "Cầu Giấy" }, "geometry": { "type": "Polygon", "coordinates": [ [ [ 105.789439160878558, 21.040643473742438 ], [ 105.788976391445473, 21.042498053961317 ], [ 105.787028749687749, 21.043104202231348 ], [ 105.785543884325222, 21.041855756357847 ], [ 105.786006682721023, 21.040001160505181 ], [ 105.787954317517304, 21.039395026159397 ], [ 105.789439160878558, 21.040643473742438 ] ] ] } },
{ "type": "Feature", "properties": { "h3_id": "8941436964fffff", "h3_resolution": 9, "h3_parent_res8": "8841436965fffff", "centroid_lat": 21.040607276722678, "centroid_lon": 105.78405901903935, "legacy_district": "Cầu Giấy" }, "geometry": { "type": "Polygon", "coordinates": [ [ [ 105.786006682721023, 21.040001160505181 ], [ 105.785543884325222, 21.041855756357847 ], [ 105.78359620271938, 21.04246187047033 ], [ 105.782111326476112, 21.041213374809242 ], [ 105.782574153832172, 21.039358763328391 ], [ 105.784521828471895, 21.038752663136403 ], [ 105.786006682721023, 21.040001160505181 ] ] ] } },
{ "type": "Feature", "properties": { "h3_id": "89414369653ffff", "h3_resolution": 9, "h3_parent_res8": "8841436965fffff", "centroid_lat": 21.035685770751495, "centroid_lon": 105.78887985779761, "legacy_district": "Cầu Giấy" }, "geometry": { "type": "Polygon", "coordinates": [ [ [ 105.790827427854111, 21.035079614087962 ], [ 105.790364679082785, 21.036934253801824 ], [ 105.788417091101067, 21.037540408370472 ], [ 105.786932258850655, 21.03629190929486 ], [ 105.787395036584627, 21.034437253945057 ], [ 105.789342617607034, 21.033831113306391 ], [ 105.790827427854111, 21.035079614087962 ] ] ] } },
{ "type": "Feature", "properties": { "h3_id": "89414369657ffff", "h3_resolution": 9, "h3_parent_res8": "8841436965fffff", "centroid_lat": 21.035043376463648, "centroid_lon": 105.78544742667505, "legacy_district": "Cầu Giấy" }, "geometry": { "type": "Polygon", "coordinates": [ [ [ 105.787395036584627, 21.034437253945057 ], [ 105.786932258850655, 21.03629190929486 ], [ 105.784984631017096, 21.036898029715406 ], [ 105.783499787882121, 21.035649480859522 ], [ 105.783962594576224, 21.033794809879375 ], [ 105.785910215445838, 21.033188703385051 ], [ 105.787395036584627, 21.034437253945057 ] ] ] } },
{ "type": "Feature", "properties": { "h3_id": "8941436965bffff", "h3_resolution": 9, "h3_parent_res8": "8841436965fffff", "centroid_lat": 21.038788873687967, "centroid_lon": 105.7899019234243, "legacy_district": "Cầu Giấy" }, "geometry": { "type": "Polygon", "coordinates": [ [ [ 105.791849500438147, 21.038182703093529 ], [ 105.791386755818337, 21.040037305244798 ], [ 105.789439160878558, 21.040643473742438 ], [ 105.787954317517304, 21.039395026159397 ], [ 105.788417091101067, 21.037540408370472 ], [ 105.790364679082785, 21.036934253801824 ], [ 105.791849500438147, 21.038182703093529 ] ] ] } },
{ "type": "Feature", "properties": { "h3_id": "89414369663ffff", "h3_resolution": 9, "h3_parent_res8": "8841436967fffff", "centroid_lat": 21.039322330116672, "centroid_lon": 105.77719383089409, "legacy_district": "Cầu Giấy" }, "geometry": { "type": "Polygon", "coordinates": [ [ [ 105.779141574235439, 21.038716282213784 ], [ 105.778678717921679, 21.040570909317243 ], [ 105.776730956658639, 21.041176955108813 ], [ 105.77524605868544, 21.03992835988354 ], [ 105.775708943954399, 21.038073717163055 ], [ 105.777656698242026, 21.037467685284458 ], [ 105.779141574235439, 21.038716282213784 ] ] ] } },
{ "type": "Feature", "properties": { "h3_id": "89414369667ffff", "h3_resolution": 9, "h3_parent_res8": "8841436967fffff", "centroid_lat": 21.038679730905748, "centroid_lon": 105.77376116080272, "legacy_district": "Cầu Giấy" }, "geometry": { "type": "Polygon", "coordinates": [ [ [ 105.775708943954399, 21.038073717163055 ], [ 105.77524605868544, 21.03992835988354 ], [ 105.773298257613334, 21.040534371511754 ], [ 105.771813348790886, 21.039285726509856 ], [ 105.772276263012529, 21.037431068177945 ], [ 105.774224057104576, 21.036825070458939 ], [ 105.775708943954399, 21.038073717163055 ] ] ] } },
{ "type": "Feature", "properties": { "h3_id": "8941436966bffff", "h3_resolution": 9, "h3_parent_res8": "8841436967fffff", "centroid_lat": 21.042425516579023, "centroid_lon": 105.77821585472037, "legacy_district": "Cầu Giấy" }, "geometry": { "type": "Polygon", "coordinates": [ [ [ 105.78016360503517, 21.041819454762241 ], [ 105.779700752868621, 21.043674044291642 ], [ 105.777752984631448, 21.044280103995202 ], [ 105.776268075535597, 21.043031560256949 ], [ 105.776730956658639, 21.041176955108813 ], [ 105.778678717921679, 21.040570909317243 ], [ 105.78016360503517, 21.041819454762241 ] ] ] } },
{ "type": "Feature", "properties": { "h3_id": "8941436966fffff", "h3_resolution": 9, "h3_parent_res8": "8841436967fffff", "centroid_lat": 21.041782982761632, "centroid_lon": 105.77478316652891, "legacy_district": "Cầu Giấy" }, "geometry": { "type": "Polygon", "coordinates": [ [ [ 105.776730956658639, 21.041176955108813 ], [ 105.776268075535597, 21.043031560256949 ], [ 105.774320267484725, 21.043637585793377 ], [ 105.772835347536315, 21.042388992273043 ], [ 105.773298257613334, 21.040534371511754 ], [ 105.77524605868544, 21.03992835988354 ], [ 105.776730956658639, 21.041176955108813 ] ] ] } },
{ "type": "Feature", "properties": { "h3_id": "89414369673ffff", "h3_resolution": 9, "h3_parent_res8": "8841436967fffff", "centroid_lat": 21.036861635272569, "centroid_lon": 105.77960442366177, "legacy_district": "Cầu Giấy" }, "geometry": { "type": "Polygon", "coordinates": [ [ [ 105.781552120209753, 21.036255567130048 ], [ 105.78108928870563, 21.038110216177511 ], [ 105.779141574235439, 21.038716282213784 ], [ 105.777656698242026, 21.037467685284458 ], [ 105.778119558702542, 21.035613020616097 ], [ 105.780067266200732, 21.035006968497544 ], [ 105.781552120209753, 21.036255567130048 ] ] ] } },
{ "type": "Feature", "properties": { "h3_id": "89414369677ffff", "h3_resolution": 9, "h3_parent_res8": "8841436967fffff", "centroid_lat": 21.036219054604114, "centroid_lon": 105.77617182233587, "legacy_district": "Cầu Giấy" }, "geometry": { "type": "Polygon", "coordinates": [ [ [ 105.778119558702542, 21.035613020616097 ], [ 105.777656698242026, 21.037467685284458 ], [ 105.775708943954399, 21.038073717163055 ], [ 105.774224057104576, 21.036825070458939 ], [ 105.774686946518983, 21.034970390175278 ], [ 105.776634693829962, 21.034364372210625 ], [ 105.778119558702542, 21.035613020616097 ] ] ] } },
{ "type": "Feature", "properties": { "h3_id": "8941436967bffff", "h3_resolution": 9, "h3_parent_res8": "8841436967fffff", "centroid_lat": 21.039964845389559, "centroid_lon": 105.78062645031413, "legacy_district": "Cầu Giấy" }, "geometry": { "type": "Polygon", "coordinates": [ [ [ 105.782574153832172, 21.039358763328391 ], [ 105.782111326476112, 21.041213374809242 ], [ 105.78016360503517, 21.041819454762241 ], [ 105.778678717921679, 21.040570909317243 ], [ 105.779141574235439, 21.038716282213784 ], [ 105.78108928870563, 21.038110216177511 ], [ 105.782574153832172, 21.039358763328391 ] ] ] } },
{ "type": "Feature", "properties": { "h3_id": "89414369683ffff", "h3_resolution": 9, "h3_parent_res8": "8841436969fffff", "centroid_lat": 21.023272468736323, "centroid_lon": 105.78479174789979, "legacy_district": "Cầu Giấy" }, "geometry": { "type": "Polygon", "coordinates": [ [ [ 105.786739290114411, 21.022666367806277 ], [ 105.78627652474168, 21.024521157678816 ], [ 105.784328964604711, 21.025127256521618 ], [ 105.782844176805426, 21.023878551557527 ], [ 105.783306971135559, 21.022023746055932 ], [ 105.785254524308229, 21.021417661147066 ], [ 105.786739290114411, 21.022666367806277 ] ] ] } },
{ "type": "Feature", "properties": { "h3_id": "8941436968bffff", "h3_resolution": 9, "h3_parent_res8": "8841436969fffff", "centroid_lat": 21.026375927745789, "centroid_lon": 105.78581375248228, "legacy_district": "Cầu Giấy" }, "geometry": { "type": "Polygon", "coordinates": [ [ [ 105.787761301659259, 21.025769812880899 ], [ 105.787298540436169, 21.02762456522753 ], [ 105.785350973336151, 21.028230678003265 ], [ 105.783866174422911, 21.026982024499024 ], [ 105.784328964604711, 21.025127256521618 ], [ 105.78627652474168, 21.024521157678816 ], [ 105.787761301659259, 21.025769812880899 ] ] ] } },
{ "type": "Feature", "properties": { "h3_id": "89414369693ffff", "h3_resolution": 9, "h3_parent_res8": "8841436969fffff", "centroid_lat": 21.020811558132106, "centroid_lon": 105.78720204860058, "legacy_district": "Cầu Giấy" }, "geometry": { "type": "Polygon", "coordinates": [ [ [ 105.789149544008737, 21.020205437013701 ], [ 105.78868680344543, 21.022060248770043 ], [ 105.786739290114411, 21.022666367806277 ], [ 105.785254524308229, 21.021417661147066 ], [ 105.785717293830118, 21.019562833757796 ], [ 105.787664800200247, 21.018956728660243 ], [ 105.789149544008737, 21.020205437013701 ] ] ] } },
{ "type": "Feature", "properties": { "h3_id": "89414369697ffff", "h3_resolution": 9, "h3_parent_res8": "8841436969fffff", "centroid_lat": 21.020168920751996, "centroid_lon": 105.78376975857908, "legacy_district": "Cầu Giấy" }, "geometry": { "type": "Polygon", "coordinates": [ [ [ 105.785717293830118, 21.019562833757796 ], [ 105.785254524308229, 21.021417661147066 ], [ 105.783306971135559, 21.022023746055932 ], [ 105.78182219445101, 21.020774989640195 ], [ 105.782284992929007, 21.018920146623593 ], [ 105.784232539136113, 21.018314075649638 ], [ 105.785717293830118, 21.019562833757796 ] ] ] } },
{ "type": "Feature", "properties": { "h3_id": "8941436969bffff", "h3_resolution": 9, "h3_parent_res8": "8841436969fffff", "centroid_lat": 21.02391504072709, "centroid_lon": 105.78822405599564, "legacy_district": "Cầu Giấy" }, "geometry": { "type": "Polygon", "coordinates": [ [ [ 105.790171558362758, 21.023308905669079 ], [ 105.789708821949944, 21.025163679906974 ], [ 105.787761301659259, 21.025769812880899 ], [ 105.78627652474168, 21.024521157678816 ], [ 105.786739290114411, 21.022666367806277 ], [ 105.78868680344543, 21.022060248770043 ], [ 105.790171558362758, 21.023308905669079 ] ] ] } },
{ "type": "Feature", "properties": { "h3_id": "894143696c3ffff", "h3_resolution": 9, "h3_parent_res8": "884143696dfffff", "centroid_lat": 21.03012173895354, "centroid_lon": 105.79026811656487, "legacy_district": "Cầu Giấy" }, "geometry": { "type": "Polygon", "coordinates": [ [ [ 105.792215632846123, 21.029515576019293 ], [ 105.791752904735702, 21.031370275192764 ], [ 105.789805370529422, 21.031976436039095 ], [ 105.788320571391395, 21.030727883775839 ], [ 105.788783328464362, 21.028873168964282 ], [ 105.790730855713477, 21.028267022053669 ], [ 105.792215632846123, 21.029515576019293 ] ] ] } },
{ "type": "Feature", "properties": { "h3_id": "894143696c7ffff", "h3_resolution": 9, "h3_parent_res8": "884143696dfffff", "centroid_lat": 21.029479297763057, "centroid_lon": 105.78683577232631, "legacy_district": "Cầu Giấy" }, "geometry": { "type": "Polygon", "coordinates": [ [ [ 105.788783328464362, 21.028873168964282 ], [ 105.788320571391395, 21.030727883775839 ], [ 105.786372997329551, 21.031334010483533 ], [ 105.784888187303139, 21.030085408447313 ], [ 105.785350973336151, 21.028230678003265 ], [ 105.787298540436169, 21.02762456522753 ], [ 105.788783328464362, 21.028873168964282 ] ] ] } },
{ "type": "Feature", "properties": { "h3_id": "894143696cbffff", "h3_resolution": 9, "h3_parent_res8": "884143696dfffff", "centroid_lat": 21.033224954550292, "centroid_lon": 105.79129016973839, "legacy_district": "Cầu Giấy" }, "geometry": { "type": "Polygon", "coordinates": [ [ [ 105.793237692974856, 21.032618777679403 ], [ 105.792774969016307, 21.034473439306897 ], [ 105.790827427854111, 21.035079614087962 ], [ 105.789342617607034, 21.033831113306391 ], [ 105.789805370529422, 21.031976436039095 ], [ 105.791752904735702, 21.031370275192764 ], [ 105.793237692974856, 21.032618777679403 ] ] ] } },
{ "type": "Feature", "properties": { "h3_id": "894143696cfffff", "h3_resolution": 9, "h3_parent_res8": "884143696dfffff", "centroid_lat": 21.032582578770736, "centroid_lon": 105.78785780743151, "legacy_district": "Cầu Giấy" }, "geometry": { "type": "Polygon", "coordinates": [ [ [ 105.789805370529422, 21.031976436039095 ], [ 105.789342617607034, 21.033831113306391 ], [ 105.787395036584627, 21.034437253945057 ], [ 105.785910215445838, 21.033188703385051 ], [ 105.786372997329551, 21.031334010483533 ], [ 105.788320571391395, 21.030727883775839 ], [ 105.789805370529422, 21.031976436039095 ] ] ] } },
{ "type": "Feature", "properties": { "h3_id": "894143696d3ffff", "h3_resolution": 9, "h3_parent_res8": "884143696dfffff", "centroid_lat": 21.027660857033826, "centroid_lon": 105.79267835406976, "legacy_district": "Cầu Giấy" }, "geometry": { "type": "Polygon", "coordinates": [ [ [ 105.794625823529429, 21.027054673907415 ], [ 105.794163120231303, 21.028909394975727 ], [ 105.792215632846123, 21.029515576019293 ], [ 105.790730855713477, 21.028267022053669 ], [ 105.791193587975329, 21.026412285343397 ], [ 105.79314106840674, 21.025806118240297 ], [ 105.794625823529429, 21.027054673907415 ] ] ] } },
{ "type": "Feature", "properties": { "h3_id": "894143696d7ffff", "h3_resolution": 9, "h3_parent_res8": "884143696dfffff", "centroid_lat": 21.027018434340022, "centroid_lon": 105.78924607865052, "legacy_district": "Cầu Giấy" }, "geometry": { "type": "Polygon", "coordinates": [ [ [ 105.791193587975329, 21.026412285343397 ], [ 105.790730855713477, 21.028267022053669 ], [ 105.788783328464362, 21.028873168964282 ], [ 105.787298540436169, 21.02762456522753 ], [ 105.787761301659259, 21.025769812880899 ], [ 105.789708821949944, 21.025163679906974 ], [ 105.791193587975329, 21.026412285343397 ] ] ] } },
{ "type": "Feature", "properties": { "h3_id": "894143696dbffff", "h3_resolution": 9, "h3_parent_res8": "884143696dfffff", "centroid_lat": 21.030764096234364, "centroid_lon": 105.79370041004648, "legacy_district": "Cầu Giấy" }, "geometry": { "type": "Polygon", "coordinates": [ [ [ 105.795647886457928, 21.030157899166571 ], [ 105.795185187312555, 21.03201258269636 ], [ 105.793237692974856, 21.032618777679403 ], [ 105.791752904735702, 21.031370275192764 ], [ 105.792215632846123, 21.029515576019293 ], [ 105.794163120231303, 21.028909394975727 ], [ 105.795647886457928, 21.030157899166571 ] ] ] } },
{ "type": "Feature", "properties": { "h3_id": "8941436a003ffff", "h3_resolution": 9, "h3_parent_res8": "8841436a01fffff", "centroid_lat": 20.922625324083086, "centroid_lon": 105.7452320523942, "legacy_district": "Hà Đông" }, "geometry": { "type": "Polygon", "coordinates": [ [ [ 105.747179450513883, 20.9220197376093 ], [ 105.746716494772159, 20.923875754599536 ], [ 105.744769078755553, 20.924481339040984 ], [ 105.743284625494809, 20.923230892533901 ], [ 105.743747610147011, 20.921374859981185 ], [ 105.745695019150119, 20.920769289497628 ], [ 105.747179450513883, 20.9220197376093 ] ] ] } },
{ "type": "Feature", "properties": { "h3_id": "8941436a007ffff", "h3_resolution": 9, "h3_parent_res8": "8841436a01fffff", "centroid_lat": 20.921980412441879, "centroid_lon": 105.74180017236746, "legacy_district": "Hà Đông" }, "geometry": { "type": "Polygon", "coordinates": [ [ [ 105.743747610147011, 20.921374859981185 ], [ 105.743284625494809, 20.923230892533901 ], [ 105.741337169819573, 20.923836442959086 ], [ 105.739852705815323, 20.922585946877067 ], [ 105.740315719375445, 20.920729898767494 ], [ 105.742263168032551, 20.920124362296406 ], [ 105.743747610147011, 20.921374859981185 ] ] ] } },
{ "type": "Feature", "properties": { "h3_id": "8941436a00bffff", "h3_resolution": 9, "h3_parent_res8": "8841436a01fffff", "centroid_lat": 20.925731751960601, "centroid_lon": 105.74625353214765, "legacy_district": "Hà Đông" }, "geometry": { "type": "Polygon", "coordinates": [ [ [ 105.748200937278867, 20.925126151528005 ], [ 105.747737985669133, 20.926982131290202 ], [ 105.745790562640266, 20.92758772968854 ], [ 105.744306098234048, 20.926337334367389 ], [ 105.744769078755553, 20.924481339040984 ], [ 105.746716494772159, 20.923875754599536 ], [ 105.748200937278867, 20.925126151528005 ] ] ] } },
{ "type": "Feature", "properties": { "h3_id": "8941436a00fffff", "h3_resolution": 9, "h3_parent_res8": "8841436a01fffff", "centroid_lat": 20.925086905456716, "centroid_lon": 105.74282163395981, "legacy_district": "Hà Đông" }, "geometry": { "type": "Polygon", "coordinates": [ [ [ 105.744769078755553, 20.924481339040984 ], [ 105.744306098234048, 20.926337334367389 ], [ 105.742358635541876, 20.926942898745708 ], [ 105.740874160388799, 20.925692453844086 ], [ 105.741337169819573, 20.923836442959086 ], [ 105.743284625494809, 20.923230892533901 ], [ 105.744769078755553, 20.924481339040984 ] ] ] } },
{ "type": "Feature", "properties": { "h3_id": "8941436a013ffff", "h3_resolution": 9, "h3_parent_res8": "8841436a01fffff", "centroid_lat": 20.920163700993825, "centroid_lon": 105.74764239937291, "legacy_district": "Hà Đông" }, "geometry": { "type": "Polygon", "coordinates": [ [ [ 105.749589750811523, 20.919558094472425 ], [ 105.749126819849963, 20.921414133115167 ], [ 105.747179450513883, 20.9220197376093 ], [ 105.745695019150119, 20.920769289497628 ], [ 105.746157979023351, 20.918913235288553 ], [ 105.748105341349344, 20.918307644757075 ], [ 105.749589750811523, 20.919558094472425 ] ] ] } },
{ "type": "Feature", "properties": { "h3_id": "8941436a017ffff", "h3_resolution": 9, "h3_parent_res8": "8841436a01fffff", "centroid_lat": 20.919518807802547, "centroid_lon": 105.74421058791647, "legacy_district": "Hà Đông" }, "geometry": { "type": "Polygon", "coordinates": [ [ [ 105.746157979023351, 20.918913235288553 ], [ 105.745695019150119, 20.920769289497628 ], [ 105.743747610147011, 20.921374859981185 ], [ 105.742263168032551, 20.920124362296406 ], [ 105.742726156814953, 20.918268292526616 ], [ 105.744673558803314, 20.917662736001919 ], [ 105.746157979023351, 20.918913235288553 ] ] ] } },
{ "type": "Feature", "properties": { "h3_id": "8941436a01bffff", "h3_resolution": 9, "h3_parent_res8": "8841436a01fffff", "centroid_lat": 20.923270152135014, "centroid_lon": 105.74866388200577, "legacy_district": "Hà Đông" }, "geometry": { "type": "Polygon", "coordinates": [ [ [ 105.750611240452528, 20.922664531650046 ], [ 105.750148313623797, 20.924520533072219 ], [ 105.748200937278867, 20.925126151528005 ], [ 105.746716494772159, 20.923875754599536 ], [ 105.747179450513883, 20.9220197376093 ], [ 105.749126819849963, 20.921414133115167 ], [ 105.750611240452528, 20.922664531650046 ] ] ] } },
{ "type": "Feature", "properties": { "h3_id": "8941436a023ffff", "h3_resolution": 9, "h3_parent_res8": "8841436a03fffff", "centroid_lat": 20.923796961660365, "centroid_lon": 105.73595768640872, "legacy_district": "Hà Đông" }, "geometry": { "type": "Polygon", "coordinates": [ [ [ 105.737905210494446, 20.923191463284102 ], [ 105.737442172156946, 20.925047489722104 ], [ 105.7354946301773, 20.925652986054629 ], [ 105.734010133561981, 20.924402442003199 ], [ 105.734473200803691, 20.922546400017815 ], [ 105.736420735757164, 20.921940917630831 ], [ 105.737905210494446, 20.923191463284102 ] ] ] } },
{ "type": "Feature", "properties": { "h3_id": "8941436a027ffff", "h3_resolution": 9, "h3_parent_res8": "8841436a03fffff", "centroid_lat": 20.923151864371473, "centroid_lon": 105.73252563709248, "legacy_district": "Hà Đông" }, "geometry": { "type": "Polygon", "coordinates": [ [ [ 105.734473200803691, 20.922546400017815 ], [ 105.734010133561981, 20.924402442003199 ], [ 105.732062551958109, 20.925007904309979 ], [ 105.730578044627421, 20.923757310689179 ], [ 105.731041140770813, 20.921901253162009 ], [ 105.732988715343851, 20.921295804797005 ], [ 105.734473200803691, 20.922546400017815 ] ] ] } },
{ "type": "Feature", "properties": { "h3_id": "8941436a02bffff", "h3_resolution": 9, "h3_parent_res8": "8841436a03fffff", "centroid_lat": 20.92690349652322, "centroid_lon": 105.73697912693645, "legacy_district": "Hà Đông" }, "geometry": { "type": "Polygon", "coordinates": [ [ [ 105.738926658046395, 20.92629798420047 ], [ 105.738463623837433, 20.928153973406413 ], [ 105.736516074832849, 20.928759483683535 ], [ 105.735031567062819, 20.927508990809713 ], [ 105.7354946301773, 20.925652986054629 ], [ 105.737442172156946, 20.925047489722104 ], [ 105.738926658046395, 20.92629798420047 ] ] ] } },
{ "type": "Feature", "properties": { "h3_id": "8941436a02fffff", "h3_resolution": 9, "h3_parent_res8": "8841436a03fffff", "centroid_lat": 20.926258464351005, "centroid_lon": 105.73354705943724, "legacy_district": "Hà Đông" }, "geometry": { "type": "Polygon", "coordinates": [ [ [ 105.7354946301773, 20.925652986054629 ], [ 105.735031567062819, 20.927508990809713 ], [ 105.733083978429377, 20.928114467057302 ], [ 105.731599459940639, 20.92686392460859 ], [ 105.732062551958109, 20.925007904309979 ], [ 105.734010133561981, 20.924402442003199 ], [ 105.7354946301773, 20.925652986054629 ] ] ] } },
{ "type": "Feature", "properties": { "h3_id": "8941436a033ffff", "h3_resolution": 9, "h3_parent_res8": "8841436a03fffff", "centroid_lat": 20.921335417213193, "centroid_lon": 105.73836824194905, "legacy_district": "Hà Đông" }, "geometry": { "type": "Polygon", "coordinates": [ [ [ 105.740315719375445, 20.920729898767494 ], [ 105.739852705815323, 20.922585946877067 ], [ 105.737905210494446, 20.923191463284102 ], [ 105.736420735757164, 20.921940917630831 ], [ 105.736883778222719, 20.920084853970017 ], [ 105.738831266520791, 20.919479351513306 ], [ 105.740315719375445, 20.920729898767494 ] ] ] } },
{ "type": "Feature", "properties": { "h3_id": "8941436a037ffff", "h3_resolution": 9, "h3_parent_res8": "8841436a03fffff", "centroid_lat": 20.920690338398796, "centroid_lon": 105.73493626116245, "legacy_district": "Hà Đông" }, "geometry": { "type": "Polygon", "coordinates": [ [ [ 105.736883778222719, 20.920084853970017 ], [ 105.736420735757164, 20.921940917630831 ], [ 105.734473200803691, 20.922546400017815 ], [ 105.732988715343851, 20.921295804797005 ], [ 105.733451786712308, 20.919439725590536 ], [ 105.735399314638357, 20.918834257150106 ], [ 105.736883778222719, 20.920084853970017 ] ] ] } },
{ "type": "Feature", "properties": { "h3_id": "8941436a03bffff", "h3_resolution": 9, "h3_parent_res8": "8841436a03fffff", "centroid_lat": 20.924441975356039, "centroid_lon": 105.73938968537232, "legacy_district": "Hà Đông" }, "geometry": { "type": "Polygon", "coordinates": [ [ [ 105.741337169819573, 20.923836442959086 ], [ 105.740874160388799, 20.925692453844086 ], [ 105.738926658046395, 20.92629798420047 ], [ 105.737442172156946, 20.925047489722104 ], [ 105.737905210494446, 20.923191463284102 ], [ 105.739852705815323, 20.922585946877067 ], [ 105.741337169819573, 20.923836442959086 ] ] ] } },
{ "type": "Feature", "properties": { "h3_id": "8941436a043ffff", "h3_resolution": 9, "h3_parent_res8": "8841436a05fffff", "centroid_lat": 20.929482789169079, "centroid_lon": 105.75070689309226, "legacy_district": "Hà Đông" }, "geometry": { "type": "Polygon", "coordinates": [ [ [ 105.752654265551556, 20.928877140759894 ], [ 105.752191346989903, 20.930733067713259 ], [ 105.750243956630968, 20.931338714089435 ], [ 105.74875949184073, 20.930088419552121 ], [ 105.74922243931799, 20.928232477027205 ], [ 105.751169822670562, 20.927626844610732 ], [ 105.752654265551556, 20.928877140759894 ] ] ] } },
{ "type": "Feature", "properties": { "h3_id": "8941436a047ffff", "h3_resolution": 9, "h3_parent_res8": "8841436a05fffff", "centroid_lat": 20.928838091417635, "centroid_lon": 105.74727502717649, "legacy_district": "Hà Đông" }, "geometry": { "type": "Polygon", "coordinates": [ [ [ 105.74922243931799, 20.928232477027205 ], [ 105.74875949184073, 20.930088419552121 ], [ 105.746812061800853, 20.930694031906388 ], [ 105.7453275862499, 20.929443687779408 ], [ 105.745790562640266, 20.92758772968854 ], [ 105.747737985669133, 20.926982131290202 ], [ 105.74922243931799, 20.928232477027205 ] ] ] } },
{ "type": "Feature", "properties": { "h3_id": "8941436a04bffff", "h3_resolution": 9, "h3_parent_res8": "8841436a05fffff", "centroid_lat": 20.932588975027016, "centroid_lon": 105.75172842154524, "legacy_district": "Hà Đông" }, "geometry": { "type": "Polygon", "coordinates": [ [ [ 105.753675801008967, 20.931983312657216 ], [ 105.753212886581537, 20.933839202362343 ], [ 105.751265489217488, 20.934444862697227 ], [ 105.749781013286622, 20.93319461936785 ], [ 105.750243956630968, 20.931338714089435 ], [ 105.752191346989903, 20.930733067713259 ], [ 105.753675801008967, 20.931983312657216 ] ] ] } },
{ "type": "Feature", "properties": { "h3_id": "8941436a04fffff", "h3_resolution": 9, "h3_parent_res8": "8841436a05fffff", "centroid_lat": 20.931944342436719, "centroid_lon": 105.74829653748041, "legacy_district": "Hà Đông" }, "geometry": { "type": "Polygon", "coordinates": [ [ [ 105.750243956630968, 20.931338714089435 ], [ 105.749781013286622, 20.93319461936785 ], [ 105.747833576236985, 20.933800245677059 ], [ 105.746349089542107, 20.932549952752499 ], [ 105.746812061800853, 20.930694031906388 ], [ 105.74875949184073, 20.930088419552121 ], [ 105.750243956630968, 20.931338714089435 ] ] ] } },
{ "type": "Feature", "properties": { "h3_id": "8941436a063ffff", "h3_resolution": 9, "h3_parent_res8": "8841436a07fffff", "centroid_lat": 20.930654826406389, "centroid_lon": 105.74143261805695, "legacy_district": "Hà Đông" }, "geometry": { "type": "Polygon", "coordinates": [ [ [ 105.743380116542113, 20.930049266109869 ], [ 105.742917115371498, 20.93190520251806 ], [ 105.74096959898975, 20.932510760770189 ], [ 105.739485090798297, 20.931260368666326 ], [ 105.739948120878267, 20.929404416701654 ], [ 105.741895630240961, 20.928798872396904 ], [ 105.743380116542113, 20.930049266109869 ] ] ] } },
{ "type": "Feature", "properties": { "h3_id": "8941436a067ffff", "h3_resolution": 9, "h3_parent_res8": "8841436a07fffff", "centroid_lat": 20.930009942969917, "centroid_lon": 105.73800058274533, "legacy_district": "Hà Đông" }, "geometry": { "type": "Polygon", "coordinates": [ [ [ 105.739948120878267, 20.929404416701654 ], [ 105.739485090798297, 20.931260368666326 ], [ 105.737537534770027, 20.93186589288705 ], [ 105.736053015846053, 20.930615451199081 ], [ 105.736516074832849, 20.928759483683535 ], [ 105.738463623837433, 20.928153973406413 ], [ 105.739948120878267, 20.929404416701654 ] ] ] } },
{ "type": "Feature", "properties": { "h3_id": "8941436a06bffff", "h3_resolution": 9, "h3_parent_res8": "8841436a07fffff", "centroid_lat": 20.933761119278952, "centroid_lon": 105.74245410731766, "legacy_district": "Hà Đông" }, "geometry": { "type": "Polygon", "coordinates": [ [ [ 105.7444016128199, 20.933155545034118 ], [ 105.743938615780067, 20.935011444190071 ], [ 105.741991092380502, 20.935617016388601 ], [ 105.740506573039241, 20.934366675484362 ], [ 105.74096959898975, 20.932510760770189 ], [ 105.742917115371498, 20.93190520251806 ], [ 105.7444016128199, 20.933155545034118 ] ] ] } },
{ "type": "Feature", "properties": { "h3_id": "8941436a06fffff", "h3_resolution": 9, "h3_parent_res8": "8841436a07fffff", "centroid_lat": 20.933116300982991, "centroid_lon": 105.73902205383509, "legacy_district": "Hà Đông" }, "geometry": { "type": "Polygon", "coordinates": [ [ [ 105.74096959898975, 20.932510760770189 ], [ 105.740506573039241, 20.934366675484362 ], [ 105.738559009988521, 20.934972213647704 ], [ 105.737074479911385, 20.933721823153835 ], [ 105.737537534770027, 20.93186589288705 ], [ 105.739485090798297, 20.931260368666326 ], [ 105.74096959898975, 20.932510760770189 ] ] ] } },
{ "type": "Feature", "properties": { "h3_id": "8941436a073ffff", "h3_resolution": 9, "h3_parent_res8": "8841436a07fffff", "centroid_lat": 20.928193310058322, "centroid_lon": 105.74384311082959, "legacy_district": "Hà Đông" }, "geometry": { "type": "Polygon", "coordinates": [ [ [ 105.745790562640266, 20.92758772968854 ], [ 105.7453275862499, 20.929443687779408 ], [ 105.743380116542113, 20.930049266109869 ], [ 105.741895630240961, 20.928798872396904 ], [ 105.742358635541876, 20.926942898745708 ], [ 105.744306098234048, 20.926337334367389 ], [ 105.745790562640266, 20.92758772968854 ] ] ] } },
{ "type": "Feature", "properties": { "h3_id": "8941436a077ffff", "h3_resolution": 9, "h3_parent_res8": "8841436a07fffff", "centroid_lat": 20.927548445092928, "centroid_lon": 105.74041114407507, "legacy_district": "Hà Đông" }, "geometry": { "type": "Polygon", "coordinates": [ [ [ 105.742358635541876, 20.926942898745708 ], [ 105.741895630240961, 20.928798872396904 ], [ 105.739948120878267, 20.929404416701654 ], [ 105.738463623837433, 20.928153973406413 ], [ 105.738926658046395, 20.92629798420047 ], [ 105.740874160388799, 20.925692453844086 ], [ 105.742358635541876, 20.926942898745708 ] ] ] } },
{ "type": "Feature", "properties": { "h3_id": "8941436a07bffff", "h3_resolution": 9, "h3_parent_res8": "8841436a07fffff", "centroid_lat": 20.931299626229251, "centroid_lon": 105.74486460297648, "legacy_district": "Hà Đông" }, "geometry": { "type": "Polygon", "coordinates": [ [ [ 105.746812061800853, 20.930694031906388 ], [ 105.746349089542107, 20.932549952752499 ], [ 105.7444016128199, 20.933155545034118 ], [ 105.742917115371498, 20.93190520251806 ], [ 105.743380116542113, 20.930049266109869 ], [ 105.7453275862499, 20.929443687779408 ], [ 105.746812061800853, 20.930694031906388 ] ] ] } },
{ "type": "Feature", "properties": { "h3_id": "8941436a08bffff", "h3_resolution": 9, "h3_parent_res8": "8841436a09fffff", "centroid_lat": 20.917702036210734, "centroid_lon": 105.75005267489054, "legacy_district": "Hà Đông" }, "geometry": { "type": "Polygon", "coordinates": [ [ [ 105.751999979643131, 20.917096409652171 ], [ 105.751537073462103, 20.918952469936066 ], [ 105.749589750811523, 20.919558094472425 ], [ 105.748105341349344, 20.918307644757075 ], [ 105.748568276443251, 20.916451568902989 ], [ 105.750515592087126, 20.915845958334035 ], [ 105.751999979643131, 20.917096409652171 ] ] ] } },
{ "type": "Feature", "properties": { "h3_id": "8941436a08fffff", "h3_resolution": 9, "h3_parent_res8": "8841436a09fffff", "centroid_lat": 20.91705716145983, "centroid_lon": 105.74662093201403, "legacy_district": "Hà Đông" }, "geometry": { "type": "Polygon", "coordinates": [ [ [ 105.748568276443251, 20.916451568902989 ], [ 105.748105341349344, 20.918307644757075 ], [ 105.746157979023351, 20.918913235288553 ], [ 105.744673558803314, 20.917662736001919 ], [ 105.745136522807599, 20.915806644583245 ], [ 105.747083878122226, 20.915201068015381 ], [ 105.748568276443251, 20.916451568902989 ] ] ] } },
{ "type": "Feature", "properties": { "h3_id": "8941436a0a3ffff", "h3_resolution": 9, "h3_parent_res8": "8841436a0bfffff", "centroid_lat": 20.915767161242417, "centroid_lon": 105.73975729501623, "legacy_district": "Hà Đông" }, "geometry": { "type": "Polygon", "coordinates": [ [ [ 105.741704718759678, 20.915161636694741 ], [ 105.741241725847544, 20.917017743672382 ], [ 105.739294284209834, 20.917623266188393 ], [ 105.737809842505555, 20.916372667770275 ], [ 105.738272864323022, 20.914516545239252 ], [ 105.740220298940102, 20.913911036679316 ], [ 105.741704718759678, 20.915161636694741 ] ] ] } },
{ "type": "Feature", "properties": { "h3_id": "8941436a0a7ffff", "h3_resolution": 9, "h3_parent_res8": "8841436a0bfffff", "centroid_lat": 20.915122035779493, "centroid_lon": 105.73632540094199, "legacy_district": "Hà Đông" }, "geometry": { "type": "Polygon", "coordinates": [ [ [ 105.738272864323022, 20.914516545239252 ], [ 105.737809842505555, 20.916372667770275 ], [ 105.735862361231511, 20.916978156275686 ], [ 105.734377908800866, 20.91572750829738 ], [ 105.734840959521136, 20.913871370218594 ], [ 105.736788433769902, 20.913265895665464 ], [ 105.738272864323022, 20.914516545239252 ] ] ] } },
{ "type": "Feature", "properties": { "h3_id": "8941436a0abffff", "h3_resolution": 9, "h3_parent_res8": "8841436a0bfffff", "centroid_lat": 20.918873831031288, "centroid_lon": 105.74077872605282, "legacy_district": "Hà Đông" }, "geometry": { "type": "Polygon", "coordinates": [ [ [ 105.742726156814953, 20.918268292526616 ], [ 105.742263168032551, 20.920124362296406 ], [ 105.740315719375445, 20.920729898767494 ], [ 105.738831266520791, 20.919479351513306 ], [ 105.739294284209834, 20.917623266188393 ], [ 105.741241725847544, 20.917017743672382 ], [ 105.742726156814953, 20.918268292526616 ] ] ] } },
{ "type": "Feature", "properties": { "h3_id": "8941436a0afffff", "h3_resolution": 9, "h3_parent_res8": "8841436a0bfffff", "centroid_lat": 20.918228770681846, "centroid_lon": 105.73734681380549, "legacy_district": "Hà Đông" }, "geometry": { "type": "Polygon", "coordinates": [ [ [ 105.739294284209834, 20.917623266188393 ], [ 105.738831266520791, 20.919479351513306 ], [ 105.736883778222719, 20.920084853970017 ], [ 105.735399314638357, 20.918834257150106 ], [ 105.735862361231511, 20.916978156275686 ], [ 105.737809842505555, 20.916372667770275 ], [ 105.739294284209834, 20.917623266188393 ] ] ] } },
{ "type": "Feature", "properties": { "h3_id": "8941436a0bbffff", "h3_resolution": 9, "h3_parent_res8": "8841436a0bfffff", "centroid_lat": 20.91641220313646, "centroid_lon": 105.74318913871475, "legacy_district": "Hà Đông" }, "geometry": { "type": "Polygon", "coordinates": [ [ [ 105.745136522807599, 20.915806644583245 ], [ 105.744673558803314, 20.917662736001919 ], [ 105.742726156814953, 20.918268292526616 ], [ 105.741241725847544, 20.917017743672382 ], [ 105.741704718759678, 20.915161636694741 ], [ 105.743652113732054, 20.914556094129885 ], [ 105.745136522807599, 20.915806644583245 ] ] ] } },
{ "type": "Feature", "properties": { "h3_id": "8941436a143ffff", "h3_resolution": 9, "h3_parent_res8": "8841436a15fffff", "centroid_lat": 20.924968149206215, "centroid_lon": 105.72668277345116, "legacy_district": "Hà Đông" }, "geometry": { "type": "Polygon", "coordinates": [ [ [ 105.728630423412369, 20.924362738968306 ], [ 105.728167302494413, 20.926218774804841 ], [ 105.726219634642305, 20.926824182987648 ], [ 105.724735094747672, 20.925573541400261 ], [ 105.725198244563558, 20.923717490031404 ], [ 105.727145905376801, 20.923112095781843 ], [ 105.728630423412369, 20.924362738968306 ] ] ] } },
{ "type": "Feature", "properties": { "h3_id": "8941436a14bffff", "h3_resolution": 9, "h3_parent_res8": "8841436a15fffff", "centroid_lat": 20.92807479099681, "centroid_lon": 105.72770417469323, "legacy_district": "Hà Đông" }, "geometry": { "type": "Polygon", "coordinates": [ [ [ 105.729651831691342, 20.927469366824734 ], [ 105.729188714898456, 20.929325365425218 ], [ 105.727241040008749, 20.92993078754029 ], [ 105.725756488950182, 20.928680197122198 ], [ 105.726219634642305, 20.926824182987648 ], [ 105.728167302494413, 20.926218774804841 ], [ 105.729651831691342, 20.927469366824734 ] ] ] } },
{ "type": "Feature", "properties": { "h3_id": "8941436a14fffff", "h3_resolution": 9, "h3_parent_res8": "8841436a15fffff", "centroid_lat": 20.927429573123849, "centroid_lon": 105.72427193804853, "legacy_district": "Hà Đông" }, "geometry": { "type": "Polygon", "coordinates": [ [ [ 105.726219634642305, 20.926824182987648 ], [ 105.725756488950182, 20.928680197122198 ], [ 105.723808774466036, 20.929285585198233 ], [ 105.722324212716941, 20.928034945210818 ], [ 105.722787387305786, 20.926178915547819 ], [ 105.724735094747672, 20.925573541400261 ], [ 105.726219634642305, 20.926824182987648 ] ] ] } },
{ "type": "Feature", "properties": { "h3_id": "8941436a153ffff", "h3_resolution": 9, "h3_parent_res8": "8841436a15fffff", "centroid_lat": 20.922506683491168, "centroid_lon": 105.72909353744718, "legacy_district": "Hà Đông" }, "geometry": { "type": "Polygon", "coordinates": [ [ [ 105.731041140770813, 20.921901253162009 ], [ 105.730578044627421, 20.923757310689179 ], [ 105.728630423412369, 20.924362738968306 ], [ 105.727145905376801, 20.923112095781843 ], [ 105.727609030419345, 20.921256022718492 ], [ 105.729556644598944, 20.920650608377365 ], [ 105.731041140770813, 20.921901253162009 ] ] ] } },
{ "type": "Feature", "properties": { "h3_id": "8941436a15bffff", "h3_resolution": 9, "h3_parent_res8": "8841436a15fffff", "centroid_lat": 20.925613348578079, "centroid_lon": 105.73011494160097, "legacy_district": "Hà Đông" }, "geometry": { "type": "Polygon", "coordinates": [ [ [ 105.732062551958109, 20.925007904309979 ], [ 105.731599459940639, 20.92686392460859 ], [ 105.729651831691342, 20.927469366824734 ], [ 105.728167302494413, 20.926218774804841 ], [ 105.728630423412369, 20.924362738968306 ], [ 105.730578044627421, 20.923757310689179 ], [ 105.732062551958109, 20.925007904309979 ] ] ] } },
{ "type": "Feature", "properties": { "h3_id": "8941436a16bffff", "h3_resolution": 9, "h3_parent_res8": "8841436a17fffff", "centroid_lat": 20.929245635226522, "centroid_lon": 105.71842867585576, "legacy_district": "Hà Đông" }, "geometry": { "type": "Polygon", "coordinates": [ [ [ 105.720376458651387, 20.928640299245924 ], [ 105.719913259289953, 20.930496307191735 ], [ 105.717965458605747, 20.931101641103933 ], [ 105.716480864333917, 20.929850953149977 ], [ 105.716944092588349, 20.927994929685177 ], [ 105.718891886222252, 20.927389609692913 ], [ 105.720376458651387, 20.928640299245924 ] ] ] } },
{ "type": "Feature", "properties": { "h3_id": "8941436a16fffff", "h3_resolution": 9, "h3_parent_res8": "8841436a17fffff", "centroid_lat": 20.928600231620415, "centroid_lon": 105.71499627023148, "legacy_district": "Hà Đông" }, "geometry": { "type": "Polygon", "coordinates": [ [ [ 105.716944092588349, 20.927994929685177 ], [ 105.716480864333917, 20.929850953149977 ], [ 105.714533024089718, 20.930456253013652 ], [ 105.713048419155555, 20.929205515495969 ], [ 105.713511676300428, 20.927349476517794 ], [ 105.715459509489676, 20.926744190570265 ], [ 105.716944092588349, 20.927994929685177 ] ] ] } },
{ "type": "Feature", "properties": { "h3_id": "8941436a17bffff", "h3_resolution": 9, "h3_parent_res8": "8841436a17fffff", "centroid_lat": 20.926784271646252, "centroid_lon": 105.72083965112937, "legacy_district": "Hà Đông" }, "geometry": { "type": "Polygon", "coordinates": [ [ [ 105.722787387305786, 20.926178915547819 ], [ 105.722324212716941, 20.928034945210818 ], [ 105.720376458651387, 20.928640299245924 ], [ 105.718891886222252, 20.927389609692913 ], [ 105.719355089705303, 20.925533564507056 ], [ 105.72130283672395, 20.924928224396655 ], [ 105.722787387305786, 20.926178915547819 ] ] ] } },
{ "type": "Feature", "properties": { "h3_id": "8941436a1c3ffff", "h3_resolution": 9, "h3_parent_res8": "8841436a1dfffff", "centroid_lat": 20.916938399255574, "centroid_lon": 105.73048283825376, "legacy_district": "Hà Đông" }, "geometry": { "type": "Polygon", "coordinates": [ [ [ 105.732430387903491, 20.916332962790289 ], [ 105.731967312408756, 20.918189079208609 ], [ 105.730019744867775, 20.91879451363085 ], [ 105.728535259855519, 20.917543817690618 ], [ 105.728998364249307, 20.915687685733992 ], [ 105.730945924756966, 20.915082265255492 ], [ 105.732430387903491, 20.916332962790289 ] ] ] } },
{ "type": "Feature", "properties": { "h3_id": "8941436a1c7ffff", "h3_resolution": 9, "h3_parent_res8": "8841436a1dfffff", "centroid_lat": 20.916293088182343, "centroid_lon": 105.72705077499641, "legacy_district": "Hà Đông" }, "geometry": { "type": "Polygon", "coordinates": [ [ [ 105.728998364249307, 20.915687685733992 ], [ 105.728535259855519, 20.917543817690618 ], [ 105.726587652712624, 20.918149218092754 ], [ 105.725103157002138, 20.916898472597914 ], [ 105.725566290292477, 20.915042325108608 ], [ 105.727513890397404, 20.914436938646418 ], [ 105.728998364249307, 20.915687685733992 ] ] ] } },
{ "type": "Feature", "properties": { "h3_id": "8941436a1cbffff", "h3_resolution": 9, "h3_parent_res8": "8841436a1dfffff", "centroid_lat": 20.9200451760005, "centroid_lon": 105.73150423003122, "legacy_district": "Hà Đông" }, "geometry": { "type": "Polygon", "coordinates": [ [ [ 105.733451786712308, 20.919439725590536 ], [ 105.732988715343851, 20.921295804797005 ], [ 105.731041140770813, 20.921901253162009 ], [ 105.729556644598944, 20.920650608377365 ], [ 105.730019744867775, 20.91879451363085 ], [ 105.731967312408756, 20.918189079208609 ], [ 105.733451786712308, 20.919439725590536 ] ] ] } },
{ "type": "Feature", "properties": { "h3_id": "8941436a1cfffff", "h3_resolution": 9, "h3_parent_res8": "8841436a1dfffff", "centroid_lat": 20.919399930020095, "centroid_lon": 105.72807214857889, "legacy_district": "Hà Đông" }, "geometry": { "type": "Polygon", "coordinates": [ [ [ 105.730019744867775, 20.91879451363085 ], [ 105.729556644598944, 20.920650608377365 ], [ 105.727609030419345, 20.921256022718492 ], [ 105.726124523545934, 20.920005328373712 ], [ 105.726587652712624, 20.918149218092754 ], [ 105.728535259855519, 20.917543817690618 ], [ 105.730019744867775, 20.91879451363085 ] ] ] } },
{ "type": "Feature", "properties": { "h3_id": "8941436a1d3ffff", "h3_resolution": 9, "h3_parent_res8": "8841436a1dfffff", "centroid_lat": 20.914476826749482, "centroid_lon": 105.73289345651553, "legacy_district": "Hà Đông" }, "geometry": { "type": "Polygon", "coordinates": [ [ [ 105.734840959521136, 20.913871370218594 ], [ 105.734377908800866, 20.91572750829738 ], [ 105.732430387903491, 20.916332962790289 ], [ 105.730945924756966, 20.915082265255492 ], [ 105.731409004377525, 20.913226111634547 ], [ 105.733356518244975, 20.912620671090139 ], [ 105.734840959521136, 20.913871370218594 ] ] ] } },
{ "type": "Feature", "properties": { "h3_id": "8941436a1d7ffff", "h3_resolution": 9, "h3_parent_res8": "8841436a1dfffff", "centroid_lat": 20.913831534154181, "centroid_lon": 105.72946146176038, "legacy_district": "Hà Đông" }, "geometry": { "type": "Polygon", "coordinates": [ [ [ 105.731409004377525, 20.913226111634547 ], [ 105.730945924756966, 20.915082265255492 ], [ 105.728998364249307, 20.915687685733992 ], [ 105.727513890397404, 20.914436938646418 ], [ 105.727976998915722, 20.912580769488915 ], [ 105.729924552388823, 20.911975362955136 ], [ 105.731409004377525, 20.913226111634547 ] ] ] } },
{ "type": "Feature", "properties": { "h3_id": "8941436a1dbffff", "h3_resolution": 9, "h3_parent_res8": "8841436a1dfffff", "centroid_lat": 20.917583626756009, "centroid_lon": 105.73391485119795, "legacy_district": "Hà Đông" }, "geometry": { "type": "Polygon", "coordinates": [ [ [ 105.735862361231511, 20.916978156275686 ], [ 105.735399314638357, 20.918834257150106 ], [ 105.733451786712308, 20.919439725590536 ], [ 105.731967312408756, 20.918189079208609 ], [ 105.732430387903491, 20.916332962790289 ], [ 105.734377908800866, 20.91572750829738 ], [ 105.735862361231511, 20.916978156275686 ] ] ] } },
{ "type": "Feature", "properties": { "h3_id": "8941436a203ffff", "h3_resolution": 9, "h3_parent_res8": "8841436a21fffff", "centroid_lat": 20.944368461784318, "centroid_lon": 105.75238273144093, "legacy_district": "Hà Đông" }, "geometry": { "type": "Polygon", "coordinates": [ [ [ 105.75433017861522, 20.94376277761944 ], [ 105.753867251807293, 20.945618533819687 ], [ 105.751919786731051, 20.94622421593883 ], [ 105.750435255468176, 20.944974127906313 ], [ 105.750898211195732, 20.943118356131428 ], [ 105.752845669267174, 20.942512687963291 ], [ 105.75433017861522, 20.94376277761944 ] ] ] } },
{ "type": "Feature", "properties": { "h3_id": "8941436a207ffff", "h3_resolution": 9, "h3_parent_res8": "8841436a21fffff", "centroid_lat": 20.943724006256776, "centroid_lon": 105.74895072432906, "legacy_district": "Hà Đông" }, "geometry": { "type": "Polygon", "coordinates": [ [ [ 105.750898211195732, 20.943118356131428 ], [ 105.750435255468176, 20.944974127906313 ], [ 105.748487750700804, 20.945579775982761 ], [ 105.747003208671046, 20.944329638336693 ], [ 105.747466193315717, 20.942473850992759 ], [ 105.74941369107367, 20.941868216863554 ], [ 105.750898211195732, 20.943118356131428 ] ] ] } },
{ "type": "Feature", "properties": { "h3_id": "8941436a20bffff", "h3_resolution": 9, "h3_parent_res8": "8841436a21fffff", "centroid_lat": 20.947474270351776, "centroid_lon": 105.75340431811571, "legacy_district": "Hà Đông" }, "geometry": { "type": "Polygon", "coordinates": [ [ [ 105.755351772292826, 20.946868572234958 ], [ 105.754888849620173, 20.948724291142614 ], [ 105.752941377540409, 20.949329987211776 ], [ 105.751456835137461, 20.948079950422862 ], [ 105.751919786731051, 20.94622421593883 ], [ 105.753867251807293, 20.945618533819687 ], [ 105.755351772292826, 20.946868572234958 ] ] ] } },
{ "type": "Feature", "properties": { "h3_id": "8941436a20fffff", "h3_resolution": 9, "h3_parent_res8": "8841436a21fffff", "centroid_lat": 20.946829880012338, "centroid_lon": 105.74997229285692, "legacy_district": "Hà Đông" }, "geometry": { "type": "Polygon", "coordinates": [ [ [ 105.751919786731051, 20.94622421593883 ], [ 105.751456835137461, 20.948079950422862 ], [ 105.749509323361906, 20.948685612445573 ], [ 105.748024770188778, 20.94743552603758 ], [ 105.748487750700804, 20.945579775982761 ], [ 105.750435255468176, 20.944974127906313 ], [ 105.751919786731051, 20.94622421593883 ] ] ] } },
{ "type": "Feature", "properties": { "h3_id": "8941436a213ffff", "h3_resolution": 9, "h3_parent_res8": "8841436a21fffff", "centroid_lat": 20.941907001755009, "centroid_lon": 105.75479309853958, "legacy_district": "Hà Đông" }, "geometry": { "type": "Polygon", "coordinates": [ [ [ 105.756740499009055, 20.941301297509206 ], [ 105.756277596987175, 20.943157075414309 ], [ 105.75433017861522, 20.94376277761944 ], [ 105.752845669267174, 20.942512687963291 ], [ 105.75330860020992, 20.940656894479687 ], [ 105.755256011580485, 20.940051206230319 ], [ 105.756740499009055, 20.941301297509206 ] ] ] } },
{ "type": "Feature", "properties": { "h3_id": "8941436a217ffff", "h3_resolution": 9, "h3_parent_res8": "8841436a21fffff", "centroid_lat": 20.941262564691641, "centroid_lon": 105.75136116003969, "legacy_district": "Hà Đông" }, "geometry": { "type": "Polygon", "coordinates": [ [ [ 105.75330860020992, 20.940656894479687 ], [ 105.752845669267174, 20.942512687963291 ], [ 105.750898211195732, 20.943118356131428 ], [ 105.74941369107367, 20.941868216863554 ], [ 105.749876650934738, 20.940012407807032 ], [ 105.751824102000171, 20.939406753590895 ], [ 105.75330860020992, 20.940656894479687 ] ] ] } },
{ "type": "Feature", "properties": { "h3_id": "8941436a21bffff", "h3_resolution": 9, "h3_parent_res8": "8841436a21fffff", "centroid_lat": 20.94501283365754, "centroid_lon": 105.7558146880818, "legacy_district": "Hà Đông" }, "geometry": { "type": "Polygon", "coordinates": [ [ [ 105.757762095550675, 20.944407115455043 ], [ 105.757299197664921, 20.94626285607503 ], [ 105.755351772292826, 20.946868572234958 ], [ 105.753867251807293, 20.945618533819687 ], [ 105.75433017861522, 20.94376277761944 ], [ 105.756277596987175, 20.943157075414309 ], [ 105.757762095550675, 20.944407115455043 ] ] ] } },
{ "type": "Feature", "properties": { "h3_id": "8941436a223ffff", "h3_resolution": 9, "h3_parent_res8": "8841436a23fffff", "centroid_lat": 20.945540848349683, "centroid_lon": 105.74310809099644, "legacy_district": "Hà Đông" }, "geometry": { "type": "Polygon", "coordinates": [ [ [ 105.745055664225546, 20.944935252368538 ], [ 105.744592654797643, 20.946791017988531 ], [ 105.742645063669599, 20.947396611912556 ], [ 105.741160488987575, 20.946146426277487 ], [ 105.741623527328869, 20.944290645097922 ], [ 105.743571111439465, 20.943685065112593 ], [ 105.745055664225546, 20.944935252368538 ] ] ] } },
{ "type": "Feature", "properties": { "h3_id": "8941436a227ffff", "h3_resolution": 9, "h3_parent_res8": "8841436a23fffff", "centroid_lat": 20.944896207030013, "centroid_lon": 105.7396759144418, "legacy_district": "Hà Đông" }, "geometry": { "type": "Polygon", "coordinates": [ [ [ 105.741623527328869, 20.944290645097922 ], [ 105.741160488987575, 20.946146426277487 ], [ 105.739212858202819, 20.946751986149312 ], [ 105.737728272782107, 20.945501750906232 ], [ 105.738191340034263, 20.943645954172695 ], [ 105.740138963796923, 20.943040408235799 ], [ 105.741623527328869, 20.944290645097922 ] ] ] } },
{ "type": "Feature", "properties": { "h3_id": "8941436a22bffff", "h3_resolution": 9, "h3_parent_res8": "8841436a23fffff", "centroid_lat": 20.948646763932679, "centroid_lon": 105.74412963848584, "legacy_district": "Hà Đông" }, "geometry": { "type": "Polygon", "coordinates": [ [ [ 105.746077218730463, 20.948041154011904 ], [ 105.745614213434365, 20.949896882335302 ], [ 105.74366661529011, 20.950502490197053 ], [ 105.742182029458803, 20.94925235579727 ], [ 105.742645063669599, 20.947396611912556 ], [ 105.744592654797643, 20.946791017988531 ], [ 105.746077218730463, 20.948041154011904 ] ] ] } },
{ "type": "Feature", "properties": { "h3_id": "8941436a22fffff", "h3_resolution": 9, "h3_parent_res8": "8841436a23fffff", "centroid_lat": 20.948002187780506, "centroid_lon": 105.74069744376239, "legacy_district": "Hà Đông" }, "geometry": { "type": "Polygon", "coordinates": [ [ [ 105.742645063669599, 20.947396611912556 ], [ 105.742182029458803, 20.94925235579727 ], [ 105.740234391653189, 20.949857929603041 ], [ 105.738749795079869, 20.94860774558974 ], [ 105.739212858202819, 20.946751986149312 ], [ 105.741160488987575, 20.946146426277487 ], [ 105.742645063669599, 20.947396611912556 ] ] ] } },
{ "type": "Feature", "properties": { "h3_id": "8941436a233ffff", "h3_resolution": 9, "h3_parent_res8": "8841436a23fffff", "centroid_lat": 20.943079467076664, "centroid_lon": 105.7455186667697, "legacy_district": "Hà Đông" }, "geometry": { "type": "Polygon", "coordinates": [ [ [ 105.747466193315717, 20.942473850992759 ], [ 105.747003208671046, 20.944329638336693 ], [ 105.745055664225546, 20.944935252368538 ], [ 105.743571111439465, 20.943685065112593 ], [ 105.74403412499872, 20.941829262205232 ], [ 105.745981662430168, 20.941223662116844 ], [ 105.747466193315717, 20.942473850992759 ] ] ] } },
{ "type": "Feature", "properties": { "h3_id": "8941436a237ffff", "h3_resolution": 9, "h3_parent_res8": "8841436a23fffff", "centroid_lat": 20.94243484424576, "centroid_lon": 105.74208655878637, "legacy_district": "Hà Đông" }, "geometry": { "type": "Polygon", "coordinates": [ [ [ 105.74403412499872, 20.941829262205232 ], [ 105.743571111439465, 20.943685065112593 ], [ 105.741623527328869, 20.944290645097922 ], [ 105.740138963796923, 20.943040408235799 ], [ 105.740602006268247, 20.9411845897706 ], [ 105.74254958336013, 20.940579023724951 ], [ 105.74403412499872, 20.941829262205232 ] ] ] } },
{ "type": "Feature", "properties": { "h3_id": "8941436a23bffff", "h3_resolution": 9, "h3_parent_res8": "8841436a23fffff", "centroid_lat": 20.946185406011047, "centroid_lon": 105.74654021714265, "legacy_district": "Hà Đông" }, "geometry": { "type": "Polygon", "coordinates": [ [ [ 105.748487750700804, 20.945579775982761 ], [ 105.748024770188778, 20.94743552603758 ], [ 105.746077218730463, 20.948041154011904 ], [ 105.744592654797643, 20.946791017988531 ], [ 105.745055664225546, 20.944935252368538 ], [ 105.747003208671046, 20.944329638336693 ], [ 105.748487750700804, 20.945579775982761 ] ] ] } },
{ "type": "Feature", "properties": { "h3_id": "8941436a243ffff", "h3_resolution": 9, "h3_parent_res8": "8841436a25fffff", "centroid_lat": 20.951224231847721, "centroid_lon": 105.7578579129805, "legacy_district": "Hà Đông" }, "geometry": { "type": "Polygon", "coordinates": [ [ [ 105.759805334444508, 20.950618485734768 ], [ 105.759342444832384, 20.952474151756903 ], [ 105.757395005463749, 20.95307989582345 ], [ 105.755910462705543, 20.951829959914626 ], [ 105.75637338124244, 20.949974278308776 ], [ 105.758320813613409, 20.949368548195043 ], [ 105.759805334444508, 20.950618485734768 ] ] ] } },
{ "type": "Feature", "properties": { "h3_id": "8941436a247ffff", "h3_resolution": 9, "h3_parent_res8": "8841436a25fffff", "centroid_lat": 20.950579990376546, "centroid_lon": 105.75442592006377, "legacy_district": "Hà Đông" }, "geometry": { "type": "Polygon", "coordinates": [ [ [ 105.75637338124244, 20.949974278308776 ], [ 105.755910462705543, 20.951829959914626 ], [ 105.753962983623467, 20.952435669932843 ], [ 105.75247843008124, 20.951185684395746 ], [ 105.752941377540409, 20.949329987211776 ], [ 105.754888849620173, 20.948724291142614 ], [ 105.75637338124244, 20.949974278308776 ] ] ] } },
{ "type": "Feature", "properties": { "h3_id": "8941436a24bffff", "h3_resolution": 9, "h3_parent_res8": "8841436a25fffff", "centroid_lat": 20.954329798100478, "centroid_lon": 105.75887954833638, "legacy_district": "Hà Đông" }, "geometry": { "type": "Polygon", "coordinates": [ [ [ 105.760826976796068, 20.953724038033766 ], [ 105.760364091321478, 20.955579666743162 ], [ 105.758416644956455, 20.956185424761543 ], [ 105.756932091063064, 20.954935540118289 ], [ 105.757395005463749, 20.95307989582345 ], [ 105.759342444832384, 20.952474151756903 ], [ 105.760826976796068, 20.953724038033766 ] ] ] } },
{ "type": "Feature", "properties": { "h3_id": "8941436a24fffff", "h3_resolution": 9, "h3_parent_res8": "8841436a25fffff", "centroid_lat": 20.953685621841203, "centroid_lon": 105.75544753728474, "legacy_district": "Hà Đông" }, "geometry": { "type": "Polygon", "coordinates": [ [ [ 105.757395005463749, 20.95307989582345 ], [ 105.756932091063064, 20.954935540118289 ], [ 105.754984604979967, 20.955541264084577 ], [ 105.75350004029923, 20.954291329807539 ], [ 105.753962983623467, 20.952435669932843 ], [ 105.755910462705543, 20.951829959914626 ], [ 105.757395005463749, 20.95307989582345 ] ] ] } },
{ "type": "Feature", "properties": { "h3_id": "8941436a253ffff", "h3_resolution": 9, "h3_parent_res8": "8841436a25fffff", "centroid_lat": 20.948762800038015, "centroid_lon": 105.76026821717285, "legacy_district": "Hà Đông" }, "geometry": { "type": "Polygon", "coordinates": [ [ [ 105.76221559191687, 20.94815703384031 ], [ 105.761752727093665, 20.950012721578396 ], [ 105.759805334444508, 20.950618485734768 ], [ 105.758320813613409, 20.949368548195043 ], [ 105.75878370736261, 20.947512844869365 ], [ 105.760731093017526, 20.946907094670589 ], [ 105.76221559191687, 20.94815703384031 ] ] ] } },
{ "type": "Feature", "properties": { "h3_id": "8941436a257ffff", "h3_resolution": 9, "h3_parent_res8": "8841436a25fffff", "centroid_lat": 20.948118577027589, "centroid_lon": 105.75683629289553, "legacy_district": "Hà Đông" }, "geometry": { "type": "Polygon", "coordinates": [ [ [ 105.75878370736261, 20.947512844869365 ], [ 105.758320813613409, 20.949368548195043 ], [ 105.75637338124244, 20.949974278308776 ], [ 105.754888849620173, 20.948724291142614 ], [ 105.755351772292826, 20.946868572234958 ], [ 105.757299197664921, 20.94626285607503 ], [ 105.75878370736261, 20.947512844869365 ] ] ] } },
{ "type": "Feature", "properties": { "h3_id": "8941436a25bffff", "h3_resolution": 9, "h3_parent_res8": "8841436a25fffff", "centroid_lat": 20.951868389644204, "centroid_lon": 105.76128985538676, "legacy_district": "Hà Đông" }, "geometry": { "type": "Polygon", "coordinates": [ [ [ 105.763237237123079, 20.951262609487994 ], [ 105.762774376438244, 20.953118259920817 ], [ 105.760826976796068, 20.953724038033766 ], [ 105.759342444832384, 20.952474151756903 ], [ 105.759805334444508, 20.950618485734768 ], [ 105.761752727093665, 20.950012721578396 ], [ 105.763237237123079, 20.951262609487994 ] ] ] } },
{ "type": "Feature", "properties": { "h3_id": "8941436a263ffff", "h3_resolution": 9, "h3_parent_res8": "8841436a27fffff", "centroid_lat": 20.952397018277843, "centroid_lon": 105.74858336372017, "legacy_district": "Hà Đông" }, "geometry": { "type": "Polygon", "coordinates": [ [ [ 105.750530911298767, 20.951791360363721 ], [ 105.750067939053494, 20.953647035812676 ], [ 105.748120373573272, 20.954252691669012 ], [ 105.746635787349334, 20.953002658135468 ], [ 105.747098788513142, 20.951146967117875 ], [ 105.749046346983022, 20.950541325202053 ], [ 105.750530911298767, 20.951791360363721 ] ] ] } },
{ "type": "Feature", "properties": { "h3_id": "8941436a267ffff", "h3_resolution": 9, "h3_parent_res8": "8841436a27fffff", "centroid_lat": 20.951752590977303, "centroid_lon": 105.74515120125427, "legacy_district": "Hà Đông" }, "geometry": { "type": "Polygon", "coordinates": [ [ [ 105.747098788513142, 20.951146967117875 ], [ 105.746635787349334, 20.953002658135468 ], [ 105.744688182190103, 20.953608279933967 ], [ 105.743203585210296, 20.952358196777695 ], [ 105.74366661529011, 20.950502490197053 ], [ 105.745614213434365, 20.949896882335302 ], [ 105.747098788513142, 20.951146967117875 ] ] ] } },
{ "type": "Feature", "properties": { "h3_id": "8941436a26bffff", "h3_resolution": 9, "h3_parent_res8": "8841436a27fffff", "centroid_lat": 20.955502691575365, "centroid_lon": 105.74960495992411, "legacy_district": "Hà Đông" }, "geometry": { "type": "Polygon", "coordinates": [ [ [ 105.751552514511076, 20.954897019719809 ], [ 105.751089546399854, 20.956752657852 ], [ 105.749141973910568, 20.957358327647871 ], [ 105.747657376542222, 20.956108345371597 ], [ 105.748120373573272, 20.954252691669012 ], [ 105.750067939053494, 20.953647035812676 ], [ 105.751552514511076, 20.954897019719809 ] ] ] } },
{ "type": "Feature", "properties": { "h3_id": "8941436a26fffff", "h3_resolution": 9, "h3_parent_res8": "8841436a27fffff", "centroid_lat": 20.954858329466109, "centroid_lon": 105.7461727793014, "legacy_district": "Hà Đông" }, "geometry": { "type": "Polygon", "coordinates": [ [ [ 105.748120373573272, 20.954252691669012 ], [ 105.747657376542222, 20.956108345371597 ], [ 105.745709764369266, 20.956713981105846 ], [ 105.74422515624174, 20.955463949201338 ], [ 105.744688182190103, 20.953608279933967 ], [ 105.746635787349334, 20.953002658135468 ], [ 105.748120373573272, 20.954252691669012 ] ] ] } },
{ "type": "Feature", "properties": { "h3_id": "8941436a273ffff", "h3_resolution": 9, "h3_parent_res8": "8841436a27fffff", "centroid_lat": 20.949935665232474, "centroid_lon": 105.75099387666006, "legacy_district": "Hà Đông" }, "geometry": { "type": "Polygon", "coordinates": [ [ [ 105.752941377540409, 20.949329987211776 ], [ 105.75247843008124, 20.951185684395746 ], [ 105.750530911298767, 20.951791360363721 ], [ 105.749046346983022, 20.950541325202053 ], [ 105.749509323361906, 20.948685612445573 ], [ 105.751456835137461, 20.948079950422862 ], [ 105.752941377540409, 20.949329987211776 ] ] ] } },
{ "type": "Feature", "properties": { "h3_id": "8941436a277ffff", "h3_resolution": 9, "h3_parent_res8": "8841436a27fffff", "centroid_lat": 20.949291256417254, "centroid_lon": 105.74756178279291, "legacy_district": "Hà Đông" }, "geometry": { "type": "Polygon", "coordinates": [ [ [ 105.749509323361906, 20.948685612445573 ], [ 105.749046346983022, 20.950541325202053 ], [ 105.747098788513142, 20.951146967117875 ], [ 105.745614213434365, 20.949896882335302 ], [ 105.746077218730463, 20.948041154011904 ], [ 105.748024770188778, 20.94743552603758 ], [ 105.749509323361906, 20.948685612445573 ] ] ] } },
{ "type": "Feature", "properties": { "h3_id": "8941436a27bffff", "h3_resolution": 9, "h3_parent_res8": "8841436a27fffff", "centroid_lat": 20.953041361899743, "centroid_lon": 105.75201547573818, "legacy_district": "Hà Đông" }, "geometry": { "type": "Polygon", "coordinates": [ [ [ 105.753962983623467, 20.952435669932843 ], [ 105.75350004029923, 20.954291329807539 ], [ 105.751552514511076, 20.954897019719809 ], [ 105.750067939053494, 20.953647035812676 ], [ 105.750530911298767, 20.951791360363721 ], [ 105.75247843008124, 20.951185684395746 ], [ 105.753962983623467, 20.952435669932843 ] ] ] } },
{ "type": "Feature", "properties": { "h3_id": "8941436a283ffff", "h3_resolution": 9, "h3_parent_res8": "8841436a29fffff", "centroid_lat": 20.936339556215966, "centroid_lon": 105.75618181701228, "legacy_district": "Hà Đông" }, "geometry": { "type": "Polygon", "coordinates": [ [ [ 105.758129163774683, 20.935733845862124 ], [ 105.75766628240271, 20.937589682729165 ], [ 105.755718917738022, 20.938195391049327 ], [ 105.754234441445192, 20.936945248540514 ], [ 105.754697351737889, 20.935089396092845 ], [ 105.756644709403346, 20.934483701734198 ], [ 105.758129163774683, 20.935733845862124 ] ] ] } },
{ "type": "Feature", "properties": { "h3_id": "8941436a287ffff", "h3_resolution": 9, "h3_parent_res8": "8841436a29fffff", "centroid_lat": 20.935695072422298, "centroid_lon": 105.75274996527101, "legacy_district": "Hà Đông" }, "geometry": { "type": "Polygon", "coordinates": [ [ [ 105.754697351737889, 20.935089396092845 ], [ 105.754234441445192, 20.936945248540514 ], [ 105.752287037077252, 20.937550922833125 ], [ 105.75080255000654, 20.936300730719921 ], [ 105.751265489217488, 20.934444862697227 ], [ 105.753212886581537, 20.933839202362343 ], [ 105.754697351737889, 20.935089396092845 ] ] ] } },
{ "type": "Feature", "properties": { "h3_id": "8941436a28bffff", "h3_resolution": 9, "h3_parent_res8": "8841436a29fffff", "centroid_lat": 20.939445499946174, "centroid_lon": 105.75720339414754, "legacy_district": "Hà Đông" }, "geometry": { "type": "Polygon", "coordinates": [ [ [ 105.759150747907213, 20.938839775629894 ], [ 105.758687870671736, 20.940695575228524 ], [ 105.756740499009055, 20.941301297509206 ], [ 105.755256011580485, 20.940051206230319 ], [ 105.755718917738022, 20.938195391049327 ], [ 105.75766628240271, 20.937589682729165 ], [ 105.759150747907213, 20.938839775629894 ] ] ] } },
{ "type": "Feature", "properties": { "h3_id": "8941436a28fffff", "h3_resolution": 9, "h3_parent_res8": "8841436a29fffff", "centroid_lat": 20.938801081337449, "centroid_lon": 105.75377152426923, "legacy_district": "Hà Đông" }, "geometry": { "type": "Polygon", "coordinates": [ [ [ 105.755718917738022, 20.938195391049327 ], [ 105.755256011580485, 20.940051206230319 ], [ 105.75330860020992, 20.940656894479687 ], [ 105.751824102000171, 20.939406753590895 ], [ 105.752287037077252, 20.937550922833125 ], [ 105.754234441445192, 20.936945248540514 ], [ 105.755718917738022, 20.938195391049327 ] ] ] } },
{ "type": "Feature", "properties": { "h3_id": "8941436a293ffff", "h3_resolution": 9, "h3_parent_res8": "8841436a29fffff", "centroid_lat": 20.933877989349, "centroid_lon": 105.75859203826352, "legacy_district": "Hà Đông" }, "geometry": { "type": "Polygon", "coordinates": [ [ [ 105.760539338314544, 20.933272258939894 ], [ 105.760076481728504, 20.935128117481629 ], [ 105.758129163774683, 20.935733845862124 ], [ 105.756644709403346, 20.934483701734198 ], [ 105.757107594911332, 20.932627827607963 ], [ 105.75905490586932, 20.932022113193732 ], [ 105.760539338314544, 20.933272258939894 ] ] ] } },
{ "type": "Feature", "properties": { "h3_id": "8941436a297ffff", "h3_resolution": 9, "h3_parent_res8": "8841436a29fffff", "centroid_lat": 20.933233523998375, "centroid_lon": 105.75516025514744, "legacy_district": "Hà Đông" }, "geometry": { "type": "Polygon", "coordinates": [ [ [ 105.757107594911332, 20.932627827607963 ], [ 105.756644709403346, 20.934483701734198 ], [ 105.754697351737889, 20.935089396092845 ], [ 105.753212886581537, 20.933839202362343 ], [ 105.753675801008967, 20.931983312657216 ], [ 105.755623151673959, 20.931377632261061 ], [ 105.757107594911332, 20.932627827607963 ] ] ] } },
{ "type": "Feature", "properties": { "h3_id": "8941436a29bffff", "h3_resolution": 9, "h3_parent_res8": "8841436a29fffff", "centroid_lat": 20.936983956379613, "centroid_lon": 105.75961361825944, "legacy_district": "Hà Đông" }, "geometry": { "type": "Polygon", "coordinates": [ [ [ 105.761560925304337, 20.936378212003312 ], [ 105.761098072855646, 20.938234033284118 ], [ 105.759150747907213, 20.938839775629894 ], [ 105.75766628240271, 20.937589682729165 ], [ 105.758129163774683, 20.935733845862124 ], [ 105.760076481728504, 20.935128117481629 ], [ 105.761560925304337, 20.936378212003312 ] ] ] } },
{ "type": "Feature", "properties": { "h3_id": "8941436a2a3ffff", "h3_resolution": 9, "h3_parent_res8": "8841436a2bfffff", "centroid_lat": 20.937511993209153, "centroid_lon": 105.74690763310038, "legacy_district": "Hà Đông" }, "geometry": { "type": "Polygon", "coordinates": [ [ [ 105.748855105948394, 20.936906370983095 ], [ 105.748392141954298, 20.938762217312025 ], [ 105.746444651207014, 20.93936783749302 ], [ 105.744960131466385, 20.93811759739549 ], [ 105.74542312437498, 20.936261735500995 ], [ 105.747370608110344, 20.935656129269184 ], [ 105.748855105948394, 20.936906370983095 ] ] ] } },
{ "type": "Feature", "properties": { "h3_id": "8941436a2a7ffff", "h3_resolution": 9, "h3_parent_res8": "8841436a2bfffff", "centroid_lat": 20.936867323693157, "centroid_lon": 105.74347561185689, "legacy_district": "Hà Đông" }, "geometry": { "type": "Polygon", "coordinates": [ [ [ 105.74542312437498, 20.936261735500995 ], [ 105.744960131466385, 20.93811759739549 ], [ 105.743012601050268, 20.93872318353943 ], [ 105.741528070559951, 20.937472893843061 ], [ 105.741991092380502, 20.935617016388601 ], [ 105.743938615780067, 20.935011444190071 ], [ 105.74542312437498, 20.936261735500995 ] ] ] } },
{ "type": "Feature", "properties": { "h3_id": "8941436a2abffff", "h3_resolution": 9, "h3_parent_res8": "8841436a2bfffff", "centroid_lat": 20.940618043983232, "centroid_lon": 105.74792917107678, "legacy_district": "Hà Đông" }, "geometry": { "type": "Polygon", "coordinates": [ [ [ 105.749876650934738, 20.940012407807032 ], [ 105.74941369107367, 20.941868216863554 ], [ 105.747466193315717, 20.942473850992759 ], [ 105.745981662430168, 20.941223662116844 ], [ 105.746444651207014, 20.93936783749302 ], [ 105.748392141954298, 20.938762217312025 ], [ 105.749876650934738, 20.940012407807032 ] ] ] } },
{ "type": "Feature", "properties": { "h3_id": "8941436a2afffff", "h3_resolution": 9, "h3_parent_res8": "8841436a2bfffff", "centroid_lat": 20.939973439631547, "centroid_lon": 105.74449713167434, "legacy_district": "Hà Đông" }, "geometry": { "type": "Polygon", "coordinates": [ [ [ 105.746444651207014, 20.93936783749302 ], [ 105.745981662430168, 20.941223662116844 ], [ 105.74403412499872, 20.941829262205232 ], [ 105.74254958336013, 20.940579023724951 ], [ 105.743012601050268, 20.93872318353943 ], [ 105.744960131466385, 20.93811759739549 ], [ 105.746444651207014, 20.93936783749302 ] ] ] } },
{ "type": "Feature", "properties": { "h3_id": "8941436a2b3ffff", "h3_resolution": 9, "h3_parent_res8": "8841436a2bfffff", "centroid_lat": 20.935050505000383, "centroid_lon": 105.74931806305914, "legacy_district": "Hà Đông" }, "geometry": { "type": "Polygon", "coordinates": [ [ [ 105.751265489217488, 20.934444862697227 ], [ 105.75080255000654, 20.936300730719921 ], [ 105.748855105948394, 20.936906370983095 ], [ 105.747370608110344, 20.935656129269184 ], [ 105.747833576236985, 20.933800245677059 ], [ 105.749781013286622, 20.93319461936785 ], [ 105.751265489217488, 20.934444862697227 ] ] ] } },
{ "type": "Feature", "properties": { "h3_id": "8941436a2b7ffff", "h3_resolution": 9, "h3_parent_res8": "8841436a2bfffff", "centroid_lat": 20.934405853952011, "centroid_lon": 105.74588611040018, "legacy_district": "Hà Đông" }, "geometry": { "type": "Polygon", "coordinates": [ [ [ 105.747833576236985, 20.933800245677059 ], [ 105.747370608110344, 20.935656129269184 ], [ 105.74542312437498, 20.936261735500995 ], [ 105.743938615780067, 20.935011444190071 ], [ 105.7444016128199, 20.933155545034118 ], [ 105.746349089542107, 20.932549952752499 ], [ 105.747833576236985, 20.933800245677059 ] ] ] } },
{ "type": "Feature", "properties": { "h3_id": "8941436a2bbffff", "h3_resolution": 9, "h3_parent_res8": "8841436a2bfffff", "centroid_lat": 20.938156579091181, "centroid_lon": 105.75033960391234, "legacy_district": "Hà Đông" }, "geometry": { "type": "Polygon", "coordinates": [ [ [ 105.752287037077252, 20.937550922833125 ], [ 105.751824102000171, 20.939406753590895 ], [ 105.749876650934738, 20.940012407807032 ], [ 105.748392141954298, 20.938762217312025 ], [ 105.748855105948394, 20.936906370983095 ], [ 105.75080255000654, 20.936300730719921 ], [ 105.752287037077252, 20.937550922833125 ] ] ] } },
{ "type": "Feature", "properties": { "h3_id": "8941436a2c3ffff", "h3_resolution": 9, "h3_parent_res8": "8841436a2dfffff", "centroid_lat": 20.943195624939499, "centroid_lon": 105.7616568240562, "legacy_district": "Hà Đông" }, "geometry": { "type": "Polygon", "coordinates": [ [ [ 105.763604145085125, 20.942589852631745 ], [ 105.763141300912494, 20.944445599363032 ], [ 105.761193961978606, 20.945051369636435 ], [ 105.759709474210112, 20.943801379214808 ], [ 105.760172347308625, 20.941945616893815 ], [ 105.762119679250404, 20.941339860583739 ], [ 105.763604145085125, 20.942589852631745 ] ] ] } },
{ "type": "Feature", "properties": { "h3_id": "8941436a2c7ffff", "h3_resolution": 9, "h3_parent_res8": "8841436a2dfffff", "centroid_lat": 20.942551355171553, "centroid_lon": 105.75822498655292, "legacy_district": "Hà Đông" }, "geometry": { "type": "Polygon", "coordinates": [ [ [ 105.760172347308625, 20.941945616893815 ], [ 105.759709474210112, 20.943801379214808 ], [ 105.757762095550675, 20.944407115455043 ], [ 105.756277596987175, 20.943157075414309 ], [ 105.756740499009055, 20.941301297509206 ], [ 105.758687870671736, 20.940695575228524 ], [ 105.760172347308625, 20.941945616893815 ] ] ] } },
{ "type": "Feature", "properties": { "h3_id": "8941436a2cbffff", "h3_resolution": 9, "h3_parent_res8": "8841436a2dfffff", "centroid_lat": 20.946301326433868, "centroid_lon": 105.76267844985644, "legacy_district": "Hà Đông" }, "geometry": { "type": "Polygon", "coordinates": [ [ [ 105.764625777875494, 20.945695540161868 ], [ 105.764162937841604, 20.947551249604579 ], [ 105.76221559191687, 20.94815703384031 ], [ 105.760731093017526, 20.946907094670589 ], [ 105.761193961978606, 20.945051369636435 ], [ 105.763141300912494, 20.944445599363032 ], [ 105.764625777875494, 20.945695540161868 ] ] ] } },
{ "type": "Feature", "properties": { "h3_id": "8941436a2cfffff", "h3_resolution": 9, "h3_parent_res8": "8841436a2dfffff", "centroid_lat": 20.945657121874646, "centroid_lon": 105.75924659422813, "legacy_district": "Hà Đông" }, "geometry": { "type": "Polygon", "coordinates": [ [ [ 105.761193961978606, 20.945051369636435 ], [ 105.760731093017526, 20.946907094670589 ], [ 105.75878370736261, 20.947512844869365 ], [ 105.757299197664921, 20.94626285607503 ], [ 105.757762095550675, 20.944407115455043 ], [ 105.759709474210112, 20.943801379214808 ], [ 105.761193961978606, 20.945051369636435 ] ] ] } },
{ "type": "Feature", "properties": { "h3_id": "8941436a2d3ffff", "h3_resolution": 9, "h3_parent_res8": "8841436a2dfffff", "centroid_lat": 20.94073408624395, "centroid_lon": 105.76406698237442, "legacy_district": "Hà Đông" }, "geometry": { "type": "Polygon", "coordinates": [ [ [ 105.766014256676797, 20.940128293877098 ], [ 105.765551437292984, 20.941984062294189 ], [ 105.763604145085125, 20.942589852631745 ], [ 105.762119679250404, 20.941339860583739 ], [ 105.762582527561293, 20.939484076573073 ], [ 105.764529812780467, 20.938878300203591 ], [ 105.766014256676797, 20.940128293877098 ] ] ] } },
{ "type": "Feature", "properties": { "h3_id": "8941436a2d7ffff", "h3_resolution": 9, "h3_parent_res8": "8841436a2dfffff", "centroid_lat": 20.9400898349156, "centroid_lon": 105.76063521352377, "legacy_district": "Hà Đông" }, "geometry": { "type": "Polygon", "coordinates": [ [ [ 105.762582527561293, 20.939484076573073 ], [ 105.762119679250404, 20.941339860583739 ], [ 105.760172347308625, 20.941945616893815 ], [ 105.758687870671736, 20.940695575228524 ], [ 105.759150747907213, 20.938839775629894 ], [ 105.761098072855646, 20.938234033284118 ], [ 105.762582527561293, 20.939484076573073 ] ] ] } },
{ "type": "Feature", "properties": { "h3_id": "8941436a2dbffff", "h3_resolution": 9, "h3_parent_res8": "8841436a2dfffff", "centroid_lat": 20.943839811057089, "centroid_lon": 105.76508861102593, "legacy_district": "Hà Đông" }, "geometry": { "type": "Polygon", "coordinates": [ [ [ 105.767035892315036, 20.943234004721226 ], [ 105.766573077070831, 20.945089735857216 ], [ 105.764625777875494, 20.945695540161868 ], [ 105.763141300912494, 20.944445599363032 ], [ 105.763604145085125, 20.942589852631745 ], [ 105.765551437292984, 20.941984062294189 ], [ 105.767035892315036, 20.943234004721226 ] ] ] } },
{ "type": "Feature", "properties": { "h3_id": "8941436a303ffff", "h3_resolution": 9, "h3_parent_res8": "8841436a31fffff", "centroid_lat": 20.939855516449956, "centroid_lon": 105.72835762308368, "legacy_district": "Hà Đông" }, "geometry": { "type": "Polygon", "coordinates": [ [ [ 105.730305347831177, 20.939250070601972 ], [ 105.72984221863878, 20.941105935707061 ], [ 105.727894475998056, 20.941711379487231 ], [ 105.726409869587656, 20.940460944237323 ], [ 105.726873027682018, 20.938605063596796 ], [ 105.728820763285455, 20.93799963374121 ], [ 105.730305347831177, 20.939250070601972 ] ] ] } },
{ "type": "Feature", "properties": { "h3_id": "8941436a307ffff", "h3_resolution": 9, "h3_parent_res8": "8841436a31fffff", "centroid_lat": 20.939210475391885, "centroid_lon": 105.72492526333329, "legacy_district": "Hà Đông" }, "geometry": { "type": "Polygon", "coordinates": [ [ [ 105.726873027682018, 20.938605063596796 ], [ 105.726409869587656, 20.940460944237323 ], [ 105.724462087346964, 20.941066353961425 ], [ 105.722977470243194, 20.939815869123816 ], [ 105.723440657236992, 20.937959972953482 ], [ 105.725388432435764, 20.93735457715016 ], [ 105.726873027682018, 20.938605063596796 ] ] ] } },
{ "type": "Feature", "properties": { "h3_id": "8941436a30bffff", "h3_resolution": 9, "h3_parent_res8": "8841436a31fffff", "centroid_lat": 20.942961781139051, "centroid_lon": 105.72937908256252, "legacy_district": "Hà Đông" }, "geometry": { "type": "Polygon", "coordinates": [ [ [ 105.731326814345323, 20.942356321365565 ], [ 105.730863689279047, 20.944212149190236 ], [ 105.728915939602288, 20.944817606893988 ], [ 105.727431322028494, 20.943567222849065 ], [ 105.727894475998056, 20.941711379487231 ], [ 105.72984221863878, 20.941105935707061 ], [ 105.731326814345323, 20.942356321365565 ] ] ] } },
{ "type": "Feature", "properties": { "h3_id": "8941436a30fffff", "h3_resolution": 9, "h3_parent_res8": "8841436a31fffff", "centroid_lat": 20.942316805204026, "centroid_lon": 105.72594670460938, "legacy_district": "Hà Đông" }, "geometry": { "type": "Polygon", "coordinates": [ [ [ 105.727894475998056, 20.941711379487231 ], [ 105.727431322028494, 20.943567222849065 ], [ 105.72548353274712, 20.944172646492976 ], [ 105.723998904476645, 20.942922212854825 ], [ 105.724462087346964, 20.941066353961425 ], [ 105.726409869587656, 20.940460944237323 ], [ 105.727894475998056, 20.941711379487231 ] ] ] } },
{ "type": "Feature", "properties": { "h3_id": "8941436a313ffff", "h3_resolution": 9, "h3_parent_res8": "8841436a31fffff", "centroid_lat": 20.937394185827728, "centroid_lon": 105.73076847013978, "legacy_district": "Hà Đông" }, "geometry": { "type": "Polygon", "coordinates": [ [ [ 105.73271614824111, 20.936788719858999 ], [ 105.732253043826276, 20.938644606695998 ], [ 105.730305347831177, 20.939250070601972 ], [ 105.728820763285455, 20.93799963374121 ], [ 105.729283896603476, 20.936143731364915 ], [ 105.731231585564686, 20.935538281388268 ], [ 105.73271614824111, 20.936788719858999 ] ] ] } },
{ "type": "Feature", "properties": { "h3_id": "8941436a317ffff", "h3_resolution": 9, "h3_parent_res8": "8841436a31fffff", "centroid_lat": 20.936749163286422, "centroid_lon": 105.72733617889256, "legacy_district": "Hà Đông" }, "geometry": { "type": "Polygon", "coordinates": [ [ [ 105.729283896603476, 20.936143731364915 ], [ 105.728820763285455, 20.93799963374121 ], [ 105.726873027682018, 20.938605063596796 ], [ 105.725388432435764, 20.93735457715016 ], [ 105.725851594654458, 20.935498659240192 ], [ 105.727799323219372, 20.934893243310121 ], [ 105.729283896603476, 20.936143731364915 ] ] ] } },
{ "type": "Feature", "properties": { "h3_id": "8941436a31bffff", "h3_resolution": 9, "h3_parent_res8": "8841436a31fffff", "centroid_lat": 20.940500473866173, "centroid_lon": 105.7317899325277, "legacy_district": "Hà Đông" }, "geometry": { "type": "Polygon", "coordinates": [ [ [ 105.73373761766095, 20.939894993967183 ], [ 105.733274517373061, 20.941750843531249 ], [ 105.731326814345323, 20.942356321365565 ], [ 105.72984221863878, 20.941105935707061 ], [ 105.730305347831177, 20.939250070601972 ], [ 105.732253043826276, 20.938644606695998 ], [ 105.73373761766095, 20.939894993967183 ] ] ] } },
{ "type": "Feature", "properties": { "h3_id": "8941436a323ffff", "h3_resolution": 9, "h3_parent_res8": "8841436a33fffff", "centroid_lat": 20.941026602387666, "centroid_lon": 105.71908179785426, "legacy_district": "Hà Đông" }, "geometry": { "type": "Polygon", "coordinates": [ [ [ 105.721029648415566, 20.940421244789949 ], [ 105.720566436647033, 20.942277119209315 ], [ 105.71861856819551, 20.942882474727824 ], [ 105.717133918563164, 20.94163194191432 ], [ 105.717597159227381, 20.939776051974608 ], [ 105.719545020628928, 20.939170710368337 ], [ 105.721029648415566, 20.940421244789949 ] ] ] } },
{ "type": "Feature", "properties": { "h3_id": "8941436a327ffff", "h3_resolution": 9, "h3_parent_res8": "8841436a33fffff", "centroid_lat": 20.940381375509922, "centroid_lon": 105.71564926909933, "legacy_district": "Hà Đông" }, "geometry": { "type": "Polygon", "coordinates": [ [ [ 105.717597159227381, 20.939776051974608 ], [ 105.717133918563164, 20.94163194191432 ], [ 105.715186010546134, 20.942237263367275 ], [ 105.713701350248598, 20.940986680971648 ], [ 105.714164619805999, 20.939130775517196 ], [ 105.716112520768419, 20.938525467972699 ], [ 105.717597159227381, 20.939776051974608 ] ] ] } },
{ "type": "Feature", "properties": { "h3_id": "8941436a32bffff", "h3_resolution": 9, "h3_parent_res8": "8841436a33fffff", "centroid_lat": 20.944132973947877, "centroid_lon": 105.72010321799439, "legacy_district": "Hà Đông" }, "geometry": { "type": "Polygon", "coordinates": [ [ [ 105.722051075603687, 20.943527602436983 ], [ 105.721587867957808, 20.945383439571938 ], [ 105.719639992457587, 20.945988809001708 ], [ 105.718155331652625, 20.944738327384851 ], [ 105.71861856819551, 20.942882474727824 ], [ 105.720566436647033, 20.942277119209315 ], [ 105.722051075603687, 20.943527602436983 ] ] ] } },
{ "type": "Feature", "properties": { "h3_id": "8941436a32fffff", "h3_resolution": 9, "h3_parent_res8": "8841436a33fffff", "centroid_lat": 20.943487812172531, "centroid_lon": 105.71667067101481, "legacy_district": "Hà Đông" }, "geometry": { "type": "Polygon", "coordinates": [ [ [ 105.71861856819551, 20.942882474727824 ], [ 105.718155331652625, 20.944738327384851 ], [ 105.716207416582236, 20.945343662745298 ], [ 105.714722745108773, 20.9440931315408 ], [ 105.715186010546134, 20.942237263367275 ], [ 105.717133918563164, 20.94163194191432 ], [ 105.71861856819551, 20.942882474727824 ] ] ] } },
{ "type": "Feature", "properties": { "h3_id": "8941436a333ffff", "h3_resolution": 9, "h3_parent_res8": "8841436a33fffff", "centroid_lat": 20.938565350693754, "centroid_lon": 105.72149285330009, "legacy_district": "Hà Đông" }, "geometry": { "type": "Polygon", "coordinates": [ [ [ 105.723440657236992, 20.937959972953482 ], [ 105.722977470243194, 20.939815869123816 ], [ 105.721029648415566, 20.940421244789949 ], [ 105.719545020628928, 20.939170710368337 ], [ 105.720008236519661, 20.937314798673789 ], [ 105.721956051300737, 20.936709436924652 ], [ 105.723440657236992, 20.937959972953482 ] ] ] } },
{ "type": "Feature", "properties": { "h3_id": "8941436a337ffff", "h3_resolution": 9, "h3_parent_res8": "8841436a33fffff", "centroid_lat": 20.937920142357346, "centroid_lon": 105.71806039300759, "legacy_district": "Hà Đông" }, "geometry": { "type": "Polygon", "coordinates": [ [ [ 105.720008236519661, 20.937314798673789 ], [ 105.719545020628928, 20.939170710368337 ], [ 105.717597159227381, 20.939776051974608 ], [ 105.716112520768419, 20.938525467972699 ], [ 105.716575765553529, 20.936669540759532 ], [ 105.718523619903863, 20.936064213066484 ], [ 105.720008236519661, 20.937314798673789 ] ] ] } },
{ "type": "Feature", "properties": { "h3_id": "8941436a33bffff", "h3_resolution": 9, "h3_parent_res8": "8841436a33fffff", "centroid_lat": 20.941671745619633, "centroid_lon": 105.72251427636546, "legacy_district": "Hà Đông" }, "geometry": { "type": "Polygon", "coordinates": [ [ [ 105.724462087346964, 20.941066353961425 ], [ 105.723998904476645, 20.942922212854825 ], [ 105.722051075603687, 20.943527602436983 ], [ 105.720566436647033, 20.942277119209315 ], [ 105.721029648415566, 20.940421244789949 ], [ 105.722977470243194, 20.939815869123816 ], [ 105.724462087346964, 20.941066353961425 ] ] ] } },
{ "type": "Feature", "properties": { "h3_id": "8941436a343ffff", "h3_resolution": 9, "h3_parent_res8": "8841436a35fffff", "centroid_lat": 20.946712784480511, "centroid_lon": 105.73383290316032, "legacy_district": "Hà Đông" }, "geometry": { "type": "Polygon", "coordinates": [ [ [ 105.735780602353671, 20.946107276723954 ], [ 105.735317510321067, 20.947963051714478 ], [ 105.733369793231816, 20.948568557402556 ], [ 105.731885175205932, 20.947318274173284 ], [ 105.732348296145645, 20.945462483638241 ], [ 105.734296006204758, 20.944856991876556 ], [ 105.735780602353671, 20.946107276723954 ] ] ] } },
{ "type": "Feature", "properties": { "h3_id": "8941436a347ffff", "h3_resolution": 9, "h3_parent_res8": "8841436a35fffff", "centroid_lat": 20.94606795733625, "centroid_lon": 105.73040055732876, "legacy_district": "Hà Đông" }, "geometry": { "type": "Polygon", "coordinates": [ [ [ 105.732348296145645, 20.945462483638241 ], [ 105.731885175205932, 20.947318274173284 ], [ 105.729937418494401, 20.947923745799642 ], [ 105.728452789757981, 20.946673412967936 ], [ 105.728915939602288, 20.944817606893988 ], [ 105.730863689279047, 20.944212149190236 ], [ 105.732348296145645, 20.945462483638241 ] ] ] } },
{ "type": "Feature", "properties": { "h3_id": "8941436a34bffff", "h3_resolution": 9, "h3_parent_res8": "8841436a35fffff", "centroid_lat": 20.949818807021497, "centroid_lon": 105.7348544114044, "legacy_district": "Hà Đông" }, "geometry": { "type": "Polygon", "coordinates": [ [ [ 105.736802117625928, 20.94921328533761 ], [ 105.736339029721691, 20.951069023027561 ], [ 105.734391305603523, 20.951674542641033 ], [ 105.732906676419148, 20.950424310638745 ], [ 105.733369793231816, 20.948568557402556 ], [ 105.735317510321067, 20.947963051714478 ], [ 105.736802117625928, 20.94921328533761 ] ] ] } },
{ "type": "Feature", "properties": { "h3_id": "8941436a34fffff", "h3_resolution": 9, "h3_parent_res8": "8841436a35fffff", "centroid_lat": 20.949174045024101, "centroid_lon": 105.73142204738211, "legacy_district": "Hà Đông" }, "geometry": { "type": "Polygon", "coordinates": [ [ [ 105.733369793231816, 20.948568557402556 ], [ 105.732906676419148, 20.950424310638745 ], [ 105.730958912674069, 20.951029796186727 ], [ 105.729474272775846, 20.94977951457648 ], [ 105.729937418494401, 20.947923745799642 ], [ 105.731885175205932, 20.947318274173284 ], [ 105.733369793231816, 20.948568557402556 ] ] ] } },
{ "type": "Feature", "properties": { "h3_id": "8941436a353ffff", "h3_resolution": 9, "h3_parent_res8": "8841436a35fffff", "centroid_lat": 20.944251482053833, "centroid_lon": 105.73624368750225, "legacy_district": "Hà Đông" }, "geometry": { "type": "Polygon", "coordinates": [ [ [ 105.738191340034263, 20.943645954172695 ], [ 105.737728272782107, 20.945501750906232 ], [ 105.735780602353671, 20.946107276723954 ], [ 105.734296006204758, 20.944856991876556 ], [ 105.734759102365231, 20.943001179594656 ], [ 105.736706765766939, 20.942395667708087 ], [ 105.738191340034263, 20.943645954172695 ] ] ] } },
{ "type": "Feature", "properties": { "h3_id": "8941436a357ffff", "h3_resolution": 9, "h3_parent_res8": "8841436a35fffff", "centroid_lat": 20.943606673422916, "centroid_lon": 105.73281141020131, "legacy_district": "Hà Đông" }, "geometry": { "type": "Polygon", "coordinates": [ [ [ 105.734759102365231, 20.943001179594656 ], [ 105.734296006204758, 20.944856991876556 ], [ 105.732348296145645, 20.945462483638241 ], [ 105.730863689279047, 20.944212149190236 ], [ 105.731326814345323, 20.942356321365565 ], [ 105.733274517373061, 20.941750843531249 ], [ 105.734759102365231, 20.943001179594656 ] ] ] } },
{ "type": "Feature", "properties": { "h3_id": "8941436a35bffff", "h3_resolution": 9, "h3_parent_res8": "8841436a35fffff", "centroid_lat": 20.947357527962517, "centroid_lon": 105.73726519864603, "legacy_district": "Hà Đông" }, "geometry": { "type": "Polygon", "coordinates": [ [ [ 105.739212858202819, 20.946751986149312 ], [ 105.738749795079869, 20.94860774558974 ], [ 105.736802117625928, 20.94921328533761 ], [ 105.735317510321067, 20.947963051714478 ], [ 105.735780602353671, 20.946107276723954 ], [ 105.737728272782107, 20.945501750906232 ], [ 105.739212858202819, 20.946751986149312 ] ] ] } },
{ "type": "Feature", "properties": { "h3_id": "8941436a363ffff", "h3_resolution": 9, "h3_parent_res8": "8841436a37fffff", "centroid_lat": 20.94788427002182, "centroid_lon": 105.72455716837024, "legacy_district": "Hà Đông" }, "geometry": { "type": "Polygon", "coordinates": [ [ [ 105.726504993437189, 20.947278850530676 ], [ 105.726041818815276, 20.949134634842554 ], [ 105.724093975855411, 20.949740052253826 ], [ 105.722609314560984, 20.94848967143875 ], [ 105.723072518083754, 20.946633871597431 ], [ 105.725020354000776, 20.946028468100231 ], [ 105.726504993437189, 20.947278850530676 ] ] ] } },
{ "type": "Feature", "properties": { "h3_id": "8941436a367ffff", "h3_resolution": 9, "h3_parent_res8": "8841436a37fffff", "centroid_lat": 20.94723925702052, "centroid_lon": 105.72112465342769, "legacy_district": "Hà Đông" }, "geometry": { "type": "Polygon", "coordinates": [ [ [ 105.723072518083754, 20.946633871597431 ], [ 105.722609314560984, 20.94848967143875 ], [ 105.720661432013287, 20.949095054778809 ], [ 105.71917676003649, 20.947844624366855 ], [ 105.719639992457587, 20.945988809001708 ], [ 105.721587867957808, 20.945383439571938 ], [ 105.723072518083754, 20.946633871597431 ] ] ] } },
{ "type": "Feature", "properties": { "h3_id": "8941436a36bffff", "h3_resolution": 9, "h3_parent_res8": "8841436a37fffff", "centroid_lat": 20.950990399463212, "centroid_lon": 105.72557863730903, "legacy_district": "Hà Đông" }, "geometry": { "type": "Polygon", "coordinates": [ [ [ 105.727526469416858, 20.950384966057065 ], [ 105.72706329891983, 20.952240713064356 ], [ 105.725115448918402, 20.952846144388722 ], [ 105.723630776456218, 20.951595814792292 ], [ 105.724093975855411, 20.949740052253826 ], [ 105.726041818815276, 20.949134634842554 ], [ 105.727526469416858, 20.950384966057065 ] ] ] } },
{ "type": "Feature", "properties": { "h3_id": "8941436a373ffff", "h3_resolution": 9, "h3_parent_res8": "8841436a37fffff", "centroid_lat": 20.945423046531534, "centroid_lon": 105.72696816117491, "legacy_district": "Hà Đông" }, "geometry": { "type": "Polygon", "coordinates": [ [ [ 105.728915939602288, 20.944817606893988 ], [ 105.728452789757981, 20.946673412967936 ], [ 105.726504993437189, 20.947278850530676 ], [ 105.725020354000776, 20.946028468100231 ], [ 105.72548353274712, 20.944172646492976 ], [ 105.727431322028494, 20.943567222849065 ], [ 105.728915939602288, 20.944817606893988 ] ] ] } },
{ "type": "Feature", "properties": { "h3_id": "8941436a377ffff", "h3_resolution": 9, "h3_parent_res8": "8841436a37fffff", "centroid_lat": 20.944778052068145, "centroid_lon": 105.72353571472227, "legacy_district": "Hà Đông" }, "geometry": { "type": "Polygon", "coordinates": [ [ [ 105.72548353274712, 20.944172646492976 ], [ 105.725020354000776, 20.946028468100231 ], [ 105.723072518083754, 20.946633871597431 ], [ 105.721587867957808, 20.945383439571938 ], [ 105.722051075603687, 20.943527602436983 ], [ 105.723998904476645, 20.942922212854825 ], [ 105.72548353274712, 20.944172646492976 ] ] ] } },
{ "type": "Feature", "properties": { "h3_id": "8941436a37bffff", "h3_resolution": 9, "h3_parent_res8": "8841436a37fffff", "centroid_lat": 20.948529199356944, "centroid_lon": 105.72798963302955, "legacy_district": "Hà Đông" }, "geometry": { "type": "Polygon", "coordinates": [ [ [ 105.729937418494401, 20.947923745799642 ], [ 105.729474272775846, 20.94977951457648 ], [ 105.727526469416858, 20.950384966057065 ], [ 105.726041818815276, 20.949134634842554 ], [ 105.726504993437189, 20.947278850530676 ], [ 105.728452789757981, 20.946673412967936 ], [ 105.729937418494401, 20.947923745799642 ] ] ] } },
{ "type": "Feature", "properties": { "h3_id": "8941436a383ffff", "h3_resolution": 9, "h3_parent_res8": "8841436a39fffff", "centroid_lat": 20.931826413529514, "centroid_lon": 105.73215779576384, "legacy_district": "Hà Đông" }, "geometry": { "type": "Polygon", "coordinates": [ [ [ 105.734105420184278, 20.931220941386492 ], [ 105.733642336420019, 20.933076887200293 ], [ 105.731694694106025, 20.933682357287548 ], [ 105.730210142588675, 20.932431867625525 ], [ 105.730673255256008, 20.930575906270306 ], [ 105.732620890538271, 20.929970450118116 ], [ 105.734105420184278, 20.931220941386492 ] ] ] } },
{ "type": "Feature", "properties": { "h3_id": "8941436a387ffff", "h3_resolution": 9, "h3_parent_res8": "8841436a39fffff", "centroid_lat": 20.931181344375581, "centroid_lon": 105.72872559122226, "legacy_district": "Hà Đông" }, "geometry": { "type": "Polygon", "coordinates": [ [ [ 105.730673255256008, 20.930575906270306 ], [ 105.730210142588675, 20.932431867625525 ], [ 105.728262460662577, 20.933037303671867 ], [ 105.726777898440858, 20.931786764431305 ], [ 105.727241040008749, 20.92993078754029 ], [ 105.729188714898456, 20.929325365425218 ], [ 105.730673255256008, 20.930575906270306 ] ] ] } },
{ "type": "Feature", "properties": { "h3_id": "8941436a38bffff", "h3_resolution": 9, "h3_parent_res8": "8841436a39fffff", "centroid_lat": 20.934932813359115, "centroid_lon": 105.73317924577232, "legacy_district": "Hà Đông" }, "geometry": { "type": "Polygon", "coordinates": [ [ [ 105.735126877222513, 20.934327327280091 ], [ 105.734663797585583, 20.93618323583766 ], [ 105.73271614824111, 20.936788719858999 ], [ 105.731231585564686, 20.935538281388268 ], [ 105.731694694106025, 20.933682357287548 ], [ 105.733642336420019, 20.933076887200293 ], [ 105.735126877222513, 20.934327327280091 ] ] ] } },
{ "type": "Feature", "properties": { "h3_id": "8941436a38fffff", "h3_resolution": 9, "h3_parent_res8": "8841436a39fffff", "centroid_lat": 20.934287809325042, "centroid_lon": 105.72974702303786, "legacy_district": "Hà Đông" }, "geometry": { "type": "Polygon", "coordinates": [ [ [ 105.731694694106025, 20.933682357287548 ], [ 105.731231585564686, 20.935538281388268 ], [ 105.729283896603476, 20.936143731364915 ], [ 105.727799323219372, 20.934893243310121 ], [ 105.728262460662577, 20.933037303671867 ], [ 105.730210142588675, 20.932431867625525 ], [ 105.731694694106025, 20.933682357287548 ] ] ] } },
{ "type": "Feature", "properties": { "h3_id": "8941436a393ffff", "h3_resolution": 9, "h3_parent_res8": "8841436a39fffff", "centroid_lat": 20.929364975921647, "centroid_lon": 105.73456849706517, "legacy_district": "Hà Đông" }, "geometry": { "type": "Polygon", "coordinates": [ [ [ 105.736516074832849, 20.928759483683535 ], [ 105.736053015846053, 20.930615451199081 ], [ 105.734105420184278, 20.931220941386492 ], [ 105.732620890538271, 20.929970450118116 ], [ 105.733083978429377, 20.928114467057302 ], [ 105.735031567062819, 20.927508990809713 ], [ 105.736516074832849, 20.928759483683535 ] ] ] } },
{ "type": "Feature", "properties": { "h3_id": "8941436a397ffff", "h3_resolution": 9, "h3_parent_res8": "8841436a39fffff", "centroid_lat": 20.928719925263351, "centroid_lon": 105.73113636103997, "legacy_district": "Hà Đông" }, "geometry": { "type": "Polygon", "coordinates": [ [ [ 105.733083978429377, 20.928114467057302 ], [ 105.732620890538271, 20.929970450118116 ], [ 105.730673255256008, 20.930575906270306 ], [ 105.729188714898456, 20.929325365425218 ], [ 105.729651831691342, 20.927469366824734 ], [ 105.731599459940639, 20.92686392460859 ], [ 105.733083978429377, 20.928114467057302 ] ] ] } },
{ "type": "Feature", "properties": { "h3_id": "8941436a39bffff", "h3_resolution": 9, "h3_parent_res8": "8841436a39fffff", "centroid_lat": 20.932471399065911, "centroid_lon": 105.73558994997596, "legacy_district": "Hà Đông" }, "geometry": { "type": "Polygon", "coordinates": [ [ [ 105.737537534770027, 20.93186589288705 ], [ 105.737074479911385, 20.933721823153835 ], [ 105.735126877222513, 20.934327327280091 ], [ 105.733642336420019, 20.933076887200293 ], [ 105.734105420184278, 20.931220941386492 ], [ 105.736053015846053, 20.930615451199081 ], [ 105.737537534770027, 20.93186589288705 ] ] ] } },
{ "type": "Feature", "properties": { "h3_id": "8941436a3a3ffff", "h3_resolution": 9, "h3_parent_res8": "8841436a3bfffff", "centroid_lat": 20.932997550383551, "centroid_lon": 105.72288242665063, "legacy_district": "Hà Đông" }, "geometry": { "type": "Polygon", "coordinates": [ [ [ 105.724830176915702, 20.932392166434838 ], [ 105.724367010573147, 20.934248121605044 ], [ 105.722419242417544, 20.934853503486597 ], [ 105.720934647649543, 20.933602916274804 ], [ 105.721397842888905, 20.931746945578258 ], [ 105.723345604000102, 20.931141577619439 ], [ 105.724830176915702, 20.932392166434838 ] ] ] } },
{ "type": "Feature", "properties": { "h3_id": "8941436a3a7ffff", "h3_resolution": 9, "h3_parent_res8": "8841436a3bfffff", "centroid_lat": 20.932352295479738, "centroid_lon": 105.71945005304494, "legacy_district": "Hà Đông" }, "geometry": { "type": "Polygon", "coordinates": [ [ [ 105.721397842888905, 20.931746945578258 ], [ 105.720934647649543, 20.933602916274804 ], [ 105.718986839916269, 20.934208264105962 ], [ 105.717502234472093, 20.932957627321201 ], [ 105.717965458605747, 20.931101641103933 ], [ 105.719913259289953, 20.930496307191735 ], [ 105.721397842888905, 20.931746945578258 ] ] ] } },
{ "type": "Feature", "properties": { "h3_id": "8941436a3abffff", "h3_resolution": 9, "h3_parent_res8": "8841436a3bfffff", "centroid_lat": 20.936104057112573, "centroid_lon": 105.72390383734695, "legacy_district": "Hà Đông" }, "geometry": { "type": "Polygon", "coordinates": [ [ [ 105.725851594654458, 20.935498659240192 ], [ 105.725388432435764, 20.93735457715016 ], [ 105.723440657236992, 20.937959972953482 ], [ 105.721956051300737, 20.936709436924652 ], [ 105.722419242417544, 20.934853503486597 ], [ 105.724367010573147, 20.934248121605044 ], [ 105.725851594654458, 20.935498659240192 ] ] ] } },
{ "type": "Feature", "properties": { "h3_id": "8941436a3afffff", "h3_resolution": 9, "h3_parent_res8": "8841436a3bfffff", "centroid_lat": 20.935458867307958, "centroid_lon": 105.72047144552648, "legacy_district": "Hà Đông" }, "geometry": { "type": "Polygon", "coordinates": [ [ [ 105.722419242417544, 20.934853503486597 ], [ 105.721956051300737, 20.936709436924652 ], [ 105.720008236519661, 20.937314798673789 ], [ 105.718523619903863, 20.936064213066484 ], [ 105.718986839916269, 20.934208264105962 ], [ 105.720934647649543, 20.933602916274804 ], [ 105.722419242417544, 20.934853503486597 ] ] ] } },
{ "type": "Feature", "properties": { "h3_id": "8941436a3b3ffff", "h3_resolution": 9, "h3_parent_res8": "8841436a3bfffff", "centroid_lat": 20.930536191605903, "centroid_lon": 105.72529333637468, "legacy_district": "Hà Đông" }, "geometry": { "type": "Polygon", "coordinates": [ [ [ 105.727241040008749, 20.92993078754029 ], [ 105.726777898440858, 20.931786764431305 ], [ 105.724830176915702, 20.932392166434838 ], [ 105.723345604000102, 20.931141577619439 ], [ 105.723808774466036, 20.929285585198233 ], [ 105.725756488950182, 20.928680197122198 ], [ 105.727241040008749, 20.92993078754029 ] ] ] } },
{ "type": "Feature", "properties": { "h3_id": "8941436a3b7ffff", "h3_resolution": 9, "h3_parent_res8": "8841436a3bfffff", "centroid_lat": 20.929890955222287, "centroid_lon": 105.72186103124469, "legacy_district": "Hà Đông" }, "geometry": { "type": "Polygon", "coordinates": [ [ [ 105.723808774466036, 20.929285585198233 ], [ 105.723345604000102, 20.931141577619439 ], [ 105.721397842888905, 20.931746945578258 ], [ 105.719913259289953, 20.930496307191735 ], [ 105.720376458651387, 20.928640299245924 ], [ 105.722324212716941, 20.928034945210818 ], [ 105.723808774466036, 20.929285585198233 ] ] ] } },
{ "type": "Feature", "properties": { "h3_id": "8941436a3bbffff", "h3_resolution": 9, "h3_parent_res8": "8841436a3bfffff", "centroid_lat": 20.933642721665922, "centroid_lon": 105.72631474998946, "legacy_district": "Hà Đông" }, "geometry": { "type": "Polygon", "coordinates": [ [ [ 105.728262460662577, 20.933037303671867 ], [ 105.727799323219372, 20.934893243310121 ], [ 105.725851594654458, 20.935498659240192 ], [ 105.724367010573147, 20.934248121605044 ], [ 105.724830176915702, 20.932392166434838 ], [ 105.726777898440858, 20.931786764431305 ], [ 105.728262460662577, 20.933037303671867 ] ] ] } },
{ "type": "Feature", "properties": { "h3_id": "8941436a3c3ffff", "h3_resolution": 9, "h3_parent_res8": "8841436a3dfffff", "centroid_lat": 20.938683980005482, "centroid_lon": 105.73763290164497, "legacy_district": "Hà Đông" }, "geometry": { "type": "Polygon", "coordinates": [ [ [ 105.739580500488032, 20.938078445948044 ], [ 105.739117453887118, 20.939934301689661 ], [ 105.737169837147817, 20.940539833690657 ], [ 105.735685274034665, 20.939289496012744 ], [ 105.736148349543797, 20.937433624720637 ], [ 105.738095959258516, 20.93682810665652 ], [ 105.739580500488032, 20.938078445948044 ] ] ] } },
{ "type": "Feature", "properties": { "h3_id": "8941436a3c7ffff", "h3_resolution": 9, "h3_parent_res8": "8841436a3dfffff", "centroid_lat": 20.938039124734676, "centroid_lon": 105.7342007110651, "legacy_district": "Hà Đông" }, "geometry": { "type": "Polygon", "coordinates": [ [ [ 105.736148349543797, 20.937433624720637 ], [ 105.735685274034665, 20.939289496012744 ], [ 105.73373761766095, 20.939894993967183 ], [ 105.732253043826276, 20.938644606695998 ], [ 105.73271614824111, 20.936788719858999 ], [ 105.734663797585583, 20.93618323583766 ], [ 105.736148349543797, 20.937433624720637 ] ] ] } },
{ "type": "Feature", "properties": { "h3_id": "8941436a3cbffff", "h3_resolution": 9, "h3_parent_res8": "8841436a3dfffff", "centroid_lat": 20.94179013776586, "centroid_lon": 105.73865440040257, "legacy_district": "Hà Đông" }, "geometry": { "type": "Polygon", "coordinates": [ [ [ 105.740602006268247, 20.9411845897706 ], [ 105.740138963796923, 20.943040408235799 ], [ 105.738191340034263, 20.943645954172695 ], [ 105.736706765766939, 20.942395667708087 ], [ 105.737169837147817, 20.940539833690657 ], [ 105.739117453887118, 20.939934301689661 ], [ 105.740602006268247, 20.9411845897706 ] ] ] } },
{ "type": "Feature", "properties": { "h3_id": "8941436a3cfffff", "h3_resolution": 9, "h3_parent_res8": "8841436a3dfffff", "centroid_lat": 20.941145347638731, "centroid_lon": 105.73522219164184, "legacy_district": "Hà Đông" }, "geometry": { "type": "Polygon", "coordinates": [ [ [ 105.737169837147817, 20.940539833690657 ], [ 105.736706765766939, 20.942395667708087 ], [ 105.734759102365231, 20.943001179594656 ], [ 105.733274517373061, 20.941750843531249 ], [ 105.73373761766095, 20.939894993967183 ], [ 105.735685274034665, 20.939289496012744 ], [ 105.737169837147817, 20.940539833690657 ] ] ] } },
{ "type": "Feature", "properties": { "h3_id": "8941436a3d3ffff", "h3_resolution": 9, "h3_parent_res8": "8841436a3dfffff", "centroid_lat": 20.936222570544963, "centroid_lon": 105.74004354020538, "legacy_district": "Hà Đông" }, "geometry": { "type": "Polygon", "coordinates": [ [ [ 105.741991092380502, 20.935617016388601 ], [ 105.741528070559951, 20.937472893843061 ], [ 105.739580500488032, 20.938078445948044 ], [ 105.738095959258516, 20.93682810665652 ], [ 105.738559009988521, 20.934972213647704 ], [ 105.740506573039241, 20.934366675484362 ], [ 105.741991092380502, 20.935617016388601 ] ] ] } },
{ "type": "Feature", "properties": { "h3_id": "8941436a3d7ffff", "h3_resolution": 9, "h3_parent_res8": "8841436a3dfffff", "centroid_lat": 20.935577733766355, "centroid_lon": 105.73661141816935, "legacy_district": "Hà Đông" }, "geometry": { "type": "Polygon", "coordinates": [ [ [ 105.738559009988521, 20.934972213647704 ], [ 105.738095959258516, 20.93682810665652 ], [ 105.736148349543797, 20.937433624720637 ], [ 105.734663797585583, 20.93618323583766 ], [ 105.735126877222513, 20.934327327280091 ], [ 105.737074479911385, 20.933721823153835 ], [ 105.738559009988521, 20.934972213647704 ] ] ] } },
{ "type": "Feature", "properties": { "h3_id": "8941436a3dbffff", "h3_resolution": 9, "h3_parent_res8": "8841436a3dfffff", "centroid_lat": 20.939328751638367, "centroid_lon": 105.74106504185589, "legacy_district": "Hà Đông" }, "geometry": { "type": "Polygon", "coordinates": [ [ [ 105.743012601050268, 20.93872318353943 ], [ 105.74254958336013, 20.940579023724951 ], [ 105.740602006268247, 20.9411845897706 ], [ 105.739117453887118, 20.939934301689661 ], [ 105.739580500488032, 20.938078445948044 ], [ 105.741528070559951, 20.937472893843061 ], [ 105.743012601050268, 20.93872318353943 ] ] ] } },
{ "type": "Feature", "properties": { "h3_id": "8941436a56bffff", "h3_resolution": 9, "h3_parent_res8": "8841436a57fffff", "centroid_lat": 20.912015212523603, "centroid_lon": 105.73530400335886, "legacy_district": "Hà Đông" }, "geometry": { "type": "Polygon", "coordinates": [ [ [ 105.737251459715338, 20.911409735937561 ], [ 105.736788433769902, 20.913265895665464 ], [ 105.734840959521136, 20.913871370218594 ], [ 105.733356518244975, 20.912620671090139 ], [ 105.733819573091893, 20.910764495816213 ], [ 105.735767040314144, 20.910159035216349 ], [ 105.737251459715338, 20.911409735937561 ] ] ] } },
{ "type": "Feature", "properties": { "h3_id": "8941436a603ffff", "h3_resolution": 9, "h3_parent_res8": "8841436a61fffff", "centroid_lat": 20.927137364971937, "centroid_lon": 105.76925379963957, "legacy_district": "Hà Đông" }, "geometry": { "type": "Polygon", "coordinates": [ [ [ 105.771200919775623, 20.92653154045999 ], [ 105.77073816647777, 20.928387448356098 ], [ 105.768791028436084, 20.928993270857784 ], [ 105.767306650673916, 20.927743171478632 ], [ 105.767769432899868, 20.925887247980846 ], [ 105.769716563960557, 20.925281439463479 ], [ 105.771200919775623, 20.92653154045999 ] ] ] } },
{ "type": "Feature", "properties": { "h3_id": "8941436a607ffff", "h3_resolution": 9, "h3_parent_res8": "8841436a61fffff", "centroid_lat": 20.926493038493074, "centroid_lon": 105.76582227301286, "legacy_district": "Hà Đông" }, "geometry": { "type": "Polygon", "coordinates": [ [ [ 105.767769432899868, 20.925887247980846 ], [ 105.767306650673916, 20.927743171478632 ], [ 105.76535947288248, 20.928348959977463 ], [ 105.763875084303322, 20.927098810997538 ], [ 105.764337895454887, 20.92524287190367 ], [ 105.76628506626065, 20.924637097385379 ], [ 105.767769432899868, 20.925887247980846 ] ] ] } },
{ "type": "Feature", "properties": { "h3_id": "8941436a60bffff", "h3_resolution": 9, "h3_parent_res8": "8841436a61fffff", "centroid_lat": 20.930243336627974, "centroid_lon": 105.77027540629736, "legacy_district": "Hà Đông" }, "geometry": { "type": "Polygon", "coordinates": [ [ [ 105.772222533412446, 20.929637498130777 ], [ 105.77175978425575, 20.931493368786658 ], [ 105.769812639234289, 20.932099205271673 ], [ 105.768328250349967, 20.930849157117073 ], [ 105.768791028436084, 20.928993270857784 ], [ 105.77073816647777, 20.928387448356098 ], [ 105.772222533412446, 20.929637498130777 ] ] ] } },
{ "type": "Feature", "properties": { "h3_id": "8941436a60fffff", "h3_resolution": 9, "h3_parent_res8": "8841436a61fffff", "centroid_lat": 20.92959907535149, "centroid_lon": 105.76684386156535, "legacy_district": "Hà Đông" }, "geometry": { "type": "Polygon", "coordinates": [ [ [ 105.768791028436084, 20.928993270857784 ], [ 105.768328250349967, 20.930849157117073 ], [ 105.766381065574123, 20.93145495959546 ], [ 105.764896665869458, 20.930204861834579 ], [ 105.76535947288248, 20.928348959977463 ], [ 105.767306650673916, 20.927743171478632 ], [ 105.768791028436084, 20.928993270857784 ] ] ] } },
{ "type": "Feature", "properties": { "h3_id": "8941436a617ffff", "h3_resolution": 9, "h3_parent_res8": "8841436a61fffff", "centroid_lat": 20.924031304862073, "centroid_lon": 105.76823220824335, "legacy_district": "Hà Đông" }, "geometry": { "type": "Polygon", "coordinates": [ [ [ 105.770179321399098, 20.923425494336367 ], [ 105.769716563960557, 20.925281439463479 ], [ 105.767769432899868, 20.925887247980846 ], [ 105.76628506626065, 20.924637097385379 ], [ 105.766747852626011, 20.922781136658326 ], [ 105.76869497670441, 20.922175342126266 ], [ 105.770179321399098, 20.923425494336367 ] ] ] } },
{ "type": "Feature", "properties": { "h3_id": "8941436a61bffff", "h3_resolution": 9, "h3_parent_res8": "8841436a61fffff", "centroid_lat": 20.927781607849063, "centroid_lon": 105.77268527568657, "legacy_district": "Hà Đông" }, "geometry": { "type": "Polygon", "coordinates": [ [ [ 105.774632356058632, 20.92717574933933 ], [ 105.774169631691393, 20.92903164162815 ], [ 105.772222533412446, 20.929637498130777 ], [ 105.77073816647777, 20.928387448356098 ], [ 105.771200919775623, 20.92653154045999 ], [ 105.773148011078206, 20.925925697945456 ], [ 105.774632356058632, 20.92717574933933 ] ] ] } },
{ "type": "Feature", "properties": { "h3_id": "8941436a62bffff", "h3_resolution": 9, "h3_parent_res8": "8841436a63fffff", "centroid_lat": 20.931416380758332, "centroid_lon": 105.76100218801759, "legacy_district": "Hà Đông" }, "geometry": { "type": "Polygon", "coordinates": [ [ [ 105.762949441352262, 20.9308106303044 ], [ 105.762486609552553, 20.932666510509506 ], [ 105.760539338314544, 20.933272258939894 ], [ 105.75905490586932, 20.932022113193732 ], [ 105.759517766592211, 20.930166217400274 ], [ 105.761465030837769, 20.929560482940914 ], [ 105.762949441352262, 20.9308106303044 ] ] ] } },
{ "type": "Feature", "properties": { "h3_id": "8941436a62fffff", "h3_resolution": 9, "h3_parent_res8": "8841436a63fffff", "centroid_lat": 20.930771933841196, "centroid_lon": 105.7575704735363, "legacy_district": "Hà Đông" }, "geometry": { "type": "Polygon", "coordinates": [ [ [ 105.759517766592211, 20.930166217400274 ], [ 105.75905490586932, 20.932022113193732 ], [ 105.757107594911332, 20.932627827607963 ], [ 105.755623151673959, 20.931377632261061 ], [ 105.756086041317474, 20.929521720884843 ], [ 105.758033345278392, 20.928916020437871 ], [ 105.759517766592211, 20.930166217400274 ] ] ] } },
{ "type": "Feature", "properties": { "h3_id": "8941436a63bffff", "h3_resolution": 9, "h3_parent_res8": "8841436a63fffff", "centroid_lat": 20.928954730465762, "centroid_lon": 105.76341226626914, "legacy_district": "Hà Đông" }, "geometry": { "type": "Polygon", "coordinates": [ [ [ 105.76535947288248, 20.928348959977463 ], [ 105.764896665869458, 20.930204861834579 ], [ 105.762949441352262, 20.9308106303044 ], [ 105.761465030837769, 20.929560482940914 ], [ 105.761927866775181, 20.927704565491585 ], [ 105.763875084303322, 20.927098810997538 ], [ 105.76535947288248, 20.928348959977463 ] ] ] } },
{ "type": "Feature", "properties": { "h3_id": "8941436a643ffff", "h3_resolution": 9, "h3_parent_res8": "8841436a65fffff", "centroid_lat": 20.933993332259298, "centroid_lon": 105.77472854045592, "legacy_district": "Hà Đông" }, "geometry": { "type": "Polygon", "coordinates": [ [ [ 105.776675634775572, 20.933387445772521 ], [ 105.77621291869373, 20.935243263568182 ], [ 105.774265806465777, 20.935849148044046 ], [ 105.772781417294198, 20.934599200737708 ], [ 105.773244162309268, 20.932743367331284 ], [ 105.775191267563343, 20.932137496841545 ], [ 105.776675634775572, 20.933387445772521 ] ] ] } },
{ "type": "Feature", "properties": { "h3_id": "8941436a647ffff", "h3_resolution": 9, "h3_parent_res8": "8841436a65fffff", "centroid_lat": 20.933349219812733, "centroid_lon": 105.77129702821637, "legacy_district": "Hà Đông" }, "geometry": { "type": "Polygon", "coordinates": [ [ [ 105.773244162309268, 20.932743367331284 ], [ 105.772781417294198, 20.934599200737708 ], [ 105.770834265294212, 20.935205051205077 ], [ 105.769349865288476, 20.933955054283256 ], [ 105.769812639234289, 20.932099205271673 ], [ 105.77175978425575, 20.931493368786658 ], [ 105.773244162309268, 20.932743367331284 ] ] ] } },
{ "type": "Feature", "properties": { "h3_id": "8941436a64bffff", "h3_resolution": 9, "h3_parent_res8": "8841436a65fffff", "centroid_lat": 20.937099061729189, "centroid_lon": 105.77575019572912, "legacy_district": "Hà Đông" }, "geometry": { "type": "Polygon", "coordinates": [ [ [ 105.77769729702068, 20.93649316125536 ], [ 105.77723458508224, 20.938348941790604 ], [ 105.775287465881647, 20.938954840251601 ], [ 105.773803065592787, 20.9377049441918 ], [ 105.774265806465777, 20.935849148044046 ], [ 105.77621291869373, 20.935243263568182 ], [ 105.77769729702068, 20.93649316125536 ] ] ] } },
{ "type": "Feature", "properties": { "h3_id": "8941436a64fffff", "h3_resolution": 9, "h3_parent_res8": "8841436a65fffff", "centroid_lat": 20.936455014508763, "centroid_lon": 105.7723186653963, "legacy_district": "Hà Đông" }, "geometry": { "type": "Polygon", "coordinates": [ [ [ 105.774265806465777, 20.935849148044046 ], [ 105.773803065592787, 20.9377049441918 ], [ 105.771855906615528, 20.938310808640527 ], [ 105.770371495489186, 20.937060862959733 ], [ 105.770834265294212, 20.935205051205077 ], [ 105.772781417294198, 20.934599200737708 ], [ 105.774265806465777, 20.935849148044046 ] ] ] } },
{ "type": "Feature", "properties": { "h3_id": "8941436a653ffff", "h3_resolution": 9, "h3_parent_res8": "8841436a65fffff", "centroid_lat": 20.931531608346152, "centroid_lon": 105.77713834397474, "legacy_district": "Hà Đông" }, "geometry": { "type": "Polygon", "coordinates": [ [ [ 105.779085391539567, 20.930925701847748 ], [ 105.778622700249244, 20.932781541279976 ], [ 105.776675634775572, 20.933387445772521 ], [ 105.775191267563343, 20.932137496841545 ], [ 105.775653987788104, 20.930281641794693 ], [ 105.777601046291309, 20.929675751293029 ], [ 105.779085391539567, 20.930925701847748 ] ] ] } },
{ "type": "Feature", "properties": { "h3_id": "8941436a657ffff", "h3_resolution": 9, "h3_parent_res8": "8841436a65fffff", "centroid_lat": 20.930887514293453, "centroid_lon": 105.77370690044164, "legacy_district": "Hà Đông" }, "geometry": { "type": "Polygon", "coordinates": [ [ [ 105.775653987788104, 20.930281641794693 ], [ 105.775191267563343, 20.932137496841545 ], [ 105.773244162309268, 20.932743367331284 ], [ 105.77175978425575, 20.931493368786658 ], [ 105.772222533412446, 20.929637498130777 ], [ 105.774169631691393, 20.92903164162815 ], [ 105.775653987788104, 20.930281641794693 ] ] ] } },
{ "type": "Feature", "properties": { "h3_id": "8941436a65bffff", "h3_resolution": 9, "h3_parent_res8": "8841436a65fffff", "centroid_lat": 20.934637361083823, "centroid_lon": 105.77816000207631, "legacy_district": "Hà Đông" }, "geometry": { "type": "Polygon", "coordinates": [ [ [ 105.78010705660968, 20.934031440593611 ], [ 105.779644369463597, 20.935887242772914 ], [ 105.77769729702068, 20.93649316125536 ], [ 105.77621291869373, 20.935243263568182 ], [ 105.776675634775572, 20.933387445772521 ], [ 105.778622700249244, 20.932781541279976 ], [ 105.78010705660968, 20.934031440593611 ] ] ] } },
{ "type": "Feature", "properties": { "h3_id": "8941436a663ffff", "h3_resolution": 9, "h3_parent_res8": "8841436a67fffff", "centroid_lat": 20.935166669180969, "centroid_lon": 105.76545545294321, "legacy_district": "Hà Đông" }, "geometry": { "type": "Polygon", "coordinates": [ [ [ 105.767402673529475, 20.934560870740221 ], [ 105.766939874794943, 20.936416698096163 ], [ 105.764992636303361, 20.937022494514615 ], [ 105.763508203533561, 20.935772449602876 ], [ 105.763971031195084, 20.933916606651231 ], [ 105.765918262700097, 20.9333108242066 ], [ 105.767402673529475, 20.934560870740221 ] ] ] } },
{ "type": "Feature", "properties": { "h3_id": "8941436a667ffff", "h3_resolution": 9, "h3_parent_res8": "8841436a67fffff", "centroid_lat": 20.934522371077115, "centroid_lon": 105.76202377086994, "legacy_district": "Hà Đông" }, "geometry": { "type": "Polygon", "coordinates": [ [ [ 105.763971031195084, 20.933916606651231 ], [ 105.763508203533561, 20.935772449602876 ], [ 105.761560925304337, 20.936378212003312 ], [ 105.760076481728504, 20.935128117481629 ], [ 105.760539338314544, 20.933272258939894 ], [ 105.762486609552553, 20.932666510509506 ], [ 105.763971031195084, 20.933916606651231 ] ] ] } },
{ "type": "Feature", "properties": { "h3_id": "8941436a66bffff", "h3_resolution": 9, "h3_parent_res8": "8841436a67fffff", "centroid_lat": 20.938272505809778, "centroid_lon": 105.76647706917741, "legacy_district": "Hà Đông" }, "geometry": { "type": "Polygon", "coordinates": [ [ [ 105.768424296748265, 20.937666693394281 ], [ 105.767961502153668, 20.939522483485817 ], [ 105.766014256676797, 20.940128293877098 ], [ 105.764529812780467, 20.938878300203591 ], [ 105.764992636303361, 20.937022494514615 ], [ 105.766939874794943, 20.936416698096163 ], [ 105.768424296748265, 20.937666693394281 ] ] ] } },
{ "type": "Feature", "properties": { "h3_id": "8941436a66fffff", "h3_resolution": 9, "h3_parent_res8": "8841436a67fffff", "centroid_lat": 20.937628272911478, "centroid_lon": 105.76304536898898, "legacy_district": "Hà Đông" }, "geometry": { "type": "Polygon", "coordinates": [ [ [ 105.764992636303361, 20.937022494514615 ], [ 105.764529812780467, 20.938878300203591 ], [ 105.762582527561293, 20.939484076573073 ], [ 105.761098072855646, 20.938234033284118 ], [ 105.761560925304337, 20.936378212003312 ], [ 105.763508203533561, 20.935772449602876 ], [ 105.764992636303361, 20.937022494514615 ] ] ] } },
{ "type": "Feature", "properties": { "h3_id": "8941436a673ffff", "h3_resolution": 9, "h3_parent_res8": "8841436a67fffff", "centroid_lat": 20.932705023745875, "centroid_lon": 105.76786546538112, "legacy_district": "Hà Đông" }, "geometry": { "type": "Polygon", "coordinates": [ [ [ 105.769812639234289, 20.932099205271673 ], [ 105.769349865288476, 20.933955054283256 ], [ 105.767402673529475, 20.934560870740221 ], [ 105.765918262700097, 20.9333108242066 ], [ 105.766381065574123, 20.93145495959546 ], [ 105.768328250349967, 20.930849157117073 ], [ 105.769812639234289, 20.932099205271673 ] ] ] } },
{ "type": "Feature", "properties": { "h3_id": "8941436a677ffff", "h3_resolution": 9, "h3_parent_res8": "8841436a67fffff", "centroid_lat": 20.932060744060482, "centroid_lon": 105.76443385197369, "legacy_district": "Hà Đông" }, "geometry": { "type": "Polygon", "coordinates": [ [ [ 105.766381065574123, 20.93145495959546 ], [ 105.765918262700097, 20.9333108242066 ], [ 105.763971031195084, 20.933916606651231 ], [ 105.762486609552553, 20.932666510509506 ], [ 105.762949441352262, 20.9308106303044 ], [ 105.764896665869458, 20.930204861834579 ], [ 105.766381065574123, 20.93145495959546 ] ] ] } },
{ "type": "Feature", "properties": { "h3_id": "8941436a67bffff", "h3_resolution": 9, "h3_parent_res8": "8841436a67fffff", "centroid_lat": 20.935810883658771, "centroid_lon": 105.76888708445983, "legacy_district": "Hà Đông" }, "geometry": { "type": "Polygon", "coordinates": [ [ [ 105.770834265294212, 20.935205051205077 ], [ 105.770371495489186, 20.937060862959733 ], [ 105.768424296748265, 20.937666693394281 ], [ 105.766939874794943, 20.936416698096163 ], [ 105.767402673529475, 20.934560870740221 ], [ 105.769349865288476, 20.933955054283256 ], [ 105.770834265294212, 20.935205051205077 ] ] ] } },
{ "type": "Feature", "properties": { "h3_id": "8941436ae13ffff", "h3_resolution": 9, "h3_parent_res8": "8841436ae1fffff", "centroid_lat": 20.932877271817912, "centroid_lon": 105.7067413759668, "legacy_district": "Hà Đông" }, "geometry": { "type": "Polygon", "coordinates": [ [ [ 105.708689331061706, 20.932272044219683 ], [ 105.708226024377666, 20.934128039713993 ], [ 105.706278051397717, 20.934733265227372 ], [ 105.704793392168867, 20.93348248134318 ], [ 105.705256727738401, 20.931626470348835 ], [ 105.70720469365196, 20.931021258738294 ], [ 105.708689331061706, 20.932272044219683 ] ] ] } },
{ "type": "Feature", "properties": { "h3_id": "8941436ae53ffff", "h3_resolution": 9, "h3_parent_res8": "8841436ae5fffff", "centroid_lat": 20.939736064988203, "centroid_lon": 105.71221669012419, "legacy_district": "Hà Đông" }, "geometry": { "type": "Polygon", "coordinates": [ [ [ 105.714164619805999, 20.939130775517196 ], [ 105.713701350248598, 20.940986680971648 ], [ 105.711753402679093, 20.941591968357148 ], [ 105.71026873172687, 20.940341336383089 ], [ 105.71073203017491, 20.938485415419496 ], [ 105.712679970685173, 20.937880141938674 ], [ 105.714164619805999, 20.939130775517196 ] ] ] } },
{ "type": "Feature", "properties": { "h3_id": "8941436ae5bffff", "h3_resolution": 9, "h3_parent_res8": "8841436ae5fffff", "centroid_lat": 20.942842566743895, "centroid_lon": 105.71323807380706, "legacy_district": "Hà Đông" }, "geometry": { "type": "Polygon", "coordinates": [ [ [ 105.715186010546134, 20.942237263367275 ], [ 105.714722745108773, 20.9440931315408 ], [ 105.712774790481262, 20.944698432830002 ], [ 105.711290108349786, 20.943447852041551 ], [ 105.711753402679093, 20.941591968357148 ], [ 105.713701350248598, 20.940986680971648 ], [ 105.715186010546134, 20.942237263367275 ] ] ] } },
{ "type": "Feature", "properties": { "h3_id": "8941436ae8bffff", "h3_resolution": 9, "h3_parent_res8": "8841436ae9fffff", "centroid_lat": 20.93041602905755, "centroid_lon": 105.70915263086192, "legacy_district": "Hà Đông" }, "geometry": { "type": "Polygon", "coordinates": [ [ [ 105.711100539364409, 20.929810781309232 ], [ 105.710637257449761, 20.931666798551149 ], [ 105.708689331061706, 20.932272044219683 ], [ 105.70720469365196, 20.931021258738294 ], [ 105.707668004453311, 20.929165225992467 ], [ 105.709615923778372, 20.928559994231534 ], [ 105.711100539364409, 20.929810781309232 ] ] ] } },
{ "type": "Feature", "properties": { "h3_id": "8941436ae9bffff", "h3_resolution": 9, "h3_parent_res8": "8841436ae9fffff", "centroid_lat": 20.927954744405767, "centroid_lon": 105.71156381439536, "legacy_district": "Hà Đông" }, "geometry": { "type": "Polygon", "coordinates": [ [ [ 105.713511676300428, 20.927349476517794 ], [ 105.713048419155555, 20.929205515495969 ], [ 105.711100539364409, 20.929810781309232 ], [ 105.709615923778372, 20.928559994231534 ], [ 105.71007920981117, 20.926703939745583 ], [ 105.712027082542718, 20.926098687844686 ], [ 105.713511676300428, 20.927349476517794 ] ] ] } },
{ "type": "Feature", "properties": { "h3_id": "8941436aec3ffff", "h3_resolution": 9, "h3_parent_res8": "8841436aedfffff", "centroid_lat": 20.934168236813655, "centroid_lon": 105.71360651115513, "legacy_district": "Hà Đông" }, "geometry": { "type": "Polygon", "coordinates": [ [ [ 105.715554387174194, 20.93356294110006 ], [ 105.71509113826869, 20.93541890557745 ], [ 105.713143244362115, 20.936024199212504 ], [ 105.711658606418794, 20.934773514459351 ], [ 105.712121884214824, 20.93291753447069 ], [ 105.714069771064317, 20.932312254746051 ], [ 105.715554387174194, 20.93356294110006 ] ] ] } },
{ "type": "Feature", "properties": { "h3_id": "8941436aec7ffff", "h3_resolution": 9, "h3_parent_res8": "8841436aedfffff", "centroid_lat": 20.933522796127555, "centroid_lon": 105.71017396865132, "legacy_district": "Hà Đông" }, "geometry": { "type": "Polygon", "coordinates": [ [ [ 105.712121884214824, 20.93291753447069 ], [ 105.711658606418794, 20.934773514459351 ], [ 105.70971067296901, 20.935378774034518 ], [ 105.708226024377666, 20.934128039713993 ], [ 105.708689331061706, 20.932272044219683 ], [ 105.710637257449761, 20.931666798551149 ], [ 105.712121884214824, 20.93291753447069 ] ] ] } },
{ "type": "Feature", "properties": { "h3_id": "8941436aecbffff", "h3_resolution": 9, "h3_parent_res8": "8841436aedfffff", "centroid_lat": 20.937274850384476, "centroid_lon": 105.71462788247933, "legacy_district": "Hà Đông" }, "geometry": { "type": "Polygon", "coordinates": [ [ [ 105.716575765553529, 20.936669540759532 ], [ 105.716112520768419, 20.938525467972699 ], [ 105.714164619805999, 20.939130775517196 ], [ 105.712679970685173, 20.937880141938674 ], [ 105.713143244362115, 20.936024199212504 ], [ 105.71509113826869, 20.93541890557745 ], [ 105.716575765553529, 20.936669540759532 ] ] ] } },
{ "type": "Feature", "properties": { "h3_id": "8941436aed3ffff", "h3_resolution": 9, "h3_parent_res8": "8841436aedfffff", "centroid_lat": 20.931706956956251, "centroid_lon": 105.71601762919589, "legacy_district": "Hà Đông" }, "geometry": { "type": "Polygon", "coordinates": [ [ [ 105.717965458605747, 20.931101641103933 ], [ 105.717502234472093, 20.932957627321201 ], [ 105.715554387174194, 20.93356294110006 ], [ 105.714069771064317, 20.932312254746051 ], [ 105.714533024089718, 20.930456253013652 ], [ 105.716480864333917, 20.929850953149977 ], [ 105.717965458605747, 20.931101641103933 ] ] ] } },
{ "type": "Feature", "properties": { "h3_id": "8941436aed7ffff", "h3_resolution": 9, "h3_parent_res8": "8841436aedfffff", "centroid_lat": 20.93106153481493, "centroid_lon": 105.71258515512704, "legacy_district": "Hà Đông" }, "geometry": { "type": "Polygon", "coordinates": [ [ [ 105.714533024089718, 20.930456253013652 ], [ 105.714069771064317, 20.932312254746051 ], [ 105.712121884214824, 20.93291753447069 ], [ 105.710637257449761, 20.931666798551149 ], [ 105.711100539364409, 20.929810781309232 ], [ 105.713048419155555, 20.929205515495969 ], [ 105.714533024089718, 20.930456253013652 ] ] ] } },
{ "type": "Feature", "properties": { "h3_id": "8941436aedbffff", "h3_resolution": 9, "h3_parent_res8": "8841436aedfffff", "centroid_lat": 20.934813593874392, "centroid_lon": 105.7170390034547, "legacy_district": "Hà Đông" }, "geometry": { "type": "Polygon", "coordinates": [ [ [ 105.718986839916269, 20.934208264105962 ], [ 105.718523619903863, 20.936064213066484 ], [ 105.716575765553529, 20.936669540759532 ], [ 105.71509113826869, 20.93541890557745 ], [ 105.715554387174194, 20.93356294110006 ], [ 105.717502234472093, 20.932957627321201 ], [ 105.718986839916269, 20.934208264105962 ] ] ] } },
{ "type": "Feature", "properties": { "h3_id": "8941436b003ffff", "h3_resolution": 9, "h3_parent_res8": "8841436b01fffff", "centroid_lat": 20.970612910920831, "centroid_lon": 105.78355768150895, "legacy_district": "Hà Đông" }, "geometry": { "type": "Polygon", "coordinates": [ [ [ 105.785504899238248, 20.970006890705115 ], [ 105.785042203959279, 20.971862276399591 ], [ 105.783094968314302, 20.972468294578256 ], [ 105.781610434912523, 20.971218913091512 ], [ 105.782073159137909, 20.969363511771068 ], [ 105.784020387819339, 20.96875750756293 ], [ 105.785504899238248, 20.970006890705115 ] ] ] } },
{ "type": "Feature", "properties": { "h3_id": "8941436b007ffff", "h3_resolution": 9, "h3_parent_res8": "8841436b01fffff", "centroid_lat": 20.969969497934283, "centroid_lon": 105.78012590159264, "legacy_district": "Hà Đông" }, "geometry": { "type": "Polygon", "coordinates": [ [ [ 105.782073159137909, 20.969363511771068 ], [ 105.781610434912523, 20.971218913091512 ], [ 105.779663159452838, 20.971824897214521 ], [ 105.7781786151874, 20.970575466049933 ], [ 105.778641368356716, 20.96872004910913 ], [ 105.780588636848194, 20.968114078952865 ], [ 105.782073159137909, 20.969363511771068 ] ] ] } },
{ "type": "Feature", "properties": { "h3_id": "8941436b00bffff", "h3_resolution": 9, "h3_parent_res8": "8841436b01fffff", "centroid_lat": 20.973717642391978, "centroid_lon": 105.784579501796, "legacy_district": "Hà Đông" }, "geometry": { "type": "Polygon", "coordinates": [ [ [ 105.786526726486912, 20.973111608204821 ], [ 105.786064035355679, 20.974966956530142 ], [ 105.784116792748392, 20.975572988678323 ], [ 105.782632248235316, 20.974323658531265 ], [ 105.783094968314302, 20.972468294578256 ], [ 105.785042203959279, 20.971862276399591 ], [ 105.786526726486912, 20.973111608204821 ] ] ] } },
{ "type": "Feature", "properties": { "h3_id": "8941436b00fffff", "h3_resolution": 9, "h3_parent_res8": "8841436b01fffff", "centroid_lat": 20.973074294709154, "centroid_lon": 105.78114770380282, "legacy_district": "Hà Đông" }, "geometry": { "type": "Polygon", "coordinates": [ [ [ 105.783094968314302, 20.972468294578256 ], [ 105.782632248235316, 20.974323658531265 ], [ 105.780684965808675, 20.974929656620031 ], [ 105.779200410428629, 20.973680276789629 ], [ 105.779663159452838, 20.971824897214521 ], [ 105.781610434912523, 20.971218913091512 ], [ 105.783094968314302, 20.972468294578256 ] ] ] } },
{ "type": "Feature", "properties": { "h3_id": "8941436b013ffff", "h3_resolution": 9, "h3_parent_res8": "8841436b01fffff", "centroid_lat": 20.968151485312486, "centroid_lon": 105.78596758763302, "legacy_district": "Hà Đông" }, "geometry": { "type": "Polygon", "coordinates": [ [ [ 105.78791475857517, 20.967545445022409 ], [ 105.787452088096572, 20.96940085244702 ], [ 105.785504899238248, 20.970006890705115 ], [ 105.784020387819339, 20.96875750756293 ], [ 105.784483087245562, 20.96690208450849 ], [ 105.786430269143736, 20.966296060225663 ], [ 105.78791475857517, 20.967545445022409 ] ] ] } },
{ "type": "Feature", "properties": { "h3_id": "8941436b017ffff", "h3_resolution": 9, "h3_parent_res8": "8841436b01fffff", "centroid_lat": 20.967508090751764, "centroid_lon": 105.7825358764791, "legacy_district": "Hà Đông" }, "geometry": { "type": "Polygon", "coordinates": [ [ [ 105.784483087245562, 20.96690208450849 ], [ 105.784020387819339, 20.96875750756293 ], [ 105.782073159137909, 20.969363511771068 ], [ 105.780588636848194, 20.968114078952865 ], [ 105.781051365219554, 20.966258640274194 ], [ 105.782998586936145, 20.965652650037548 ], [ 105.784483087245562, 20.96690208450849 ] ] ] } },
{ "type": "Feature", "properties": { "h3_id": "8941436b01bffff", "h3_resolution": 9, "h3_parent_res8": "8841436b01fffff", "centroid_lat": 20.971256240175801, "centroid_lon": 105.78698941073384, "legacy_district": "Hà Đông" }, "geometry": { "type": "Polygon", "coordinates": [ [ [ 105.788936588634172, 20.97065018590952 ], [ 105.788473922304149, 20.97250555597244 ], [ 105.786526726486912, 20.973111608204821 ], [ 105.785042203959279, 20.971862276399591 ], [ 105.785504899238248, 20.970006890705115 ], [ 105.787452088096572, 20.96940085244702 ], [ 105.788936588634172, 20.97065018590952 ] ] ] } },
{ "type": "Feature", "properties": { "h3_id": "8941436b023ffff", "h3_resolution": 9, "h3_parent_res8": "8841436b03fffff", "centroid_lat": 20.971787348127965, "centroid_lon": 105.77428395581231, "legacy_district": "Hà Đông" }, "geometry": { "type": "Polygon", "coordinates": [ [ [ 105.776231299925982, 20.971181416115371 ], [ 105.77576852195908, 20.973036811306983 ], [ 105.773821159932737, 20.973642741271146 ], [ 105.772336582850187, 20.972393262085056 ], [ 105.772799389757267, 20.970537851282543 ], [ 105.774746744807388, 20.969931935276602 ], [ 105.776231299925982, 20.971181416115371 ] ] ] } },
{ "type": "Feature", "properties": { "h3_id": "8941436b027ffff", "h3_resolution": 9, "h3_parent_res8": "8841436b03fffff", "centroid_lat": 20.971143749233093, "centroid_lon": 105.77085200586201, "legacy_district": "Hà Đông" }, "geometry": { "type": "Polygon", "coordinates": [ [ [ 105.772799389757267, 20.970537851282543 ], [ 105.772336582850187, 20.972393262085056 ], [ 105.770389181043498, 20.972999157984031 ], [ 105.768904593125441, 20.971749629125615 ], [ 105.769367428970199, 20.969894202717779 ], [ 105.771314823796004, 20.96928832077327 ], [ 105.772799389757267, 20.970537851282543 ] ] ] } },
{ "type": "Feature", "properties": { "h3_id": "8941436b02bffff", "h3_resolution": 9, "h3_parent_res8": "8841436b03fffff", "centroid_lat": 20.974892186788804, "centroid_lon": 105.77530573710767, "legacy_district": "Hà Đông" }, "geometry": { "type": "Polygon", "coordinates": [ [ [ 105.777253088195636, 20.974286240817065 ], [ 105.776790314373002, 20.976141598635497 ], [ 105.774842945371674, 20.976747542556904 ], [ 105.773358357168604, 20.975498114702219 ], [ 105.773821159932737, 20.973642741271146 ], [ 105.77576852195908, 20.973036811306983 ], [ 105.777253088195636, 20.974286240817065 ] ] ] } },
{ "type": "Feature", "properties": { "h3_id": "8941436b02fffff", "h3_resolution": 9, "h3_parent_res8": "8841436b03fffff", "centroid_lat": 20.974248653177082, "centroid_lon": 105.77187376905854, "legacy_district": "Hà Đông" }, "geometry": { "type": "Polygon", "coordinates": [ [ [ 105.773821159932737, 20.973642741271146 ], [ 105.773358357168604, 20.975498114702219 ], [ 105.771410948382282, 20.976104024554662 ], [ 105.769926349340395, 20.974854547022144 ], [ 105.770389181043498, 20.972999157984031 ], [ 105.772336582850187, 20.972393262085056 ], [ 105.773821159932737, 20.973642741271146 ] ] ] } },
{ "type": "Feature", "properties": { "h3_id": "8941436b033ffff", "h3_resolution": 9, "h3_parent_res8": "8841436b03fffff", "centroid_lat": 20.969326001217919, "centroid_lon": 105.77669407100848, "legacy_district": "Hà Đông" }, "geometry": { "type": "Polygon", "coordinates": [ [ [ 105.778641368356716, 20.96872004910913 ], [ 105.7781786151874, 20.970575466049933 ], [ 105.776231299925982, 20.971181416115371 ], [ 105.774746744807388, 20.969931935276602 ], [ 105.77520952691809, 20.968076502721022 ], [ 105.777156835206654, 20.967470566618566 ], [ 105.778641368356716, 20.96872004910913 ] ] ] } },
{ "type": "Feature", "properties": { "h3_id": "8941436b037ffff", "h3_resolution": 9, "h3_parent_res8": "8841436b03fffff", "centroid_lat": 20.968682420773472, "centroid_lon": 105.77326218977993, "legacy_district": "Hà Đông" }, "geometry": { "type": "Polygon", "coordinates": [ [ [ 105.77520952691809, 20.968076502721022 ], [ 105.774746744807388, 20.969931935276602 ], [ 105.772799389757267, 20.970537851282543 ], [ 105.771314823796004, 20.96928832077327 ], [ 105.771777634845591, 20.967432872608512 ], [ 105.77372498291821, 20.96682697056179 ], [ 105.77520952691809, 20.968076502721022 ] ] ] } },
{ "type": "Feature", "properties": { "h3_id": "8941436b03bffff", "h3_resolution": 9, "h3_parent_res8": "8841436b03fffff", "centroid_lat": 20.972430863287229, "centroid_lon": 105.77771585513374, "legacy_district": "Hà Đông" }, "geometry": { "type": "Polygon", "coordinates": [ [ [ 105.779663159452838, 20.971824897214521 ], [ 105.779200410428629, 20.973680276789629 ], [ 105.777253088195636, 20.974286240817065 ], [ 105.77576852195908, 20.973036811306983 ], [ 105.776231299925982, 20.971181416115371 ], [ 105.7781786151874, 20.970575466049933 ], [ 105.779663159452838, 20.971824897214521 ] ] ] } },
{ "type": "Feature", "properties": { "h3_id": "8941436b043ffff", "h3_resolution": 9, "h3_parent_res8": "8841436b05fffff", "centroid_lat": 20.977465483769596, "centroid_lon": 105.78903310270078, "legacy_district": "Hà Đông" }, "geometry": { "type": "Polygon", "coordinates": [ [ [ 105.790980294513773, 20.976859401553888 ], [ 105.790517636482292, 20.978714696865826 ], [ 105.788570426750965, 20.979320777043814 ], [ 105.787085882008199, 20.978071547937137 ], [ 105.787548568991255, 20.97621623699019 ], [ 105.789495771766155, 20.975610170784506 ], [ 105.790980294513773, 20.976859401553888 ] ] ] } },
{ "type": "Feature", "properties": { "h3_id": "8941436b047ffff", "h3_resolution": 9, "h3_parent_res8": "8841436b05fffff", "centroid_lat": 20.976822285147794, "centroid_lon": 105.78560133734001, "legacy_district": "Hà Đông" }, "geometry": { "type": "Polygon", "coordinates": [ [ [ 105.787548568991255, 20.97621623699019 ], [ 105.787085882008199, 20.978071547937137 ], [ 105.785138632439867, 20.97867759405387 ], [ 105.783654076816305, 20.977428315254695 ], [ 105.784116792748392, 20.975572988678323 ], [ 105.786064035355679, 20.974966956530142 ], [ 105.787548568991255, 20.97621623699019 ] ] ] } },
{ "type": "Feature", "properties": { "h3_id": "8941436b04bffff", "h3_resolution": 9, "h3_parent_res8": "8841436b05fffff", "centroid_lat": 20.980569972465275, "centroid_lon": 105.79005497156629, "legacy_district": "Hà Đông" }, "geometry": { "type": "Polygon", "coordinates": [ [ [ 105.792002170333731, 20.979963876276326 ], [ 105.791539516452218, 20.981819134198979 ], [ 105.789592299765744, 20.98242522834828 ], [ 105.788107743916598, 20.981176050603203 ], [ 105.788570426750965, 20.979320777043814 ], [ 105.790517636482292, 20.978714696865826 ], [ 105.792002170333731, 20.979963876276326 ] ] ] } },
{ "type": "Feature", "properties": { "h3_id": "8941436b04fffff", "h3_resolution": 9, "h3_parent_res8": "8841436b05fffff", "centroid_lat": 20.979926839170886, "centroid_lon": 105.78662318814064, "legacy_district": "Hà Đông" }, "geometry": { "type": "Polygon", "coordinates": [ [ [ 105.788570426750965, 20.979320777043814 ], [ 105.788107743916598, 20.981176050603203 ], [ 105.786160487388443, 20.98178211068749 ], [ 105.784675920655147, 20.980532883244411 ], [ 105.785138632439867, 20.97867759405387 ], [ 105.787085882008199, 20.978071547937137 ], [ 105.788570426750965, 20.979320777043814 ] ] ] } },
{ "type": "Feature", "properties": { "h3_id": "8941436b053ffff", "h3_resolution": 9, "h3_parent_res8": "8841436b05fffff", "centroid_lat": 20.975004086533403, "centroid_lon": 105.79144294566085, "legacy_district": "Hà Đông" }, "geometry": { "type": "Polygon", "coordinates": [ [ [ 105.793390090671508, 20.974397984239509 ], [ 105.792927457443298, 20.976253301292651 ], [ 105.790980294513773, 20.976859401553888 ], [ 105.789495771766155, 20.975610170784506 ], [ 105.789958433947149, 20.973754838092486 ], [ 105.791905589923644, 20.97314875180831 ], [ 105.793390090671508, 20.974397984239509 ] ] ] } },
{ "type": "Feature", "properties": { "h3_id": "8941436b057ffff", "h3_resolution": 9, "h3_parent_res8": "8841436b05fffff", "centroid_lat": 20.974360906333978, "centroid_lon": 105.78801124908986, "legacy_district": "Hà Đông" }, "geometry": { "type": "Polygon", "coordinates": [ [ [ 105.789958433947149, 20.973754838092486 ], [ 105.789495771766155, 20.975610170784506 ], [ 105.787548568991255, 20.97621623699019 ], [ 105.786064035355679, 20.974966956530142 ], [ 105.786526726486912, 20.973111608204821 ], [ 105.788473922304149, 20.97250555597244 ], [ 105.789958433947149, 20.973754838092486 ] ] ] } },
{ "type": "Feature", "properties": { "h3_id": "8941436b05bffff", "h3_resolution": 9, "h3_parent_res8": "8841436b05fffff", "centroid_lat": 20.978108598639565, "centroid_lon": 105.79246481733072, "legacy_district": "Hà Đông" }, "geometry": { "type": "Polygon", "coordinates": [ [ [ 105.79441196929244, 20.977502482367687 ], [ 105.793949340215022, 20.979357762039019 ], [ 105.792002170333731, 20.979963876276326 ], [ 105.790517636482292, 20.978714696865826 ], [ 105.790980294513773, 20.976859401553888 ], [ 105.792927457443298, 20.976253301292651 ], [ 105.79441196929244, 20.977502482367687 ] ] ] } },
{ "type": "Feature", "properties": { "h3_id": "8941436b063ffff", "h3_resolution": 9, "h3_parent_res8": "8841436b07fffff", "centroid_lat": 20.978640321305807, "centroid_lon": 105.77975946916686, "legacy_district": "Hà Đông" }, "geometry": { "type": "Polygon", "coordinates": [ [ [ 105.781706787423971, 20.978034327308251 ], [ 105.781244046691398, 20.979889632124348 ], [ 105.779296710518963, 20.980495624072812 ], [ 105.777812122048829, 20.979246297244742 ], [ 105.778274891726724, 20.977390976808678 ], [ 105.780222220930071, 20.976784998820239 ], [ 105.781706787423971, 20.978034327308251 ] ] ] } },
{ "type": "Feature", "properties": { "h3_id": "8941436b067ffff", "h3_resolution": 9, "h3_parent_res8": "8841436b07fffff", "centroid_lat": 20.977996936738585, "centroid_lon": 105.77632753366575, "legacy_district": "Hà Đông" }, "geometry": { "type": "Polygon", "coordinates": [ [ [ 105.778274891726724, 20.977390976808678 ], [ 105.777812122048829, 20.979246297244742 ], [ 105.775864746073765, 20.979852255122402 ], [ 105.774380146750971, 20.978602878607333 ], [ 105.774842945371674, 20.976747542556904 ], [ 105.776790314373002, 20.976141598635497 ], [ 105.778274891726724, 20.977390976808678 ] ] ] } },
{ "type": "Feature", "properties": { "h3_id": "8941436b06bffff", "h3_resolution": 9, "h3_parent_res8": "8841436b07fffff", "centroid_lat": 20.981744917220265, "centroid_lon": 105.78078129907411, "legacy_district": "Hà Đông" }, "geometry": { "type": "Polygon", "coordinates": [ [ [ 105.782728624298372, 20.981138909261759 ], [ 105.782265887712313, 20.982994176684556 ], [ 105.780318544572026, 20.983600182592053 ], [ 105.778833944986289, 20.982350907117304 ], [ 105.779296710518963, 20.980495624072812 ], [ 105.781244046691398, 20.979889632124348 ], [ 105.782728624298372, 20.981138909261759 ] ] ] } },
{ "type": "Feature", "properties": { "h3_id": "8941436b06fffff", "h3_resolution": 9, "h3_parent_res8": "8841436b07fffff", "centroid_lat": 20.981101597959906, "centroid_lon": 105.7773493454862, "legacy_district": "Hà Đông" }, "geometry": { "type": "Polygon", "coordinates": [ [ [ 105.779296710518963, 20.980495624072812 ], [ 105.778833944986289, 20.982350907117304 ], [ 105.776886562038712, 20.98295687895024 ], [ 105.775401951596976, 20.981707553782993 ], [ 105.775864746073765, 20.979852255122402 ], [ 105.777812122048829, 20.979246297244742 ], [ 105.779296710518963, 20.980495624072812 ] ] ] } },
{ "type": "Feature", "properties": { "h3_id": "8941436b073ffff", "h3_resolution": 9, "h3_parent_res8": "8841436b07fffff", "centroid_lat": 20.976179002775908, "centroid_lon": 105.78216952127191, "legacy_district": "Hà Đông" }, "geometry": { "type": "Polygon", "coordinates": [ [ [ 105.784116792748392, 20.975572988678323 ], [ 105.783654076816305, 20.977428315254695 ], [ 105.781706787423971, 20.978034327308251 ], [ 105.780222220930071, 20.976784998820239 ], [ 105.780684965808675, 20.974929656620031 ], [ 105.782632248235316, 20.974323658531265 ], [ 105.784116792748392, 20.975572988678323 ] ] ] } },
{ "type": "Feature", "properties": { "h3_id": "8941436b077ffff", "h3_resolution": 9, "h3_parent_res8": "8841436b07fffff", "centroid_lat": 20.975535636655664, "centroid_lon": 105.77873765451997, "legacy_district": "Hà Đông" }, "geometry": { "type": "Polygon", "coordinates": [ [ [ 105.780684965808675, 20.974929656620031 ], [ 105.780222220930071, 20.976784998820239 ], [ 105.778274891726724, 20.977390976808678 ], [ 105.776790314373002, 20.976141598635497 ], [ 105.777253088195636, 20.974286240817065 ], [ 105.779200410428629, 20.973680276789629 ], [ 105.780684965808675, 20.974929656620031 ] ] ] } },
{ "type": "Feature", "properties": { "h3_id": "8941436b07bffff", "h3_resolution": 9, "h3_parent_res8": "8841436b07fffff", "centroid_lat": 20.979283622117151, "centroid_lon": 105.78319135399965, "legacy_district": "Hà Đông" }, "geometry": { "type": "Polygon", "coordinates": [ [ [ 105.785138632439867, 20.97867759405387 ], [ 105.784675920655147, 20.980532883244411 ], [ 105.782728624298372, 20.981138909261759 ], [ 105.781244046691398, 20.979889632124348 ], [ 105.781706787423971, 20.978034327308251 ], [ 105.783654076816305, 20.977428315254695 ], [ 105.785138632439867, 20.97867759405387 ] ] ] } },
{ "type": "Feature", "properties": { "h3_id": "8941436b083ffff", "h3_resolution": 9, "h3_parent_res8": "8841436b09fffff", "centroid_lat": 20.962585150985134, "centroid_lon": 105.78735561151321, "legacy_district": "Hà Đông" }, "geometry": { "type": "Polygon", "coordinates": [ [ [ 105.789302728707156, 20.961979104613057 ], [ 105.788840078880369, 20.963834571101483 ], [ 105.786892943770425, 20.964440615448559 ], [ 105.785408465445926, 20.963191179325772 ], [ 105.785871144220252, 20.961335697205385 ], [ 105.787818272372192, 20.960729666839324 ], [ 105.789302728707156, 20.961979104613057 ] ] ] } },
{ "type": "Feature", "properties": { "h3_id": "8941436b087ffff", "h3_resolution": 9, "h3_parent_res8": "8841436b09fffff", "centroid_lat": 20.961941709540113, "centroid_lon": 105.78392398719826, "legacy_district": "Hà Đông" }, "geometry": { "type": "Polygon", "coordinates": [ [ [ 105.785871144220252, 20.961335697205385 ], [ 105.785408465445926, 20.963191179325772 ], [ 105.78346129050918, 20.963797189632352 ], [ 105.781976801310051, 20.962547703840876 ], [ 105.782439509029388, 20.960692206094119 ], [ 105.784386677003496, 20.960086209764782 ], [ 105.785871144220252, 20.961335697205385 ] ] ] } },
{ "type": "Feature", "properties": { "h3_id": "8941436b08bffff", "h3_resolution": 9, "h3_parent_res8": "8841436b09fffff", "centroid_lat": 20.965690017905921, "centroid_lon": 105.78837742216973, "legacy_district": "Hà Đông" }, "geometry": { "type": "Polygon", "coordinates": [ [ [ 105.790324546319724, 20.965083957551904 ], [ 105.789861900641881, 20.966939386695319 ], [ 105.78791475857517, 20.967545445022409 ], [ 105.786430269143736, 20.966296060225663 ], [ 105.786892943770425, 20.964440615448559 ], [ 105.788840078880369, 20.963834571101483 ], [ 105.790324546319724, 20.965083957551904 ] ] ] } },
{ "type": "Feature", "properties": { "h3_id": "8941436b08fffff", "h3_resolution": 9, "h3_parent_res8": "8841436b09fffff", "centroid_lat": 20.965046641761454, "centroid_lon": 105.78494577978773, "legacy_district": "Hà Đông" }, "geometry": { "type": "Polygon", "coordinates": [ [ [ 105.786892943770425, 20.964440615448559 ], [ 105.786430269143736, 20.966296060225663 ], [ 105.784483087245562, 20.96690208450849 ], [ 105.782998586936145, 20.965652650037548 ], [ 105.78346129050918, 20.963797189632352 ], [ 105.785408465445926, 20.963191179325772 ], [ 105.786892943770425, 20.964440615448559 ] ] ] } },
{ "type": "Feature", "properties": { "h3_id": "8941436b093ffff", "h3_resolution": 9, "h3_parent_res8": "8841436b09fffff", "centroid_lat": 20.96012361844457, "centroid_lon": 105.7897653716502, "legacy_district": "Hà Đông" }, "geometry": { "type": "Polygon", "coordinates": [ [ [ 105.791712442050439, 20.959517552023783 ], [ 105.79124981702391, 20.961373040212187 ], [ 105.789302728707156, 20.961979104613057 ], [ 105.787818272372192, 20.960729666839324 ], [ 105.78828092634744, 20.958874163015075 ], [ 105.790228007709601, 20.958268112599985 ], [ 105.791712442050439, 20.959517552023783 ] ] ] } },
{ "type": "Feature", "properties": { "h3_id": "8941436b097ffff", "h3_resolution": 9, "h3_parent_res8": "8841436b09fffff", "centroid_lat": 20.959480195404222, "centroid_lon": 105.7863338161108, "legacy_district": "Hà Đông" }, "geometry": { "type": "Polygon", "coordinates": [ [ [ 105.78828092634744, 20.958874163015075 ], [ 105.787818272372192, 20.960729666839324 ], [ 105.785871144220252, 20.961335697205385 ], [ 105.784386677003496, 20.960086209764782 ], [ 105.784849359924976, 20.958230690310305 ], [ 105.786796481117648, 20.95762467392624 ], [ 105.78828092634744, 20.958874163015075 ] ] ] } },
{ "type": "Feature", "properties": { "h3_id": "8941436b09bffff", "h3_resolution": 9, "h3_parent_res8": "8841436b09fffff", "centroid_lat": 20.963228508722889, "centroid_lon": 105.79078718511371, "legacy_district": "Hà Đông" }, "geometry": { "type": "Polygon", "coordinates": [ [ [ 105.79273426246661, 20.962622428315395 ], [ 105.792271641589863, 20.964477879166267 ], [ 105.790324546319724, 20.965083957551904 ], [ 105.788840078880369, 20.963834571101483 ], [ 105.789302728707156, 20.961979104613057 ], [ 105.79124981702391, 20.961373040212187 ], [ 105.79273426246661, 20.962622428315395 ] ] ] } },
{ "type": "Feature", "properties": { "h3_id": "8941436b0a3ffff", "h3_resolution": 9, "h3_parent_res8": "8841436b0bfffff", "centroid_lat": 20.963759638329929, "centroid_lon": 105.77808234295043, "legacy_district": "Hà Đông" }, "geometry": { "type": "Polygon", "coordinates": [ [ [ 105.780029586559479, 20.963153680105027 ], [ 105.77956685404267, 20.96500915613273 ], [ 105.777619592520608, 20.96561511232126 ], [ 105.776135070486731, 20.964365578512947 ], [ 105.776597831944869, 20.962510086868335 ], [ 105.778545086496223, 20.961904144648528 ], [ 105.780029586559479, 20.963153680105027 ] ] ] } },
{ "type": "Feature", "properties": { "h3_id": "8941436b0a7ffff", "h3_resolution": 9, "h3_parent_res8": "8841436b0bfffff", "centroid_lat": 20.963116011046356, "centroid_lon": 105.77465054854214, "legacy_district": "Hà Đông" }, "geometry": { "type": "Polygon", "coordinates": [ [ [ 105.776597831944869, 20.962510086868335 ], [ 105.776135070486731, 20.964365578512947 ], [ 105.774187769172258, 20.964971500651437 ], [ 105.772703236291889, 20.963721917179949 ], [ 105.773166026688813, 20.961866409924028 ], [ 105.775113321027945, 20.961260501750491 ], [ 105.776597831944869, 20.962510086868335 ] ] ] } },
{ "type": "Feature", "properties": { "h3_id": "8941436b0abffff", "h3_resolution": 9, "h3_parent_res8": "8841436b0bfffff", "centroid_lat": 20.966864612468743, "centroid_lon": 105.77910411464177, "legacy_district": "Hà Đông" }, "geometry": { "type": "Polygon", "coordinates": [ [ [ 105.781051365219554, 20.966258640274194 ], [ 105.780588636848194, 20.968114078952865 ], [ 105.778641368356716, 20.96872004910913 ], [ 105.777156835206654, 20.967470566618566 ], [ 105.777619592520608, 20.96561511232126 ], [ 105.77956685404267, 20.96500915613273 ], [ 105.781051365219554, 20.966258640274194 ] ] ] } },
{ "type": "Feature", "properties": { "h3_id": "8941436b0afffff", "h3_resolution": 9, "h3_parent_res8": "8841436b0bfffff", "centroid_lat": 20.966221050465162, "centroid_lon": 105.77567230214451, "legacy_district": "Hà Đông" }, "geometry": { "type": "Polygon", "coordinates": [ [ [ 105.777619592520608, 20.96561511232126 ], [ 105.777156835206654, 20.967470566618566 ], [ 105.77520952691809, 20.968076502721022 ], [ 105.77372498291821, 20.96682697056179 ], [ 105.774187769172258, 20.964971500651437 ], [ 105.776135070486731, 20.964365578512947 ], [ 105.777619592520608, 20.96561511232126 ] ] ] } },
{ "type": "Feature", "properties": { "h3_id": "8941436b0b3ffff", "h3_resolution": 9, "h3_parent_res8": "8841436b0bfffff", "centroid_lat": 20.961298184389573, "centroid_lon": 105.78049231219235, "legacy_district": "Hà Đông" }, "geometry": { "type": "Polygon", "coordinates": [ [ [ 105.782439509029388, 20.960692206094119 ], [ 105.781976801310051, 20.962547703840876 ], [ 105.780029586559479, 20.963153680105027 ], [ 105.778545086496223, 20.961904144648528 ], [ 105.779007823158068, 20.960048631281001 ], [ 105.780955030941328, 20.95944266899032 ], [ 105.782439509029388, 20.960692206094119 ] ] ] } },
{ "type": "Feature", "properties": { "h3_id": "8941436b0b7ffff", "h3_resolution": 9, "h3_parent_res8": "8841436b0bfffff", "centroid_lat": 20.960654575535262, "centroid_lon": 105.77706058651899, "legacy_district": "Hà Đông" }, "geometry": { "type": "Polygon", "coordinates": [ [ [ 105.779007823158068, 20.960048631281001 ], [ 105.778545086496223, 20.961904144648528 ], [ 105.776597831944869, 20.962510086868335 ], [ 105.775113321027945, 20.961260501750491 ], [ 105.775576086629769, 20.959404972767782 ], [ 105.777523334209192, 20.958799044517686 ], [ 105.779007823158068, 20.960048631281001 ] ] ] } },
{ "type": "Feature", "properties": { "h3_id": "8941436b0bbffff", "h3_resolution": 9, "h3_parent_res8": "8841436b0bfffff", "centroid_lat": 20.964403181902217, "centroid_lon": 105.78151408670679, "legacy_district": "Hà Đông" }, "geometry": { "type": "Polygon", "coordinates": [ [ [ 105.78346129050918, 20.963797189632352 ], [ 105.782998586936145, 20.965652650037548 ], [ 105.781051365219554, 20.966258640274194 ], [ 105.77956685404267, 20.96500915613273 ], [ 105.780029586559479, 20.963153680105027 ], [ 105.781976801310051, 20.962547703840876 ], [ 105.78346129050918, 20.963797189632352 ] ] ] } },
{ "type": "Feature", "properties": { "h3_id": "8941436b0c7ffff", "h3_resolution": 9, "h3_parent_res8": "8841436b0dfffff", "centroid_lat": 20.968794796149165, "centroid_lon": 105.78939924808006, "legacy_district": "Hà Đông" }, "geometry": { "type": "Polygon", "coordinates": [ [ [ 105.791346379184859, 20.968188721814204 ], [ 105.790883737656401, 20.970044113603389 ], [ 105.788936588634172, 20.97065018590952 ], [ 105.787452088096572, 20.96940085244702 ], [ 105.78791475857517, 20.967545445022409 ], [ 105.789861900641881, 20.966939386695319 ], [ 105.791346379184859, 20.968188721814204 ] ] ] } },
{ "type": "Feature", "properties": { "h3_id": "8941436b0cfffff", "h3_resolution": 9, "h3_parent_res8": "8841436b0dfffff", "centroid_lat": 20.971899485697467, "centroid_lon": 105.79042108924386, "legacy_district": "Hà Đông" }, "geometry": { "type": "Polygon", "coordinates": [ [ [ 105.792368227302219, 20.971293397382539 ], [ 105.791905589923644, 20.97314875180831 ], [ 105.789958433947149, 20.973754838092486 ], [ 105.788473922304149, 20.97250555597244 ], [ 105.788936588634172, 20.97065018590952 ], [ 105.790883737656401, 20.970044113603389 ], [ 105.792368227302219, 20.971293397382539 ] ] ] } },
{ "type": "Feature", "properties": { "h3_id": "8941436b0d7ffff", "h3_resolution": 9, "h3_parent_res8": "8841436b0dfffff", "centroid_lat": 20.966333310333855, "centroid_lon": 105.79180901382931, "legacy_district": "Hà Đông" }, "geometry": { "type": "Polygon", "coordinates": [ [ [ 105.793756098133613, 20.96572721594066 ], [ 105.793293481407105, 20.967582629444781 ], [ 105.791346379184859, 20.968188721814204 ], [ 105.789861900641881, 20.966939386695319 ], [ 105.790324546319724, 20.965083957551904 ], [ 105.792271641589863, 20.964477879166267 ], [ 105.793756098133613, 20.96572721594066 ] ] ] } },
{ "type": "Feature", "properties": { "h3_id": "8941436b103ffff", "h3_resolution": 9, "h3_parent_res8": "8841436b11fffff", "centroid_lat": 20.966107261749862, "centroid_lon": 105.75953415889198, "legacy_district": "Hà Đông" }, "geometry": { "type": "Polygon", "coordinates": [ [ [ 105.761481655059825, 20.965501479942031 ], [ 105.761018757208703, 20.967356974900731 ], [ 105.759071243133903, 20.967962754649445 ], [ 105.757586633906925, 20.966713025494897 ], [ 105.758049560686842, 20.964857514949397 ], [ 105.759997067765582, 20.964251749144822 ], [ 105.761481655059825, 20.965501479942031 ] ] ] } },
{ "type": "Feature", "properties": { "h3_id": "8941436b107ffff", "h3_resolution": 9, "h3_parent_res8": "8841436b11fffff", "centroid_lat": 20.96546326269128, "centroid_lon": 105.75610202479412, "legacy_district": "Hà Đông" }, "geometry": { "type": "Polygon", "coordinates": [ [ [ 105.758049560686842, 20.964857514949397 ], [ 105.757586633906925, 20.966713025494897 ], [ 105.75563908010848, 20.967318771174494 ], [ 105.754154460091314, 20.966068992367827 ], [ 105.754617415797512, 20.964213466241137 ], [ 105.756564962595249, 20.963607734501895 ], [ 105.758049560686842, 20.964857514949397 ] ] ] } },
{ "type": "Feature", "properties": { "h3_id": "8941436b10bffff", "h3_resolution": 9, "h3_parent_res8": "8841436b11fffff", "centroid_lat": 20.969212450152376, "centroid_lon": 105.76055585247309, "legacy_district": "Hà Đông" }, "geometry": { "type": "Polygon", "coordinates": [ [ [ 105.762503355635005, 20.968606654399483 ], [ 105.762040461922467, 20.970462112001144 ], [ 105.760092940852857, 20.971067905693001 ], [ 105.758608320491248, 20.969818227839632 ], [ 105.759071243133903, 20.967962754649445 ], [ 105.761018757208703, 20.967356974900731 ], [ 105.762503355635005, 20.968606654399483 ] ] ] } },
{ "type": "Feature", "properties": { "h3_id": "8941436b10fffff", "h3_resolution": 9, "h3_parent_res8": "8841436b11fffff", "centroid_lat": 20.968568516332621, "centroid_lon": 105.75712370024247, "legacy_district": "Hà Đông" }, "geometry": { "type": "Polygon", "coordinates": [ [ [ 105.759071243133903, 20.967962754649445 ], [ 105.758608320491248, 20.969818227839632 ], [ 105.756660759693375, 20.970423987458609 ], [ 105.755176128538238, 20.969174259947607 ], [ 105.75563908010848, 20.967318771174494 ], [ 105.757586633906925, 20.966713025494897 ], [ 105.759071243133903, 20.967962754649445 ] ] ] } },
{ "type": "Feature", "properties": { "h3_id": "8941436b113ffff", "h3_resolution": 9, "h3_parent_res8": "8841436b11fffff", "centroid_lat": 20.963645965280193, "centroid_lon": 105.76194454602651, "legacy_district": "Hà Đông" }, "geometry": { "type": "Polygon", "coordinates": [ [ [ 105.763891995465755, 20.963040163358137 ], [ 105.763429122406549, 20.964895680074033 ], [ 105.761481655059825, 20.965501479942031 ], [ 105.759997067765582, 20.964251749144822 ], [ 105.760459969754791, 20.962396216838268 ], [ 105.76240743010888, 20.961790430919162 ], [ 105.763891995465755, 20.963040163358137 ] ] ] } },
{ "type": "Feature", "properties": { "h3_id": "8941436b117ffff", "h3_resolution": 9, "h3_parent_res8": "8841436b11fffff", "centroid_lat": 20.963001984700064, "centroid_lon": 105.7585124805823, "legacy_district": "Hà Đông" }, "geometry": { "type": "Polygon", "coordinates": [ [ [ 105.760459969754791, 20.962396216838268 ], [ 105.759997067765582, 20.964251749144822 ], [ 105.758049560686842, 20.964857514949397 ], [ 105.756564962595249, 20.963607734501895 ], [ 105.75702789351196, 20.961752186610283 ], [ 105.758975393593389, 20.96114643475082 ], [ 105.760459969754791, 20.962396216838268 ] ] ] } },
{ "type": "Feature", "properties": { "h3_id": "8941436b11bffff", "h3_resolution": 9, "h3_parent_res8": "8841436b11fffff", "centroid_lat": 20.966751177089129, "centroid_lon": 105.76296624246301, "legacy_district": "Hà Đông" }, "geometry": { "type": "Polygon", "coordinates": [ [ [ 105.76491369889294, 20.966145361217261 ], [ 105.764450829973157, 20.968000840583581 ], [ 105.762503355635005, 20.968606654399483 ], [ 105.761018757208703, 20.967356974900731 ], [ 105.761481655059825, 20.965501479942031 ], [ 105.763429122406549, 20.964895680074033 ], [ 105.76491369889294, 20.966145361217261 ] ] ] } },
{ "type": "Feature", "properties": { "h3_id": "8941436b123ffff", "h3_resolution": 9, "h3_parent_res8": "8841436b13fffff", "centroid_lat": 20.967280397514362, "centroid_lon": 105.75025924427084, "legacy_district": "Hà Đông" }, "geometry": { "type": "Polygon", "coordinates": [ [ [ 105.75220686658227, 20.966674703976398 ], [ 105.751743886086942, 20.968530208326836 ], [ 105.749796245871565, 20.969135899794296 ], [ 105.748311593160892, 20.967886072979077 ], [ 105.748774602578763, 20.96603055305691 ], [ 105.750722235785418, 20.965424875521286 ], [ 105.75220686658227, 20.966674703976398 ] ] ] } },
{ "type": "Feature", "properties": { "h3_id": "8941436b127ffff", "h3_resolution": 9, "h3_parent_res8": "8841436b13fffff", "centroid_lat": 20.966636212519397, "centroid_lon": 105.74682694057688, "legacy_district": "Hà Đông" }, "geometry": { "type": "Polygon", "coordinates": [ [ [ 105.748774602578763, 20.96603055305691 ], [ 105.748311593160892, 20.967886072979077 ], [ 105.746363913256317, 20.968491730367894 ], [ 105.744879249783622, 20.967241853906089 ], [ 105.745342288121506, 20.965386318417792 ], [ 105.747289961012712, 20.964780674957023 ], [ 105.748774602578763, 20.96603055305691 ] ] ] } },
{ "type": "Feature", "properties": { "h3_id": "8941436b12bffff", "h3_resolution": 9, "h3_parent_res8": "8841436b13fffff", "centroid_lat": 20.970385692962509, "centroid_lon": 105.7512808987069, "legacy_district": "Hà Đông" }, "geometry": { "type": "Polygon", "coordinates": [ [ [ 105.75322852802509, 20.969779985491783 ], [ 105.752765551664879, 20.971635452481166 ], [ 105.750817904442016, 20.972241157879473 ], [ 105.749333240587504, 20.970991382357138 ], [ 105.749796245871565, 20.969135899794296 ], [ 105.751743886086942, 20.968530208326836 ], [ 105.75322852802509, 20.969779985491783 ] ] ] } },
{ "type": "Feature", "properties": { "h3_id": "8941436b12fffff", "h3_resolution": 9, "h3_parent_res8": "8841436b13fffff", "centroid_lat": 20.969741573185765, "centroid_lon": 105.74784857685826, "legacy_district": "Hà Đông" }, "geometry": { "type": "Polygon", "coordinates": [ [ [ 105.749796245871565, 20.969135899794296 ], [ 105.749333240587504, 20.970991382357138 ], [ 105.747385553670782, 20.971597053673037 ], [ 105.745900879050893, 20.9703472284986 ], [ 105.746363913256317, 20.968491730367894 ], [ 105.748311593160892, 20.967886072979077 ], [ 105.749796245871565, 20.969135899794296 ] ] ] } },
{ "type": "Feature", "properties": { "h3_id": "8941436b133ffff", "h3_resolution": 9, "h3_parent_res8": "8841436b13fffff", "centroid_lat": 20.964819179915143, "centroid_lon": 105.75266984019294, "legacy_district": "Hà Đông" }, "geometry": { "type": "Polygon", "coordinates": [ [ [ 105.754617415797512, 20.964213466241137 ], [ 105.754154460091314, 20.966068992367827 ], [ 105.75220686658227, 20.966674703976398 ], [ 105.750722235785418, 20.965424875521286 ], [ 105.751185220415366, 20.963569333818995 ], [ 105.753132806919069, 20.962963636147013 ], [ 105.754617415797512, 20.964213466241137 ] ] ] } },
{ "type": "Feature", "properties": { "h3_id": "8941436b137ffff", "h3_resolution": 9, "h3_parent_res8": "8841436b13fffff", "centroid_lat": 20.964175013423219, "centroid_lon": 105.74923760511194, "legacy_district": "Hà Đông" }, "geometry": { "type": "Polygon", "coordinates": [ [ [ 105.751185220415366, 20.963569333818995 ], [ 105.750722235785418, 20.965424875521286 ], [ 105.748774602578763, 20.96603055305691 ], [ 105.747289961012712, 20.964780674957023 ], [ 105.747752974563909, 20.962925117684748 ], [ 105.749700600760562, 20.962319454081936 ], [ 105.751185220415366, 20.963569333818995 ] ] ] } },
{ "type": "Feature", "properties": { "h3_id": "8941436b13bffff", "h3_resolution": 9, "h3_parent_res8": "8841436b13fffff", "centroid_lat": 20.967924498786019, "centroid_lon": 105.75369149750054, "legacy_district": "Hà Đông" }, "geometry": { "type": "Polygon", "coordinates": [ [ [ 105.75563908010848, 20.967318771174494 ], [ 105.755176128538238, 20.969174259947607 ], [ 105.75322852802509, 20.969779985491783 ], [ 105.751743886086942, 20.968530208326836 ], [ 105.75220686658227, 20.966674703976398 ], [ 105.754154460091314, 20.966068992367827 ], [ 105.75563908010848, 20.967318771174494 ] ] ] } },
{ "type": "Feature", "properties": { "h3_id": "8941436b143ffff", "h3_resolution": 9, "h3_parent_res8": "8841436b15fffff", "centroid_lat": 20.972961334726019, "centroid_lon": 105.76500968114385, "legacy_district": "Hà Đông" }, "geometry": { "type": "Polygon", "coordinates": [ [ [ 105.766957151551438, 20.972355490957469 ], [ 105.766494290911865, 20.974210895597032 ], [ 105.764546802594637, 20.974816737305783 ], [ 105.763062181906534, 20.973567160428622 ], [ 105.763525071480046, 20.971711740193207 ], [ 105.765472552808362, 20.971105912430392 ], [ 105.766957151551438, 20.972355490957469 ] ] ] } },
{ "type": "Feature", "properties": { "h3_id": "8941436b147ffff", "h3_resolution": 9, "h3_parent_res8": "8841436b15fffff", "centroid_lat": 20.972317549890178, "centroid_lon": 105.76157756132528, "legacy_district": "Hà Đông" }, "geometry": { "type": "Polygon", "coordinates": [ [ [ 105.763525071480046, 20.971711740193207 ], [ 105.763062181906534, 20.973567160428622 ], [ 105.761114653843364, 20.974172968062636 ], [ 105.75963002234792, 20.972923341518666 ], [ 105.760092940852857, 20.971067905693001 ], [ 105.762040461922467, 20.970462112001144 ], [ 105.763525071480046, 20.971711740193207 ] ] ] } },
{ "type": "Feature", "properties": { "h3_id": "8941436b14bffff", "h3_resolution": 9, "h3_parent_res8": "8841436b15fffff", "centroid_lat": 20.976066280519117, "centroid_lon": 105.76603142338757, "legacy_district": "Hà Đông" }, "geometry": { "type": "Polygon", "coordinates": [ [ [ 105.767978900782111, 20.97546042280371 ], [ 105.767516044283369, 20.977315790066093 ], [ 105.765568548978464, 20.977921645719789 ], [ 105.764083917160633, 20.976672120165738 ], [ 105.764546802594637, 20.974816737305783 ], [ 105.766494290911865, 20.974210895597032 ], [ 105.767978900782111, 20.97546042280371 ] ] ] } },
{ "type": "Feature", "properties": { "h3_id": "8941436b14fffff", "h3_resolution": 9, "h3_parent_res8": "8841436b15fffff", "centroid_lat": 20.975422560945844, "centroid_lon": 105.76259928544827, "legacy_district": "Hà Đông" }, "geometry": { "type": "Polygon", "coordinates": [ [ [ 105.764546802594637, 20.974816737305783 ], [ 105.764083917160633, 20.976672120165738 ], [ 105.762136382105155, 20.977277941740947 ], [ 105.760651739476643, 20.976028366514583 ], [ 105.761114653843364, 20.974172968062636 ], [ 105.763062181906534, 20.973567160428622 ], [ 105.764546802594637, 20.974816737305783 ] ] ] } },
{ "type": "Feature", "properties": { "h3_id": "8941436b153ffff", "h3_resolution": 9, "h3_parent_res8": "8841436b15fffff", "centroid_lat": 20.970500066604373, "centroid_lon": 105.76742000530638, "legacy_district": "Hà Đông" }, "geometry": { "type": "Polygon", "coordinates": [ [ [ 105.769367428970199, 20.969894202717779 ], [ 105.768904593125441, 20.971749629125615 ], [ 105.766957151551438, 20.972355490957469 ], [ 105.765472552808362, 20.971105912430392 ], [ 105.765935417588281, 20.969250470422846 ], [ 105.767882852176754, 20.968644622541678 ], [ 105.769367428970199, 20.969894202717779 ] ] ] } },
{ "type": "Feature", "properties": { "h3_id": "8941436b157ffff", "h3_resolution": 9, "h3_parent_res8": "8841436b15fffff", "centroid_lat": 20.969856300243549, "centroid_lon": 105.76398795416888, "legacy_district": "Hà Đông" }, "geometry": { "type": "Polygon", "coordinates": [ [ [ 105.765935417588281, 20.969250470422846 ], [ 105.765472552808362, 20.971105912430392 ], [ 105.763525071480046, 20.971711740193207 ], [ 105.762040461922467, 20.970462112001144 ], [ 105.762503355635005, 20.968606654399483 ], [ 105.764450829973157, 20.968000840583581 ], [ 105.765935417588281, 20.969250470422846 ] ] ] } },
{ "type": "Feature", "properties": { "h3_id": "8941436b15bffff", "h3_resolution": 9, "h3_parent_res8": "8841436b15fffff", "centroid_lat": 20.973605035822231, "centroid_lon": 105.76844175039611, "legacy_district": "Hà Đông" }, "geometry": { "type": "Polygon", "coordinates": [ [ [ 105.770389181043498, 20.972999157984031 ], [ 105.769926349340395, 20.974854547022144 ], [ 105.767978900782111, 20.97546042280371 ], [ 105.766494290911865, 20.974210895597032 ], [ 105.766957151551438, 20.972355490957469 ], [ 105.768904593125441, 20.971749629125615 ], [ 105.770389181043498, 20.972999157984031 ] ] ] } },
{ "type": "Feature", "properties": { "h3_id": "8941436b163ffff", "h3_resolution": 9, "h3_parent_res8": "8841436b17fffff", "centroid_lat": 20.974134870559652, "centroid_lon": 105.75573485794088, "legacy_district": "Hà Đông" }, "geometry": { "type": "Polygon", "coordinates": [ [ [ 105.757682454551826, 20.973529115076037 ], [ 105.757219511254888, 20.975384529114375 ], [ 105.755271896737312, 20.975990282526809 ], [ 105.753787232518917, 20.974740607966858 ], [ 105.754250204743542, 20.972885178347727 ], [ 105.756197812259543, 20.972279438868938 ], [ 105.757682454551826, 20.973529115076037 ] ] ] } },
{ "type": "Feature", "properties": { "h3_id": "8941436b167ffff", "h3_resolution": 9, "h3_parent_res8": "8841436b17fffff", "centroid_lat": 20.973490899750232, "centroid_lon": 105.75230256841982, "legacy_district": "Hà Đông" }, "geometry": { "type": "Polygon", "coordinates": [ [ [ 105.754250204743542, 20.972885178347727 ], [ 105.753787232518917, 20.974740607966858 ], [ 105.751839578289804, 20.975346327295028 ], [ 105.750354903292219, 20.9740966030738 ], [ 105.750817904442016, 20.972241157879473 ], [ 105.752765551664879, 20.971635452481166 ], [ 105.754250204743542, 20.972885178347727 ] ] ] } },
{ "type": "Feature", "properties": { "h3_id": "8941436b16bffff", "h3_resolution": 9, "h3_parent_res8": "8841436b17fffff", "centroid_lat": 20.977239923427547, "centroid_lon": 105.75675656107299, "legacy_district": "Hà Đông" }, "geometry": { "type": "Polygon", "coordinates": [ [ [ 105.758704164683607, 20.976634154009368 ], [ 105.758241225524003, 20.978489530666511 ], [ 105.756293604006075, 20.9790952980116 ], [ 105.754808928648714, 20.977845674766485 ], [ 105.755271896737312, 20.975990282526809 ], [ 105.757219511254888, 20.975384529114375 ], [ 105.758704164683607, 20.976634154009368 ] ] ] } },
{ "type": "Feature", "properties": { "h3_id": "8941436b16fffff", "h3_resolution": 9, "h3_parent_res8": "8841436b17fffff", "centroid_lat": 20.976596017860111, "centroid_lon": 105.7533242534093, "legacy_district": "Hà Đông" }, "geometry": { "type": "Polygon", "coordinates": [ [ [ 105.755271896737312, 20.975990282526809 ], [ 105.754808928648714, 20.977845674766485 ], [ 105.752861267414616, 20.978451408023531 ], [ 105.751376581274741, 20.977201735111631 ], [ 105.751839578289804, 20.975346327295028 ], [ 105.753787232518917, 20.974740607966858 ], [ 105.755271896737312, 20.975990282526809 ] ] ] } },
{ "type": "Feature", "properties": { "h3_id": "8941436b173ffff", "h3_resolution": 9, "h3_parent_res8": "8841436b17fffff", "centroid_lat": 20.971673681316474, "centroid_lon": 105.75814539096392, "legacy_district": "Hà Đông" }, "geometry": { "type": "Polygon", "coordinates": [ [ [ 105.760092940852857, 20.971067905693001 ], [ 105.75963002234792, 20.972923341518666 ], [ 105.757682454551826, 20.973529115076037 ], [ 105.756197812259543, 20.972279438868938 ], [ 105.756660759693375, 20.970423987458609 ], [ 105.758608320491248, 20.969818227839632 ], [ 105.760092940852857, 20.971067905693001 ] ] ] } },
{ "type": "Feature", "properties": { "h3_id": "8941436b177ffff", "h3_resolution": 9, "h3_parent_res8": "8841436b17fffff", "centroid_lat": 20.971029729006666, "centroid_lon": 105.75471317008329, "legacy_district": "Hà Đông" }, "geometry": { "type": "Polygon", "coordinates": [ [ [ 105.756660759693375, 20.970423987458609 ], [ 105.756197812259543, 20.972279438868938 ], [ 105.754250204743542, 20.972885178347727 ], [ 105.752765551664879, 20.971635452481166 ], [ 105.75322852802509, 20.969779985491783 ], [ 105.755176128538238, 20.969174259947607 ], [ 105.756660759693375, 20.970423987458609 ] ] ] } },
{ "type": "Feature", "properties": { "h3_id": "8941436b17bffff", "h3_resolution": 9, "h3_parent_res8": "8841436b17fffff", "centroid_lat": 20.974778757625444, "centroid_lon": 105.75916709695821, "legacy_district": "Hà Đông" }, "geometry": { "type": "Polygon", "coordinates": [ [ [ 105.761114653843364, 20.974172968062636 ], [ 105.760651739476643, 20.976028366514583 ], [ 105.758704164683607, 20.976634154009368 ], [ 105.757219511254888, 20.975384529114375 ], [ 105.757682454551826, 20.973529115076037 ], [ 105.75963002234792, 20.972923341518666 ], [ 105.761114653843364, 20.974172968062636 ] ] ] } },
{ "type": "Feature", "properties": { "h3_id": "8941436b183ffff", "h3_resolution": 9, "h3_parent_res8": "8841436b19fffff", "centroid_lat": 20.958079303115323, "centroid_lon": 105.76333317762099, "legacy_district": "Hà Đông" }, "geometry": { "type": "Polygon", "coordinates": [ [ [ 105.765280573338117, 20.957473495045054 ], [ 105.764817720931447, 20.959329070839701 ], [ 105.762870307306997, 20.959934876862896 ], [ 105.761385753080418, 20.958685093136395 ], [ 105.761848634417007, 20.95682950174896 ], [ 105.763796041050938, 20.956223709680387 ], [ 105.765280573338117, 20.957473495045054 ] ] ] } },
{ "type": "Feature", "properties": { "h3_id": "8941436b187ffff", "h3_resolution": 9, "h3_parent_res8": "8841436b19fffff", "centroid_lat": 20.957435275768432, "centroid_lon": 105.75990119896289, "legacy_district": "Hà Đông" }, "geometry": { "type": "Polygon", "coordinates": [ [ [ 105.761848634417007, 20.95682950174896 ], [ 105.761385753080418, 20.958685093136395 ], [ 105.759438299720216, 20.959290865105626 ], [ 105.75795373469245, 20.958041031736172 ], [ 105.758416644956455, 20.956185424761543 ], [ 105.760364091321478, 20.955579666743162 ], [ 105.761848634417007, 20.95682950174896 ] ] ] } },
{ "type": "Feature", "properties": { "h3_id": "8941436b18bffff", "h3_resolution": 9, "h3_parent_res8": "8841436b19fffff", "centroid_lat": 20.961184626945375, "centroid_lon": 105.76435486164067, "legacy_district": "Hà Đông" }, "geometry": { "type": "Polygon", "coordinates": [ [ [ 105.766302264346365, 20.96057880491955 ], [ 105.765839416079444, 20.9624343433813 ], [ 105.763891995465755, 20.963040163358137 ], [ 105.76240743010888, 20.961790430919162 ], [ 105.762870307306997, 20.959934876862896 ], [ 105.764817720931447, 20.959329070839701 ], [ 105.766302264346365, 20.96057880491955 ] ] ] } },
{ "type": "Feature", "properties": { "h3_id": "8941436b18fffff", "h3_resolution": 9, "h3_parent_res8": "8841436b19fffff", "centroid_lat": 20.960540664834149, "centroid_lon": 105.76092286485971, "legacy_district": "Hà Đông" }, "geometry": { "type": "Polygon", "coordinates": [ [ [ 105.762870307306997, 20.959934876862896 ], [ 105.76240743010888, 20.961790430919162 ], [ 105.760459969754791, 20.962396216838268 ], [ 105.758975393593389, 20.96114643475082 ], [ 105.759438299720216, 20.959290865105626 ], [ 105.761385753080418, 20.958685093136395 ], [ 105.762870307306997, 20.959934876862896 ] ] ] } },
{ "type": "Feature", "properties": { "h3_id": "8941436b193ffff", "h3_resolution": 9, "h3_parent_res8": "8841436b19fffff", "centroid_lat": 20.955617899565368, "centroid_lon": 105.76574341886084, "legacy_district": "Hà Đông" }, "geometry": { "type": "Polygon", "coordinates": [ [ [ 105.767690767842822, 20.955012071406529 ], [ 105.767227940227954, 20.956867668928219 ], [ 105.765280573338117, 20.957473495045054 ], [ 105.763796041050938, 20.956223709680387 ], [ 105.764258897596918, 20.954368096562057 ], [ 105.766206257499633, 20.953762284404601 ], [ 105.767690767842822, 20.955012071406529 ] ] ] } },
{ "type": "Feature", "properties": { "h3_id": "8941436b197ffff", "h3_resolution": 9, "h3_parent_res8": "8841436b19fffff", "centroid_lat": 20.954973890675781, "centroid_lon": 105.76231150886957, "legacy_district": "Hà Đông" }, "geometry": { "type": "Polygon", "coordinates": [ [ [ 105.764258897596918, 20.954368096562057 ], [ 105.763796041050938, 20.956223709680387 ], [ 105.761848634417007, 20.95682950174896 ], [ 105.760364091321478, 20.955579666743162 ], [ 105.760826976796068, 20.953724038033766 ], [ 105.762774376438244, 20.953118259920817 ], [ 105.764258897596918, 20.954368096562057 ] ] ] } },
{ "type": "Feature", "properties": { "h3_id": "8941436b19bffff", "h3_resolution": 9, "h3_parent_res8": "8841436b19fffff", "centroid_lat": 20.958723246767207, "centroid_lon": 105.76676510572916, "legacy_district": "Hà Đông" }, "geometry": { "type": "Polygon", "coordinates": [ [ [ 105.768712461696296, 20.958117404648053 ], [ 105.768249638222045, 20.959972964844319 ], [ 105.766302264346365, 20.96057880491955 ], [ 105.764817720931447, 20.959329070839701 ], [ 105.765280573338117, 20.957473495045054 ], [ 105.767227940227954, 20.956867668928219 ], [ 105.768712461696296, 20.958117404648053 ] ] ] } },
{ "type": "Feature", "properties": { "h3_id": "8941436b1a3ffff", "h3_resolution": 9, "h3_parent_res8": "8841436b1bfffff", "centroid_lat": 20.959252489505886, "centroid_lon": 105.75405871971805, "legacy_district": "Hà Đông" }, "geometry": { "type": "Polygon", "coordinates": [ [ [ 105.756006241609555, 20.95864676964953 ], [ 105.755543306556547, 20.960502354878045 ], [ 105.753595766760753, 20.961108072675945 ], [ 105.752111169021816, 20.95985819130259 ], [ 105.75257413299849, 20.958002590496363 ], [ 105.754521665791103, 20.957396886640776 ], [ 105.756006241609555, 20.95864676964953 ] ] ] } },
{ "type": "Feature", "properties": { "h3_id": "8941436b1a7ffff", "h3_resolution": 9, "h3_parent_res8": "8841436b1bfffff", "centroid_lat": 20.958608276292381, "centroid_lon": 105.75062657140441, "legacy_district": "Hà Đông" }, "geometry": { "type": "Polygon", "coordinates": [ [ [ 105.75257413299849, 20.958002590496363 ], [ 105.752111169021816, 20.95985819130259 ], [ 105.750163589524703, 20.960463875037007 ], [ 105.748678981012731, 20.959213944026228 ], [ 105.749141973910568, 20.957358327647871 ], [ 105.751089546399854, 20.956752657852 ], [ 105.75257413299849, 20.958002590496363 ] ] ] } },
{ "type": "Feature", "properties": { "h3_id": "8941436b1abffff", "h3_resolution": 9, "h3_parent_res8": "8841436b1bfffff", "centroid_lat": 20.962357920409893, "centroid_lon": 105.75508036461922, "legacy_district": "Hà Đông" }, "geometry": { "type": "Polygon", "coordinates": [ [ [ 105.75702789351196, 20.961752186610283 ], [ 105.756564962595249, 20.963607734501895 ], [ 105.754617415797512, 20.964213466241137 ], [ 105.753132806919069, 20.962963636147013 ], [ 105.753595766760753, 20.961108072675945 ], [ 105.755543306556547, 20.960502354878045 ], [ 105.75702789351196, 20.961752186610283 ] ] ] } },
{ "type": "Feature", "properties": { "h3_id": "8941436b1afffff", "h3_resolution": 9, "h3_parent_res8": "8841436b1bfffff", "centroid_lat": 20.961713772411454, "centroid_lon": 105.75164819816079, "legacy_district": "Hà Đông" }, "geometry": { "type": "Polygon", "coordinates": [ [ [ 105.753595766760753, 20.961108072675945 ], [ 105.753132806919069, 20.962963636147013 ], [ 105.751185220415366, 20.963569333818995 ], [ 105.749700600760562, 20.962319454081936 ], [ 105.750163589524703, 20.960463875037007 ], [ 105.752111169021816, 20.95985819130259 ], [ 105.753595766760753, 20.961108072675945 ] ] ] } },
{ "type": "Feature", "properties": { "h3_id": "8941436b1b3ffff", "h3_resolution": 9, "h3_parent_res8": "8841436b1bfffff", "centroid_lat": 20.956791164728305, "centroid_lon": 105.75646916977837, "legacy_district": "Hà Đông" }, "geometry": { "type": "Polygon", "coordinates": [ [ [ 105.758416644956455, 20.956185424761543 ], [ 105.75795373469245, 20.958041031736172 ], [ 105.756006241609555, 20.95864676964953 ], [ 105.754521665791103, 20.957396886640776 ], [ 105.754984604979967, 20.955541264084577 ], [ 105.756932091063064, 20.954935540118289 ], [ 105.758416644956455, 20.956185424761543 ] ] ] } },
{ "type": "Feature", "properties": { "h3_id": "8941436b1b7ffff", "h3_resolution": 9, "h3_parent_res8": "8841436b1bfffff", "centroid_lat": 20.956146969996688, "centroid_lon": 105.75303709009093, "legacy_district": "Hà Đông" }, "geometry": { "type": "Polygon", "coordinates": [ [ [ 105.754984604979967, 20.955541264084577 ], [ 105.754521665791103, 20.957396886640776 ], [ 105.75257413299849, 20.958002590496363 ], [ 105.751089546399854, 20.956752657852 ], [ 105.751552514511076, 20.954897019719809 ], [ 105.75350004029923, 20.954291329807539 ], [ 105.754984604979967, 20.955541264084577 ] ] ] } },
{ "type": "Feature", "properties": { "h3_id": "8941436b1bbffff", "h3_resolution": 9, "h3_parent_res8": "8841436b1bfffff", "centroid_lat": 20.959896619020391, "centroid_lon": 105.75749081754431, "legacy_district": "Hà Đông" }, "geometry": { "type": "Polygon", "coordinates": [ [ [ 105.759438299720216, 20.959290865105626 ], [ 105.758975393593389, 20.96114643475082 ], [ 105.75702789351196, 20.961752186610283 ], [ 105.755543306556547, 20.960502354878045 ], [ 105.756006241609555, 20.95864676964953 ], [ 105.75795373469245, 20.958041031736172 ], [ 105.759438299720216, 20.959290865105626 ] ] ] } },
{ "type": "Feature", "properties": { "h3_id": "8941436b1c3ffff", "h3_resolution": 9, "h3_parent_res8": "8841436b1dfffff", "centroid_lat": 20.964933675303293, "centroid_lon": 105.7688085252643, "legacy_district": "Hà Đông" }, "geometry": { "type": "Polygon", "coordinates": [ [ [ 105.770755895197993, 20.964327805266475 ], [ 105.770293080006397, 20.966183290784272 ], [ 105.768345692162711, 20.966789158773338 ], [ 105.766861126494661, 20.965539527287774 ], [ 105.76732397062132, 20.963684026168121 ], [ 105.769271351481621, 20.963078172135482 ], [ 105.770755895197993, 20.964327805266475 ] ] ] } },
{ "type": "Feature", "properties": { "h3_id": "8941436b1c7ffff", "h3_resolution": 9, "h3_parent_res8": "8841436b1dfffff", "centroid_lat": 20.964289862148519, "centroid_lon": 105.76537656092835, "legacy_district": "Hà Đông" }, "geometry": { "type": "Polygon", "coordinates": [ [ [ 105.76732397062132, 20.963684026168121 ], [ 105.766861126494661, 20.965539527287774 ], [ 105.76491369889294, 20.966145361217261 ], [ 105.763429122406549, 20.964895680074033 ], [ 105.763891995465755, 20.963040163358137 ], [ 105.765839416079444, 20.9624343433813 ], [ 105.76732397062132, 20.963684026168121 ] ] ] } },
{ "type": "Feature", "properties": { "h3_id": "8941436b1cbffff", "h3_resolution": 9, "h3_parent_res8": "8841436b1dfffff", "centroid_lat": 20.968038756602695, "centroid_lon": 105.76983025793048, "legacy_district": "Hà Đông" }, "geometry": { "type": "Polygon", "coordinates": [ [ [ 105.771777634845591, 20.967432872608512 ], [ 105.771314823796004, 20.96928832077327 ], [ 105.769367428970199, 20.969894202717779 ], [ 105.767882852176754, 20.968644622541678 ], [ 105.768345692162711, 20.966789158773338 ], [ 105.770293080006397, 20.966183290784272 ], [ 105.771777634845591, 20.967432872608512 ] ] ] } },
{ "type": "Feature", "properties": { "h3_id": "8941436b1cfffff", "h3_resolution": 9, "h3_parent_res8": "8841436b1dfffff", "centroid_lat": 20.967395008707321, "centroid_lon": 105.76639827548368, "legacy_district": "Hà Đông" }, "geometry": { "type": "Polygon", "coordinates": [ [ [ 105.768345692162711, 20.966789158773338 ], [ 105.767882852176754, 20.968644622541678 ], [ 105.765935417588281, 20.969250470422846 ], [ 105.764450829973157, 20.968000840583581 ], [ 105.76491369889294, 20.966145361217261 ], [ 105.766861126494661, 20.965539527287774 ], [ 105.768345692162711, 20.966789158773338 ] ] ] } },
{ "type": "Feature", "properties": { "h3_id": "8941436b1d3ffff", "h3_resolution": 9, "h3_parent_res8": "8841436b1dfffff", "centroid_lat": 20.962472300053239, "centroid_lon": 105.77121870350541, "legacy_district": "Hà Đông" }, "geometry": { "type": "Polygon", "coordinates": [ [ [ 105.773166026688813, 20.961866409924028 ], [ 105.772703236291889, 20.963721917179949 ], [ 105.770755895197993, 20.964327805266475 ], [ 105.769271351481621, 20.963078172135482 ], [ 105.7697341708148, 20.961222649273846 ], [ 105.771681504928722, 20.960616775148502 ], [ 105.773166026688813, 20.961866409924028 ] ] ] } },
{ "type": "Feature", "properties": { "h3_id": "8941436b1d7ffff", "h3_resolution": 9, "h3_parent_res8": "8841436b1dfffff", "centroid_lat": 20.961828505352319, "centroid_lon": 105.76778680786374, "legacy_district": "Hà Đông" }, "geometry": { "type": "Polygon", "coordinates": [ [ [ 105.7697341708148, 20.961222649273846 ], [ 105.769271351481621, 20.963078172135482 ], [ 105.76732397062132, 20.963684026168121 ], [ 105.765839416079444, 20.9624343433813 ], [ 105.766302264346365, 20.96057880491955 ], [ 105.768249638222045, 20.959972964844319 ], [ 105.7697341708148, 20.961222649273846 ] ] ] } },
{ "type": "Feature", "properties": { "h3_id": "8941436b1dbffff", "h3_resolution": 9, "h3_parent_res8": "8841436b1dfffff", "centroid_lat": 20.965577404742756, "centroid_lon": 105.77224043901086, "legacy_district": "Hà Đông" }, "geometry": { "type": "Polygon", "coordinates": [ [ [ 105.774187769172258, 20.964971500651437 ], [ 105.77372498291821, 20.96682697056179 ], [ 105.771777634845591, 20.967432872608512 ], [ 105.770293080006397, 20.966183290784272 ], [ 105.770755895197993, 20.964327805266475 ], [ 105.772703236291889, 20.963721917179949 ], [ 105.774187769172258, 20.964971500651437 ] ] ] } },
{ "type": "Feature", "properties": { "h3_id": "8941436b243ffff", "h3_resolution": 9, "h3_parent_res8": "8841436b25fffff", "centroid_lat": 20.999195040125862, "centroid_lon": 105.79618650508851, "legacy_district": "Thanh Xuân" }, "geometry": { "type": "Polygon", "coordinates": [ [ [ 105.798133745556427, 20.998588860118279 ], [ 105.797671116584638, 21.000443893512173 ], [ 105.795723858193369, 21.001050071468644 ], [ 105.794239235722216, 20.999801202065399 ], [ 105.794701893654704, 20.997946153024404 ], [ 105.796649145098314, 20.997339989033321 ], [ 105.798133745556427, 20.998588860118279 ] ] ] } },
{ "type": "Feature", "properties": { "h3_id": "8941436b24bffff", "h3_resolution": 9, "h3_parent_res8": "8841436b25fffff", "centroid_lat": 21.002298907154721, "centroid_lon": 105.79720848072751, "legacy_district": "Thanh Xuân" }, "geometry": { "type": "Polygon", "coordinates": [ [ [ 105.799155728141159, 21.00169271318083 ], [ 105.798693103322634, 21.003547709121111 ], [ 105.796745837984929, 21.004153901041978 ], [ 105.795261204412839, 21.002905083057748 ], [ 105.795723858193369, 21.001050071468644 ], [ 105.797671116584638, 21.000443893512173 ], [ 105.799155728141159, 21.00169271318083 ] ] ] } },
{ "type": "Feature", "properties": { "h3_id": "8941436b24fffff", "h3_resolution": 9, "h3_parent_res8": "8841436b25fffff", "centroid_lat": 21.001656231354332, "centroid_lon": 105.79377657090433, "legacy_district": "Cầu Giấy" }, "geometry": { "type": "Polygon", "coordinates": [ [ [ 105.795723858193369, 21.001050071468644 ], [ 105.795261204412839, 21.002905083057748 ], [ 105.793313899200967, 21.003511240887249 ], [ 105.791829254721364, 21.002262373166609 ], [ 105.792291937461428, 21.000407345934278 ], [ 105.794239235722216, 20.999801202065399 ], [ 105.795723858193369, 21.001050071468644 ] ] ] } },
{ "type": "Feature", "properties": { "h3_id": "8941436b253ffff", "h3_resolution": 9, "h3_parent_res8": "8841436b25fffff", "centroid_lat": 20.996733806976955, "centroid_lon": 105.79859636764296, "legacy_district": "Thanh Xuân" }, "geometry": { "type": "Polygon", "coordinates": [ [ [ 105.800543561284812, 20.996127606857932 ], [ 105.800080957122134, 20.997982662045292 ], [ 105.798133745556427, 20.998588860118279 ], [ 105.796649145098314, 20.997339989033321 ], [ 105.797111778222899, 20.995484918195004 ], [ 105.799058982844315, 20.994878734092158 ], [ 105.800543561284812, 20.996127606857932 ] ] ] } },
{ "type": "Feature", "properties": { "h3_id": "8941436b25bffff", "h3_resolution": 9, "h3_parent_res8": "8841436b25fffff", "centroid_lat": 20.999837697487582, "centroid_lon": 105.79961834607428, "legacy_district": "Thanh Xuân" }, "geometry": { "type": "Polygon", "coordinates": [ [ [ 105.801565546658452, 20.99923148339748 ], [ 105.801102946649891, 21.001086501138701 ], [ 105.799155728141159, 21.00169271318083 ], [ 105.797671116584638, 21.000443893512173 ], [ 105.798133745556427, 20.998588860118279 ], [ 105.800080957122134, 20.997982662045292 ], [ 105.801565546658452, 20.99923148339748 ] ] ] } },
{ "type": "Feature", "properties": { "h3_id": "8941436b283ffff", "h3_resolution": 9, "h3_parent_res8": "8841436b29fffff", "centroid_lat": 20.984317356592978, "centroid_lon": 105.79450860642784, "legacy_district": "Hà Đông" }, "geometry": { "type": "Polygon", "coordinates": [ [ [ 105.796455772287928, 20.9837112123681 ], [ 105.795993151513542, 20.985566417248201 ], [ 105.794045967732458, 20.986172559434689 ], [ 105.792561411675663, 20.984923482766561 ], [ 105.79302406140674, 20.983068262242391 ], [ 105.794971238238546, 20.982462134030001 ], [ 105.796455772287928, 20.9837112123681 ] ] ] } },
{ "type": "Feature", "properties": { "h3_id": "8941436b287ffff", "h3_resolution": 9, "h3_parent_res8": "8841436b29fffff", "centroid_lat": 20.983674372403573, "centroid_lon": 105.7910768556861, "legacy_district": "Hà Đông" }, "geometry": { "type": "Polygon", "coordinates": [ [ [ 105.79302406140674, 20.983068262242391 ], [ 105.792561411675663, 20.984923482766561 ], [ 105.790614188035264, 20.985529590886198 ], [ 105.789129621080505, 20.984280464510928 ], [ 105.789592299765744, 20.98242522834828 ], [ 105.791539516452218, 20.981819134198979 ], [ 105.79302406140674, 20.983068262242391 ] ] ] } },
{ "type": "Feature", "properties": { "h3_id": "8941436b297ffff", "h3_resolution": 9, "h3_parent_res8": "8841436b29fffff", "centroid_lat": 20.981213021998563, "centroid_lon": 105.79348670425316, "legacy_district": "Hà Đông" }, "geometry": { "type": "Polygon", "coordinates": [ [ [ 105.795433863164689, 20.980606891749687 ], [ 105.794971238238546, 20.982462134030001 ], [ 105.79302406140674, 20.983068262242391 ], [ 105.791539516452218, 20.981819134198979 ], [ 105.792002170333731, 20.979963876276326 ], [ 105.793949340215022, 20.979357762039019 ], [ 105.795433863164689, 20.980606891749687 ] ] ] } },
{ "type": "Feature", "properties": { "h3_id": "8941436b29bffff", "h3_resolution": 9, "h3_parent_res8": "8841436b29fffff", "centroid_lat": 20.984960257010307, "centroid_lon": 105.79794030639928, "legacy_district": "Thanh Xuân" }, "geometry": { "type": "Polygon", "coordinates": [ [ [ 105.799887432385816, 20.984354078723658 ], [ 105.799424840570637, 20.986209267954113 ], [ 105.797477696661872, 20.986815444205519 ], [ 105.795993151513542, 20.985566417248201 ], [ 105.796455772287928, 20.9837112123681 ], [ 105.798402909252061, 20.983105050094544 ], [ 105.799887432385816, 20.984354078723658 ] ] ] } },
{ "type": "Feature", "properties": { "h3_id": "8941436b2a3ffff", "h3_resolution": 9, "h3_parent_res8": "8841436b2bfffff", "centroid_lat": 20.985492594553502, "centroid_lon": 105.78523506522984, "legacy_district": "Hà Đông" }, "geometry": { "type": "Polygon", "coordinates": [ [ [ 105.787182357593792, 20.984886538561774 ], [ 105.786719654105198, 20.986741752953073 ], [ 105.784772343823235, 20.987347806895031 ], [ 105.783287743992489, 20.986098632483461 ], [ 105.783750476431564, 20.984243402463157 ], [ 105.785697779751544, 20.983637362483009 ], [ 105.787182357593792, 20.984886538561774 ] ] ] } },
{ "type": "Feature", "properties": { "h3_id": "8941436b2a7ffff", "h3_resolution": 9, "h3_parent_res8": "8841436b2bfffff", "centroid_lat": 20.984849424381625, "centroid_lon": 105.78180314424142, "legacy_district": "Hà Đông" }, "geometry": { "type": "Polygon", "coordinates": [ [ [ 105.783750476431564, 20.984243402463157 ], [ 105.783287743992489, 20.986098632483461 ], [ 105.781340393885614, 20.986704652349008 ], [ 105.779855783185027, 20.985455428235788 ], [ 105.780318544572026, 20.983600182592053 ], [ 105.782265887712313, 20.982994176684556 ], [ 105.783750476431564, 20.984243402463157 ] ] ] } },
{ "type": "Feature", "properties": { "h3_id": "8941436b2b3ffff", "h3_resolution": 9, "h3_parent_res8": "8841436b2bfffff", "centroid_lat": 20.983031304443834, "centroid_lon": 105.78764505419757, "legacy_district": "Hà Đông" }, "geometry": { "type": "Polygon", "coordinates": [ [ [ 105.789592299765744, 20.98242522834828 ], [ 105.789129621080505, 20.984280464510928 ], [ 105.787182357593792, 20.984886538561774 ], [ 105.785697779751544, 20.983637362483009 ], [ 105.786160487388443, 20.98178211068749 ], [ 105.788107743916598, 20.981176050603203 ], [ 105.789592299765744, 20.98242522834828 ] ] ] } },
{ "type": "Feature", "properties": { "h3_id": "8941436b2b7ffff", "h3_resolution": 9, "h3_parent_res8": "8841436b2bfffff", "centroid_lat": 20.98238815271549, "centroid_lon": 105.78421320198574, "legacy_district": "Hà Đông" }, "geometry": { "type": "Polygon", "coordinates": [ [ [ 105.786160487388443, 20.98178211068749 ], [ 105.785697779751544, 20.983637362483009 ], [ 105.783750476431564, 20.984243402463157 ], [ 105.782265887712313, 20.982994176684556 ], [ 105.782728624298372, 20.981138909261759 ], [ 105.784675920655147, 20.980532883244411 ], [ 105.786160487388443, 20.98178211068749 ] ] ] } },
{ "type": "Feature", "properties": { "h3_id": "8941436b2c3ffff", "h3_resolution": 9, "h3_parent_res8": "8841436b2dfffff", "centroid_lat": 20.991168529107888, "centroid_lon": 105.79998419259194, "legacy_district": "Thanh Xuân" }, "geometry": { "type": "Polygon", "coordinates": [ [ [ 105.801931332462559, 20.990562322864655 ], [ 105.801468748954903, 20.992417437263665 ], [ 105.799521591160612, 20.993023641467822 ], [ 105.798037023816732, 20.991774717296675 ], [ 105.798499636286195, 20.989919587244557 ], [ 105.80044678713837, 20.989313397016286 ], [ 105.801931332462559, 20.990562322864655 ] ] ] } },
{ "type": "Feature", "properties": { "h3_id": "8941436b2c7ffff", "h3_resolution": 9, "h3_parent_res8": "8841436b2dfffff", "centroid_lat": 20.990525759418492, "centroid_lon": 105.79655245653274, "legacy_district": "Thanh Xuân" }, "geometry": { "type": "Polygon", "coordinates": [ [ [ 105.798499636286195, 20.989919587244557 ], [ 105.798037023816732, 20.991774717296675 ], [ 105.796089826140843, 20.992380887428389 ], [ 105.794605247881833, 20.99113191353544 ], [ 105.795067889310602, 20.989276767835811 ], [ 105.797015080039714, 20.988670611676223 ], [ 105.798499636286195, 20.989919587244557 ] ] ] } },
{ "type": "Feature", "properties": { "h3_id": "8941436b2cbffff", "h3_resolution": 9, "h3_parent_res8": "8841436b2dfffff", "centroid_lat": 20.994272531929411, "centroid_lon": 105.80100615856236, "legacy_district": "Thanh Xuân" }, "geometry": { "type": "Polygon", "coordinates": [ [ [ 105.802953305373165, 20.993666311709386 ], [ 105.802490726019983, 20.995521388678888 ], [ 105.800543561284812, 20.996127606857932 ], [ 105.799058982844315, 20.994878734092158 ], [ 105.799521591160612, 20.993023641467822 ], [ 105.801468748954903, 20.992417437263665 ], [ 105.802953305373165, 20.993666311709386 ] ] ] } },
{ "type": "Feature", "properties": { "h3_id": "8941436b2cfffff", "h3_resolution": 9, "h3_parent_res8": "8841436b2dfffff", "centroid_lat": 20.9936298276148, "centroid_lon": 105.79757440446234, "legacy_district": "Thanh Xuân" }, "geometry": { "type": "Polygon", "coordinates": [ [ [ 105.799521591160612, 20.993023641467822 ], [ 105.799058982844315, 20.994878734092158 ], [ 105.797111778222899, 20.995484918195004 ], [ 105.795627188863946, 20.99423599570196 ], [ 105.796089826140843, 20.992380887428389 ], [ 105.798037023816732, 20.991774717296675 ], [ 105.799521591160612, 20.993023641467822 ] ] ] } },
{ "type": "Feature", "properties": { "h3_id": "8941436b2d3ffff", "h3_resolution": 9, "h3_parent_res8": "8841436b2dfffff", "centroid_lat": 20.98870718873631, "centroid_lon": 105.80239390908537, "legacy_district": "Thanh Xuân" }, "geometry": { "type": "Polygon", "coordinates": [ [ [ 105.80434100212338, 20.988100962407287 ], [ 105.80387844342475, 20.989956098569646 ], [ 105.801931332462559, 20.990562322864655 ], [ 105.80044678713837, 20.989313397016286 ], [ 105.8009093748, 20.987458245196958 ], [ 105.802856478823472, 20.986852034882567 ], [ 105.80434100212338, 20.988100962407287 ] ] ] } },
{ "type": "Feature", "properties": { "h3_id": "8941436b2d7ffff", "h3_resolution": 9, "h3_parent_res8": "8841436b2dfffff", "centroid_lat": 20.988064437462388, "centroid_lon": 105.7989622418708, "legacy_district": "Thanh Xuân" }, "geometry": { "type": "Polygon", "coordinates": [ [ [ 105.8009093748, 20.987458245196958 ], [ 105.80044678713837, 20.989313397016286 ], [ 105.798499636286195, 20.989919587244557 ], [ 105.797015080039714, 20.988670611676223 ], [ 105.797477696661872, 20.986815444205519 ], [ 105.799424840570637, 20.986209267954113 ], [ 105.8009093748, 20.987458245196958 ] ] ] } },
{ "type": "Feature", "properties": { "h3_id": "8941436b2dbffff", "h3_resolution": 9, "h3_parent_res8": "8841436b2dfffff", "centroid_lat": 20.991811215004983, "centroid_lon": 105.80341587784137, "legacy_district": "Thanh Xuân" }, "geometry": { "type": "Polygon", "coordinates": [ [ [ 105.805362977816173, 20.991204974694408 ], [ 105.804900423272855, 20.993060073434727 ], [ 105.802953305373165, 20.993666311709386 ], [ 105.801468748954903, 20.992417437263665 ], [ 105.801931332462559, 20.990562322864655 ], [ 105.80387844342475, 20.989956098569646 ], [ 105.805362977816173, 20.991204974694408 ] ] ] } },
{ "type": "Feature", "properties": { "h3_id": "8941436b327ffff", "h3_resolution": 9, "h3_parent_res8": "8841436b33fffff", "centroid_lat": 20.988371874857368, "centroid_lon": 105.75397871539251, "legacy_district": "Hà Đông" }, "geometry": { "type": "Polygon", "coordinates": [ [ [ 105.755926426448127, 20.987766117912592 ], [ 105.75546344597673, 20.989621376126305 ], [ 105.753515717013371, 20.990227130984021 ], [ 105.75203097552675, 20.988977613706449 ], [ 105.752493984927355, 20.987122339914503 ], [ 105.754441706886055, 20.986516598977953 ], [ 105.755926426448127, 20.987766117912592 ] ] ] } },
{ "type": "Feature", "properties": { "h3_id": "8941436b337ffff", "h3_resolution": 9, "h3_parent_res8": "8841436b33fffff", "centroid_lat": 20.985910839948463, "centroid_lon": 105.75638940003401, "legacy_district": "Hà Đông" }, "geometry": { "type": "Polygon", "coordinates": [ [ [ 105.758337064367382, 20.985305062828676 ], [ 105.757874108689748, 20.987160342874784 ], [ 105.755926426448127, 20.987766117912592 ], [ 105.754441706886055, 20.986516598977953 ], [ 105.75490469149409, 20.984661303349732 ], [ 105.756852366734449, 20.984055542237858 ], [ 105.758337064367382, 20.985305062828676 ] ] ] } },
{ "type": "Feature", "properties": { "h3_id": "8941436b383ffff", "h3_resolution": 9, "h3_parent_res8": "8841436b39fffff", "centroid_lat": 20.979814708150752, "centroid_lon": 105.7704852863755, "legacy_district": "Hà Đông" }, "geometry": { "type": "Polygon", "coordinates": [ [ [ 105.772432730986282, 20.979208802412266 ], [ 105.771969907567893, 20.98106411668336 ], [ 105.770022445044816, 20.981670020361374 ], [ 105.768537812922546, 20.980420595820146 ], [ 105.769000665280004, 20.978565265944145 ], [ 105.770948120821316, 20.97795937621386 ], [ 105.772432730986282, 20.979208802412266 ] ] ] } },
{ "type": "Feature", "properties": { "h3_id": "8941436b387ffff", "h3_resolution": 9, "h3_parent_res8": "8841436b39fffff", "centroid_lat": 20.979171137605434, "centroid_lon": 105.76705318089977, "legacy_district": "Hà Đông" }, "geometry": { "type": "Polygon", "coordinates": [ [ [ 105.769000665280004, 20.978565265944145 ], [ 105.768537812922546, 20.980420595820146 ], [ 105.766590310631216, 20.981026465417816 ], [ 105.765105667684438, 20.979776991195102 ], [ 105.765568548978464, 20.977921645719789 ], [ 105.767516044283369, 20.977315790066093 ], [ 105.769000665280004, 20.978565265944145 ] ] ] } },
{ "type": "Feature", "properties": { "h3_id": "8941436b38bffff", "h3_resolution": 9, "h3_parent_res8": "8841436b39fffff", "centroid_lat": 20.982919411226579, "centroid_lon": 105.77150707726457, "legacy_district": "Hà Đông" }, "geometry": { "type": "Polygon", "coordinates": [ [ [ 105.77345452885514, 20.982313491539426 ], [ 105.772991709579813, 20.984168768413209 ], [ 105.771044240076208, 20.984774686037973 ], [ 105.769559596829097, 20.983525312841792 ], [ 105.770022445044816, 20.981670020361374 ], [ 105.771969907567893, 20.98106411668336 ], [ 105.77345452885514, 20.982313491539426 ] ] ] } },
{ "type": "Feature", "properties": { "h3_id": "8941436b38fffff", "h3_resolution": 9, "h3_parent_res8": "8841436b39fffff", "centroid_lat": 20.982275905967555, "centroid_lon": 105.7680749536801, "legacy_district": "Hà Đông" }, "geometry": { "type": "Polygon", "coordinates": [ [ [ 105.770022445044816, 20.981670020361374 ], [ 105.769559596829097, 20.983525312841792 ], [ 105.767612087552607, 20.984131196382442 ], [ 105.766127433477635, 20.982881773499273 ], [ 105.766590310631216, 20.981026465417816 ], [ 105.768537812922546, 20.980420595820146 ], [ 105.770022445044816, 20.981670020361374 ] ] ] } },
{ "type": "Feature", "properties": { "h3_id": "8941436b393ffff", "h3_resolution": 9, "h3_parent_res8": "8841436b39fffff", "centroid_lat": 20.977353468417235, "centroid_lon": 105.77289554751981, "legacy_district": "Hà Đông" }, "geometry": { "type": "Polygon", "coordinates": [ [ [ 105.774842945371674, 20.976747542556904 ], [ 105.774380146750971, 20.978602878607333 ], [ 105.772432730986282, 20.979208802412266 ], [ 105.770948120821316, 20.97795937621386 ], [ 105.771410948382282, 20.976104024554662 ], [ 105.773358357168604, 20.975498114702219 ], [ 105.774842945371674, 20.976747542556904 ] ] ] } },
{ "type": "Feature", "properties": { "h3_id": "8941436b397ffff", "h3_resolution": 9, "h3_parent_res8": "8841436b39fffff", "centroid_lat": 20.976709916343502, "centroid_lon": 105.76946351075259, "legacy_district": "Hà Đông" }, "geometry": { "type": "Polygon", "coordinates": [ [ [ 105.771410948382282, 20.976104024554662 ], [ 105.770948120821316, 20.97795937621386 ], [ 105.769000665280004, 20.978565265944145 ], [ 105.767516044283369, 20.977315790066093 ], [ 105.767978900782111, 20.97546042280371 ], [ 105.769926349340395, 20.974854547022144 ], [ 105.771410948382282, 20.976104024554662 ] ] ] } },
{ "type": "Feature", "properties": { "h3_id": "8941436b39bffff", "h3_resolution": 9, "h3_parent_res8": "8841436b39fffff", "centroid_lat": 20.980458194936151, "centroid_lon": 105.77391734124549, "legacy_district": "Hà Đông" }, "geometry": { "type": "Polygon", "coordinates": [ [ [ 105.775864746073765, 20.979852255122402 ], [ 105.775401951596976, 20.981707553782993 ], [ 105.77345452885514, 20.982313491539426 ], [ 105.771969907567893, 20.98106411668336 ], [ 105.772432730986282, 20.979208802412266 ], [ 105.774380146750971, 20.978602878607333 ], [ 105.775864746073765, 20.979852255122402 ] ] ] } },
{ "type": "Feature", "properties": { "h3_id": "8941436b3a7ffff", "h3_resolution": 9, "h3_parent_res8": "8841436b3bfffff", "centroid_lat": 20.980344887592935, "centroid_lon": 105.75777827947935, "legacy_district": "Hà Đông" }, "geometry": { "type": "Polygon", "coordinates": [ [ [ 105.759725890088333, 20.979739104241176 ], [ 105.759262955066575, 20.981594443507937 ], [ 105.757315326549531, 20.982200224784695 ], [ 105.755830640054, 20.980950652862617 ], [ 105.756293604006075, 20.9790952980116 ], [ 105.758241225524003, 20.978489530666511 ], [ 105.759725890088333, 20.979739104241176 ] ] ] } },
{ "type": "Feature", "properties": { "h3_id": "8941436b3b3ffff", "h3_resolution": 9, "h3_parent_res8": "8841436b3bfffff", "centroid_lat": 20.97852748330196, "centroid_lon": 105.76362102484175, "legacy_district": "Hà Đông" }, "geometry": { "type": "Polygon", "coordinates": [ [ [ 105.765568548978464, 20.977921645719789 ], [ 105.765105667684438, 20.979776991195102 ], [ 105.763158125637887, 20.980382826710496 ], [ 105.761673471877089, 20.97913330280997 ], [ 105.762136382105155, 20.977277941740947 ], [ 105.764083917160633, 20.976672120165738 ], [ 105.765568548978464, 20.977921645719789 ] ] ] } },
{ "type": "Feature", "properties": { "h3_id": "8941436b3b7ffff", "h3_resolution": 9, "h3_parent_res8": "8841436b3bfffff", "centroid_lat": 20.977883745242075, "centroid_lon": 105.76018881822499, "legacy_district": "Hà Đông" }, "geometry": { "type": "Polygon", "coordinates": [ [ [ 105.762136382105155, 20.977277941740947 ], [ 105.761673471877089, 20.97913330280997 ], [ 105.759725890088333, 20.979739104241176 ], [ 105.758241225524003, 20.978489530666511 ], [ 105.758704164683607, 20.976634154009368 ], [ 105.760651739476643, 20.976028366514583 ], [ 105.762136382105155, 20.977277941740947 ] ] ] } },
{ "type": "Feature", "properties": { "h3_id": "8941436b3d3ffff", "h3_resolution": 9, "h3_parent_res8": "8841436b3dfffff", "centroid_lat": 20.98420617043535, "centroid_lon": 105.77837117256874, "legacy_district": "Hà Đông" }, "geometry": { "type": "Polygon", "coordinates": [ [ [ 105.780318544572026, 20.983600182592053 ], [ 105.779855783185027, 20.985455428235788 ], [ 105.777908393266216, 20.986061414023002 ], [ 105.776423771706305, 20.984812140211787 ], [ 105.776886562038712, 20.98295687895024 ], [ 105.778833944986289, 20.982350907117304 ], [ 105.780318544572026, 20.983600182592053 ] ] ] } },
{ "type": "Feature", "properties": { "h3_id": "8941436b3d7ffff", "h3_resolution": 9, "h3_parent_res8": "8841436b3dfffff", "centroid_lat": 20.983562832716419, "centroid_lon": 105.77493915023528, "legacy_district": "Hà Đông" }, "geometry": { "type": "Polygon", "coordinates": [ [ [ 105.776886562038712, 20.98295687895024 ], [ 105.776423771706305, 20.984812140211787 ], [ 105.774476341988589, 20.985418091918742 ], [ 105.772991709579813, 20.984168768413209 ], [ 105.77345452885514, 20.982313491539426 ], [ 105.775401951596976, 20.981707553782993 ], [ 105.776886562038712, 20.98295687895024 ] ] ] } },
{ "type": "Feature", "properties": { "h3_id": "8941436b423ffff", "h3_resolution": 9, "h3_parent_res8": "8841436b43fffff", "centroid_lat": 20.954557041898234, "centroid_lon": 105.79115325917776, "legacy_district": "Hà Đông" }, "geometry": { "type": "Polygon", "coordinates": [ [ [ 105.79310027582882, 20.953950969431595 ], [ 105.792637671452809, 20.955806516629533 ], [ 105.790690636885401, 20.956412587083218 ], [ 105.789206213647176, 20.955163096347039 ], [ 105.78966884697185, 20.953307533511136 ], [ 105.791615874586753, 20.952701477048965 ], [ 105.79310027582882, 20.953950969431595 ] ] ] } },
{ "type": "Feature", "properties": { "h3_id": "8941436b427ffff", "h3_resolution": 9, "h3_parent_res8": "8841436b43fffff", "centroid_lat": 20.953913571955589, "centroid_lon": 105.78772179048065, "legacy_district": "Hà Đông" }, "geometry": { "type": "Polygon", "coordinates": [ [ [ 105.78966884697185, 20.953307533511136 ], [ 105.789206213647176, 20.955163096347039 ], [ 105.787259139240902, 20.95576913277538 ], [ 105.785774705117049, 20.954519592379665 ], [ 105.786237367387827, 20.952664013911406 ], [ 105.788184434836992, 20.952057991470806 ], [ 105.78966884697185, 20.953307533511136 ] ] ] } },
{ "type": "Feature", "properties": { "h3_id": "8941436b42bffff", "h3_resolution": 9, "h3_parent_res8": "8841436b43fffff", "centroid_lat": 20.957662044161573, "centroid_lon": 105.79217506019337, "legacy_district": "Hà Đông" }, "geometry": { "type": "Polygon", "coordinates": [ [ [ 105.794122083794932, 20.957055957702504 ], [ 105.793659483569058, 20.958911467579572 ], [ 105.791712442050439, 20.959517552023783 ], [ 105.790228007709601, 20.958268112599985 ], [ 105.790690636885401, 20.956412587083218 ], [ 105.792637671452809, 20.955806516629533 ], [ 105.794122083794932, 20.957055957702504 ] ] ] } },
{ "type": "Feature", "properties": { "h3_id": "8941436b42fffff", "h3_resolution": 9, "h3_parent_res8": "8841436b43fffff", "centroid_lat": 20.957018639516338, "centroid_lon": 105.78874357343908, "legacy_district": "Hà Đông" }, "geometry": { "type": "Polygon", "coordinates": [ [ [ 105.790690636885401, 20.956412587083218 ], [ 105.790228007709601, 20.958268112599985 ], [ 105.78828092634744, 20.958874163015075 ], [ 105.786796481117648, 20.95762467392624 ], [ 105.787259139240902, 20.95576913277538 ], [ 105.789206213647176, 20.955163096347039 ], [ 105.790690636885401, 20.956412587083218 ] ] ] } },
{ "type": "Feature", "properties": { "h3_id": "8941436b433ffff", "h3_resolution": 9, "h3_parent_res8": "8841436b43fffff", "centroid_lat": 20.9520954025717, "centroid_lon": 105.79356287332153, "legacy_district": "Hà Đông" }, "geometry": { "type": "Polygon", "coordinates": [ [ [ 105.795509843172354, 20.951489310081989 ], [ 105.795047263596487, 20.953344878949771 ], [ 105.79310027582882, 20.953950969431595 ], [ 105.791615874586753, 20.952701477048965 ], [ 105.792078483112448, 20.950845892539355 ], [ 105.794025463931035, 20.950239816053799 ], [ 105.795509843172354, 20.951489310081989 ] ] ] } },
{ "type": "Feature", "properties": { "h3_id": "8941436b437ffff", "h3_resolution": 9, "h3_parent_res8": "8841436b43fffff", "centroid_lat": 20.951451951012579, "centroid_lon": 105.79013147341315, "legacy_district": "Hà Đông" }, "geometry": { "type": "Polygon", "coordinates": [ [ [ 105.792078483112448, 20.950845892539355 ], [ 105.791615874586753, 20.952701477048965 ], [ 105.78966884697185, 20.953307533511136 ], [ 105.788184434836992, 20.952057991470806 ], [ 105.788647072310013, 20.950202391324968 ], [ 105.790594092971219, 20.949596348855291 ], [ 105.792078483112448, 20.950845892539355 ] ] ] } },
{ "type": "Feature", "properties": { "h3_id": "8941436b43bffff", "h3_resolution": 9, "h3_parent_res8": "8841436b43fffff", "centroid_lat": 20.955200428157926, "centroid_lon": 105.79458467713738, "legacy_district": "Hà Đông" }, "geometry": { "type": "Polygon", "coordinates": [ [ [ 105.79653165393529, 20.954594321671021 ], [ 105.796069078510428, 20.956449853225408 ], [ 105.794122083794932, 20.957055957702504 ], [ 105.792637671452809, 20.955806516629533 ], [ 105.79310027582882, 20.953950969431595 ], [ 105.795047263596487, 20.953344878949771 ], [ 105.79653165393529, 20.954594321671021 ] ] ] } },
{ "type": "Feature", "properties": { "h3_id": "8941436b447ffff", "h3_resolution": 9, "h3_parent_res8": "8841436b45fffff", "centroid_lat": 20.959591755937058, "centroid_lon": 105.80246921588937, "legacy_district": "Hà Đông" }, "geometry": { "type": "Polygon", "coordinates": [ [ [ 105.804416119878624, 20.958985567411681 ], [ 105.803953606517638, 20.960841030336098 ], [ 105.802006684607633, 20.961447216856065 ], [ 105.800522282996553, 20.960197926449371 ], [ 105.800984825315012, 20.958342447868471 ], [ 105.802931740287718, 20.957736275350335 ], [ 105.804416119878624, 20.958985567411681 ] ] ] } },
{ "type": "Feature", "properties": { "h3_id": "8941436b463ffff", "h3_resolution": 9, "h3_parent_res8": "8841436b47fffff", "centroid_lat": 20.961410213424319, "centroid_lon": 105.79662833051562, "legacy_district": "Hà Đông" }, "geometry": { "type": "Polygon", "coordinates": [ [ [ 105.798575321204027, 20.960804078946008 ], [ 105.798112754082524, 20.962659535845983 ], [ 105.796165745475108, 20.963265668310669 ], [ 105.794681310935189, 20.962016329881664 ], [ 105.795143907010456, 20.960160857334667 ], [ 105.79709090867253, 20.959554738863289 ], [ 105.798575321204027, 20.960804078946008 ] ] ] } },
{ "type": "Feature", "properties": { "h3_id": "8941436b467ffff", "h3_resolution": 9, "h3_parent_res8": "8841436b47fffff", "centroid_lat": 20.960766957785189, "centroid_lon": 105.79319687645965, "legacy_district": "Hà Đông" }, "geometry": { "type": "Polygon", "coordinates": [ [ [ 105.795143907010456, 20.960160857334667 ], [ 105.794681310935189, 20.962016329881664 ], [ 105.79273426246661, 20.962622428315395 ], [ 105.79124981702391, 20.961373040212187 ], [ 105.791712442050439, 20.959517552023783 ], [ 105.793659483569058, 20.958911467579572 ], [ 105.795143907010456, 20.960160857334667 ] ] ] } },
{ "type": "Feature", "properties": { "h3_id": "8941436b46fffff", "h3_resolution": 9, "h3_parent_res8": "8841436b47fffff", "centroid_lat": 20.963871782751639, "centroid_lon": 105.79421870797627, "legacy_district": "Hà Đông" }, "geometry": { "type": "Polygon", "coordinates": [ [ [ 105.796165745475108, 20.963265668310669 ], [ 105.795703153550917, 20.965121103518381 ], [ 105.793756098133613, 20.96572721594066 ], [ 105.792271641589863, 20.964477879166267 ], [ 105.79273426246661, 20.962622428315395 ], [ 105.794681310935189, 20.962016329881664 ], [ 105.796165745475108, 20.963265668310669 ] ] ] } },
{ "type": "Feature", "properties": { "h3_id": "8941436b473ffff", "h3_resolution": 9, "h3_parent_res8": "8841436b47fffff", "centroid_lat": 20.958948602373674, "centroid_lon": 105.79903788144199, "legacy_district": "Hà Đông" }, "geometry": { "type": "Polygon", "coordinates": [ [ [ 105.800984825315012, 20.958342447868471 ], [ 105.800522282996553, 20.960197926449371 ], [ 105.798575321204027, 20.960804078946008 ], [ 105.79709090867253, 20.959554738863289 ], [ 105.797553479945961, 20.957699244631506 ], [ 105.799500434796542, 20.957093106132913 ], [ 105.800984825315012, 20.958342447868471 ] ] ] } },
{ "type": "Feature", "properties": { "h3_id": "8941436b477ffff", "h3_resolution": 9, "h3_parent_res8": "8841436b47fffff", "centroid_lat": 20.958305365114601, "centroid_lon": 105.79560649620218, "legacy_district": "Hà Đông" }, "geometry": { "type": "Polygon", "coordinates": [ [ [ 105.797553479945961, 20.957699244631506 ], [ 105.79709090867253, 20.959554738863289 ], [ 105.795143907010456, 20.960160857334667 ], [ 105.793659483569058, 20.958911467579572 ], [ 105.794122083794932, 20.957055957702504 ], [ 105.796069078510428, 20.956449853225408 ], [ 105.797553479945961, 20.957699244631506 ] ] ] } },
{ "type": "Feature", "properties": { "h3_id": "8941436b4a7ffff", "h3_resolution": 9, "h3_parent_res8": "8841436b4bfffff", "centroid_lat": 20.945885085580333, "centroid_lon": 105.79151931143795, "legacy_district": "Hà Đông" }, "geometry": { "type": "Polygon", "coordinates": [ [ [ 105.793466267390784, 20.94527902108797 ], [ 105.793003679514371, 20.947134664554916 ], [ 105.791056705646113, 20.947740727043225 ], [ 105.789572326606503, 20.94649113206594 ], [ 105.790034943430129, 20.944635472960627 ], [ 105.79198191034682, 20.944029424470557 ], [ 105.793466267390784, 20.94527902108797 ] ] ] } },
{ "type": "Feature", "properties": { "h3_id": "8941436b4afffff", "h3_resolution": 9, "h3_parent_res8": "8841436b4bfffff", "centroid_lat": 20.948990288373359, "centroid_lon": 105.79254108475496, "legacy_district": "Hà Đông" }, "geometry": { "type": "Polygon", "coordinates": [ [ [ 105.794488047657396, 20.948384209881826 ], [ 105.794025463931035, 20.950239816053799 ], [ 105.792078483112448, 20.950845892539355 ], [ 105.790594092971219, 20.949596348855291 ], [ 105.791056705646113, 20.947740727043225 ], [ 105.793003679514371, 20.947134664554916 ], [ 105.794488047657396, 20.948384209881826 ] ] ] } },
{ "type": "Feature", "properties": { "h3_id": "8941436b503ffff", "h3_resolution": 9, "h3_parent_res8": "8841436b51fffff", "centroid_lat": 20.948877308056687, "centroid_lon": 105.7764053667192, "legacy_district": "Hà Đông" }, "geometry": { "type": "Polygon", "coordinates": [ [ [ 105.77835253568243, 20.948271385668708 ], [ 105.777889811382522, 20.950127032689647 ], [ 105.77594262450863, 20.950732953053979 ], [ 105.7744581689076, 20.94948321241953 ], [ 105.774920922144801, 20.947627549784755 ], [ 105.776868102046393, 20.947021643397839 ], [ 105.77835253568243, 20.948271385668708 ] ] ] } },
{ "type": "Feature", "properties": { "h3_id": "8941436b507ffff", "h3_resolution": 9, "h3_parent_res8": "8841436b51fffff", "centroid_lat": 20.94823343814662, "centroid_lon": 105.7729737133981, "legacy_district": "Hà Đông" }, "geometry": { "type": "Polygon", "coordinates": [ [ [ 105.774920922144801, 20.947627549784755 ], [ 105.7744581689076, 20.94948321241953 ], [ 105.772510942251486, 20.950089098754592 ], [ 105.771026475810146, 20.948839308480814 ], [ 105.771489257982083, 20.946983630237792 ], [ 105.773436477661278, 20.946377757876373 ], [ 105.774920922144801, 20.947627549784755 ] ] ] } },
{ "type": "Feature", "properties": { "h3_id": "8941436b50bffff", "h3_resolution": 9, "h3_parent_res8": "8841436b51fffff", "centroid_lat": 20.951982660047403, "centroid_lon": 105.77742708019917, "legacy_district": "Hà Đông" }, "geometry": { "type": "Polygon", "coordinates": [ [ [ 105.779374256132726, 20.951376723681076 ], [ 105.778911535977258, 20.953232333397285 ], [ 105.776964342132331, 20.95383826773805 ], [ 105.775479875414575, 20.952588578385765 ], [ 105.77594262450863, 20.950732953053979 ], [ 105.777889811382522, 20.950127032689647 ], [ 105.779374256132726, 20.951376723681076 ] ] ] } },
{ "type": "Feature", "properties": { "h3_id": "8941436b50fffff", "h3_resolution": 9, "h3_parent_res8": "8841436b51fffff", "centroid_lat": 20.951338855390421, "centroid_lon": 105.77399540878697, "legacy_district": "Hà Đông" }, "geometry": { "type": "Polygon", "coordinates": [ [ [ 105.77594262450863, 20.950732953053979 ], [ 105.775479875414575, 20.952588578385765 ], [ 105.773532641782793, 20.953194478693487 ], [ 105.772048164221374, 20.951944739696344 ], [ 105.772510942251486, 20.950089098754592 ], [ 105.7744581689076, 20.94948321241953 ], [ 105.77594262450863, 20.950732953053979 ] ] ] } },
{ "type": "Feature", "properties": { "h3_id": "8941436b513ffff", "h3_resolution": 9, "h3_parent_res8": "8841436b51fffff", "centroid_lat": 20.946415718988533, "centroid_lon": 105.77881525309903, "legacy_district": "Hà Đông" }, "geometry": { "type": "Polygon", "coordinates": [ [ [ 105.780762375298877, 20.945809776559464 ], [ 105.780299675793458, 20.947665445258224 ], [ 105.77835253568243, 20.948271385668708 ], [ 105.776868102046393, 20.947021643397839 ], [ 105.777330830490286, 20.945165959081383 ], [ 105.779277963632396, 20.944560032653065 ], [ 105.780762375298877, 20.945809776559464 ] ] ] } },
{ "type": "Feature", "properties": { "h3_id": "8941436b517ffff", "h3_resolution": 9, "h3_parent_res8": "8841436b51fffff", "centroid_lat": 20.945771867490034, "centroid_lon": 105.77538366849863, "legacy_district": "Hà Đông" }, "geometry": { "type": "Polygon", "coordinates": [ [ [ 105.777330830490286, 20.945165959081383 ], [ 105.776868102046393, 20.947021643397839 ], [ 105.774920922144801, 20.947627549784755 ], [ 105.773436477661278, 20.946377757876373 ], [ 105.773899235041128, 20.944522057947811 ], [ 105.775846407969183, 20.943916165539306 ], [ 105.777330830490286, 20.945165959081383 ] ] ] } },
{ "type": "Feature", "properties": { "h3_id": "8941436b51bffff", "h3_resolution": 9, "h3_parent_res8": "8841436b51fffff", "centroid_lat": 20.949521094300067, "centroid_lon": 105.77983696940477, "legacy_district": "Hà Đông" }, "geometry": { "type": "Polygon", "coordinates": [ [ [ 105.781784098571521, 20.948915137887894 ], [ 105.781321403211393, 20.950770769289395 ], [ 105.779374256132726, 20.951376723681076 ], [ 105.777889811382522, 20.950127032689647 ], [ 105.77835253568243, 20.948271385668708 ], [ 105.780299675793458, 20.947665445258224 ], [ 105.781784098571521, 20.948915137887894 ] ] ] } },
{ "type": "Feature", "properties": { "h3_id": "8941436b523ffff", "h3_resolution": 9, "h3_parent_res8": "8841436b53fffff", "centroid_lat": 20.950050995055591, "centroid_lon": 105.76713191412594, "legacy_district": "Hà Đông" }, "geometry": { "type": "Polygon", "coordinates": [ [ [ 105.769079209384813, 20.949445160784684 ], [ 105.768616402421159, 20.951300817330818 ], [ 105.766669089254648, 20.951906649566698 ], [ 105.765184590037407, 20.950656811290912 ], [ 105.765647425932116, 20.948801139145999 ], [ 105.767594732113636, 20.948195320875239 ], [ 105.769079209384813, 20.949445160784684 ] ] ] } },
{ "type": "Feature", "properties": { "h3_id": "8941436b527ffff", "h3_resolution": 9, "h3_parent_res8": "8841436b53fffff", "centroid_lat": 20.949406939381269, "centroid_lon": 105.76370009092416, "legacy_district": "Hà Đông" }, "geometry": { "type": "Polygon", "coordinates": [ [ [ 105.765647425932116, 20.948801139145999 ], [ 105.765184590037407, 20.950656811290912 ], [ 105.763237237123079, 20.951262609487994 ], [ 105.761752727093665, 20.950012721578396 ], [ 105.76221559191687, 20.94815703384031 ], [ 105.764162937841604, 20.947551249604579 ], [ 105.765647425932116, 20.948801139145999 ] ] ] } },
{ "type": "Feature", "properties": { "h3_id": "8941436b52bffff", "h3_resolution": 9, "h3_parent_res8": "8841436b53fffff", "centroid_lat": 20.953156454206081, "centroid_lon": 105.76815358857385, "legacy_district": "Hà Đông" }, "geometry": { "type": "Polygon", "coordinates": [ [ [ 105.770100890815726, 20.952550605969115 ], [ 105.769638087993044, 20.954406225206508 ], [ 105.767690767842822, 20.955012071406529 ], [ 105.766206257499633, 20.953762284404601 ], [ 105.766669089254648, 20.951906649566698 ], [ 105.768616402421159, 20.951300817330818 ], [ 105.770100890815726, 20.952550605969115 ] ] ] } },
{ "type": "Feature", "properties": { "h3_id": "8941436b52fffff", "h3_resolution": 9, "h3_parent_res8": "8841436b53fffff", "centroid_lat": 20.952512463764243, "centroid_lon": 105.76472174725905, "legacy_district": "Hà Đông" }, "geometry": { "type": "Polygon", "coordinates": [ [ [ 105.766669089254648, 20.951906649566698 ], [ 105.766206257499633, 20.953762284404601 ], [ 105.764258897596918, 20.954368096562057 ], [ 105.762774376438244, 20.953118259920817 ], [ 105.763237237123079, 20.951262609487994 ], [ 105.765184590037407, 20.950656811290912 ], [ 105.766669089254648, 20.951906649566698 ] ] ] } },
{ "type": "Feature", "properties": { "h3_id": "8941436b533ffff", "h3_resolution": 9, "h3_parent_res8": "8841436b53fffff", "centroid_lat": 20.947589484571623, "centroid_lon": 105.76954200946493, "legacy_district": "Hà Đông" }, "geometry": { "type": "Polygon", "coordinates": [ [ [ 105.771489257982083, 20.946983630237792 ], [ 105.771026475810146, 20.948839308480814 ], [ 105.769079209384813, 20.949445160784684 ], [ 105.767594732113636, 20.948195320875239 ], [ 105.768057543217822, 20.94633962702957 ], [ 105.770004802661589, 20.945733788695588 ], [ 105.771489257982083, 20.946983630237792 ] ] ] } },
{ "type": "Feature", "properties": { "h3_id": "8941436b537ffff", "h3_resolution": 9, "h3_parent_res8": "8841436b53fffff", "centroid_lat": 20.946945447333452, "centroid_lon": 105.7661102549432, "legacy_district": "Hà Đông" }, "geometry": { "type": "Polygon", "coordinates": [ [ [ 105.768057543217822, 20.94633962702957 ], [ 105.767594732113636, 20.948195320875239 ], [ 105.765647425932116, 20.948801139145999 ], [ 105.764162937841604, 20.947551249604579 ], [ 105.764625777875494, 20.945695540161868 ], [ 105.766573077070831, 20.945089735857216 ], [ 105.768057543217822, 20.94633962702957 ] ] ] } },
{ "type": "Feature", "properties": { "h3_id": "8941436b53bffff", "h3_resolution": 9, "h3_parent_res8": "8841436b53fffff", "centroid_lat": 20.950694967059228, "centroid_lon": 105.77056368675471, "legacy_district": "Hà Đông" }, "geometry": { "type": "Polygon", "coordinates": [ [ [ 105.772510942251486, 20.950089098754592 ], [ 105.772048164221374, 20.951944739696344 ], [ 105.770100890815726, 20.952550605969115 ], [ 105.768616402421159, 20.951300817330818 ], [ 105.769079209384813, 20.949445160784684 ], [ 105.771026475810146, 20.948839308480814 ], [ 105.772510942251486, 20.950089098754592 ] ] ] } },
{ "type": "Feature", "properties": { "h3_id": "8941436b543ffff", "h3_resolution": 9, "h3_parent_res8": "8841436b55fffff", "centroid_lat": 20.955731579156176, "centroid_lon": 105.78188044778801, "legacy_district": "Hà Đông" }, "geometry": { "type": "Polygon", "coordinates": [ [ [ 105.783827590884883, 20.955125594780746 ], [ 105.783364903816718, 20.956981151560111 ], [ 105.781417742806511, 20.957587133911211 ], [ 105.779933275830302, 20.956337545503324 ], [ 105.780395991840876, 20.95448197310105 ], [ 105.782343145885918, 20.953876004729167 ], [ 105.783827590884883, 20.955125594780746 ] ] ] } },
{ "type": "Feature", "properties": { "h3_id": "8941436b547ffff", "h3_resolution": 9, "h3_parent_res8": "8841436b55fffff", "centroid_lat": 20.955087923444747, "centroid_lon": 105.77844880893824, "legacy_district": "Hà Đông" }, "geometry": { "type": "Polygon", "coordinates": [ [ [ 105.780395991840876, 20.95448197310105 ], [ 105.779933275830302, 20.956337545503324 ], [ 105.777986075015576, 20.956943493819526 ], [ 105.776501597181863, 20.95569385575762 ], [ 105.776964342132331, 20.95383826773805 ], [ 105.778911535977258, 20.953232333397285 ], [ 105.780395991840876, 20.95448197310105 ] ] ] } },
{ "type": "Feature", "properties": { "h3_id": "8941436b54bffff", "h3_resolution": 9, "h3_parent_res8": "8841436b55fffff", "centroid_lat": 20.958836688665876, "centroid_lon": 105.78290220986491, "legacy_district": "Hà Đông" }, "geometry": { "type": "Polygon", "coordinates": [ [ [ 105.784849359924976, 20.958230690310305 ], [ 105.784386677003496, 20.960086209764782 ], [ 105.782439509029388, 20.960692206094119 ], [ 105.780955030941328, 20.95944266899032 ], [ 105.781417742806511, 20.957587133911211 ], [ 105.783364903816718, 20.956981151560111 ], [ 105.784849359924976, 20.958230690310305 ] ] ] } },
{ "type": "Feature", "properties": { "h3_id": "8941436b54fffff", "h3_resolution": 9, "h3_parent_res8": "8841436b55fffff", "centroid_lat": 20.958193098231284, "centroid_lon": 105.77947055293606, "legacy_district": "Hà Đông" }, "geometry": { "type": "Polygon", "coordinates": [ [ [ 105.781417742806511, 20.957587133911211 ], [ 105.780955030941328, 20.95944266899032 ], [ 105.779007823158068, 20.960048631281001 ], [ 105.777523334209192, 20.958799044517686 ], [ 105.777986075015576, 20.956943493819526 ], [ 105.779933275830302, 20.956337545503324 ], [ 105.781417742806511, 20.957587133911211 ] ] ] } },
{ "type": "Feature", "properties": { "h3_id": "8941436b553ffff", "h3_resolution": 9, "h3_parent_res8": "8841436b55fffff", "centroid_lat": 20.953270018331736, "centroid_lon": 105.78429027106952, "legacy_district": "Hà Đông" }, "geometry": { "type": "Polygon", "coordinates": [ [ [ 105.786237367387827, 20.952664013911406 ], [ 105.785774705117049, 20.954519592379665 ], [ 105.783827590884883, 20.955125594780746 ], [ 105.782343145885918, 20.953876004729167 ], [ 105.782805837100298, 20.952020410634137 ], [ 105.784752944370709, 20.951414422217034 ], [ 105.786237367387827, 20.952664013911406 ] ] ] } },
{ "type": "Feature", "properties": { "h3_id": "8941436b557ffff", "h3_resolution": 9, "h3_parent_res8": "8841436b55fffff", "centroid_lat": 20.952626381028431, "centroid_lon": 105.78085870096785, "legacy_district": "Hà Đông" }, "geometry": { "type": "Polygon", "coordinates": [ [ [ 105.782805837100298, 20.952020410634137 ], [ 105.782343145885918, 20.953876004729167 ], [ 105.780395991840876, 20.95448197310105 ], [ 105.778911535977258, 20.953232333397285 ], [ 105.779374256132726, 20.951376723681076 ], [ 105.781321403211393, 20.950770769289395 ], [ 105.782805837100298, 20.952020410634137 ] ] ] } },
{ "type": "Feature", "properties": { "h3_id": "8941436b55bffff", "h3_resolution": 9, "h3_parent_res8": "8841436b55fffff", "centroid_lat": 20.956375151180612, "centroid_lon": 105.78531203596279, "legacy_district": "Hà Đông" }, "geometry": { "type": "Polygon", "coordinates": [ [ [ 105.787259139240902, 20.95576913277538 ], [ 105.786796481117648, 20.95762467392624 ], [ 105.784849359924976, 20.958230690310305 ], [ 105.783364903816718, 20.956981151560111 ], [ 105.783827590884883, 20.955125594780746 ], [ 105.785774705117049, 20.954519592379665 ], [ 105.787259139240902, 20.95576913277538 ] ] ] } },
{ "type": "Feature", "properties": { "h3_id": "8941436b563ffff", "h3_resolution": 9, "h3_parent_res8": "8841436b57fffff", "centroid_lat": 20.956905666280317, "centroid_lon": 105.77260708712339, "legacy_district": "Hà Đông" }, "geometry": { "type": "Polygon", "coordinates": [ [ [ 105.774554356575635, 20.95629977003702 ], [ 105.774091586830579, 20.958155336348625 ], [ 105.77214429946801, 20.95876123055622 ], [ 105.770659788828993, 20.957511544484881 ], [ 105.77112258751022, 20.955655962565444 ], [ 105.773069867894947, 20.955050082324757 ], [ 105.774554356575635, 20.95629977003702 ] ] ] } },
{ "type": "Feature", "properties": { "h3_id": "8941436b567ffff", "h3_resolution": 9, "h3_parent_res8": "8841436b57fffff", "centroid_lat": 20.95626182476747, "centroid_lon": 105.7691752782866, "legacy_district": "Hà Đông" }, "geometry": { "type": "Polygon", "coordinates": [ [ [ 105.77112258751022, 20.955655962565444 ], [ 105.770659788828993, 20.957511544484881 ], [ 105.768712461696296, 20.958117404648053 ], [ 105.767227940227954, 20.956867668928219 ], [ 105.767690767842822, 20.955012071406529 ], [ 105.769638087993044, 20.954406225206508 ], [ 105.77112258751022, 20.955655962565444 ] ] ] } },
{ "type": "Feature", "properties": { "h3_id": "8941436b56bffff", "h3_resolution": 9, "h3_parent_res8": "8841436b57fffff", "centroid_lat": 20.960010882978935, "centroid_lon": 105.77362881020166, "legacy_district": "Hà Đông" }, "geometry": { "type": "Polygon", "coordinates": [ [ [ 105.775576086629769, 20.959404972767782 ], [ 105.775113321027945, 20.961260501750491 ], [ 105.773166026688813, 20.961866409924028 ], [ 105.771681504928722, 20.960616775148502 ], [ 105.77214429946801, 20.95876123055622 ], [ 105.774091586830579, 20.958155336348625 ], [ 105.775576086629769, 20.959404972767782 ] ] ] } },
{ "type": "Feature", "properties": { "h3_id": "8941436b56fffff", "h3_resolution": 9, "h3_parent_res8": "8841436b57fffff", "centroid_lat": 20.959367106722329, "centroid_lon": 105.77019698326389, "legacy_district": "Hà Đông" }, "geometry": { "type": "Polygon", "coordinates": [ [ [ 105.77214429946801, 20.95876123055622 ], [ 105.771681504928722, 20.960616775148502 ], [ 105.7697341708148, 20.961222649273846 ], [ 105.768249638222045, 20.959972964844319 ], [ 105.768712461696296, 20.958117404648053 ], [ 105.770659788828993, 20.957511544484881 ], [ 105.77214429946801, 20.95876123055622 ] ] ] } },
{ "type": "Feature", "properties": { "h3_id": "8941436b573ffff", "h3_resolution": 9, "h3_parent_res8": "8841436b57fffff", "centroid_lat": 20.954444184048079, "centroid_lon": 105.77501711943694, "legacy_district": "Hà Đông" }, "geometry": { "type": "Polygon", "coordinates": [ [ [ 105.776964342132331, 20.95383826773805 ], [ 105.776501597181863, 20.95569385575762 ], [ 105.774554356575635, 20.95629977003702 ], [ 105.773069867894947, 20.955050082324757 ], [ 105.773532641782793, 20.953194478693487 ], [ 105.775479875414575, 20.952588578385765 ], [ 105.776964342132331, 20.95383826773805 ] ] ] } },
{ "type": "Feature", "properties": { "h3_id": "8941436b577ffff", "h3_resolution": 9, "h3_parent_res8": "8841436b57fffff", "centroid_lat": 20.95380036096795, "centroid_lon": 105.77158537930764, "legacy_district": "Hà Đông" }, "geometry": { "type": "Polygon", "coordinates": [ [ [ 105.773532641782793, 20.953194478693487 ], [ 105.773069867894947, 20.955050082324757 ], [ 105.77112258751022, 20.955655962565444 ], [ 105.769638087993044, 20.954406225206508 ], [ 105.770100890815726, 20.952550605969115 ], [ 105.772048164221374, 20.951944739696344 ], [ 105.773532641782793, 20.953194478693487 ] ] ] } },
{ "type": "Feature", "properties": { "h3_id": "8941436b57bffff", "h3_resolution": 9, "h3_parent_res8": "8841436b57fffff", "centroid_lat": 20.957549424102179, "centroid_lon": 105.77603884534771, "legacy_district": "Hà Đông" }, "geometry": { "type": "Polygon", "coordinates": [ [ [ 105.777986075015576, 20.956943493819526 ], [ 105.777523334209192, 20.958799044517686 ], [ 105.775576086629769, 20.959404972767782 ], [ 105.774091586830579, 20.958155336348625 ], [ 105.774554356575635, 20.95629977003702 ], [ 105.776501597181863, 20.95569385575762 ], [ 105.777986075015576, 20.956943493819526 ] ] ] } },
{ "type": "Feature", "properties": { "h3_id": "8941436b583ffff", "h3_resolution": 9, "h3_parent_res8": "8841436b59fffff", "centroid_lat": 20.940848601032062, "centroid_lon": 105.78020336404981, "legacy_district": "Hà Đông" }, "geometry": { "type": "Polygon", "coordinates": [ [ [ 105.782150432516488, 20.940242652561206 ], [ 105.781687753660293, 20.942098380207 ], [ 105.779740667282624, 20.942704326666266 ], [ 105.778256266728562, 20.941454531491388 ], [ 105.77871897452313, 20.939598788225741 ], [ 105.780666053934041, 20.938992855754403 ], [ 105.782150432516488, 20.940242652561206 ] ] ] } },
{ "type": "Feature", "properties": { "h3_id": "8941436b587ffff", "h3_resolution": 9, "h3_parent_res8": "8841436b59fffff", "centroid_lat": 20.940204702685659, "centroid_lon": 105.77677186626092, "legacy_district": "Hà Đông" }, "geometry": { "type": "Polygon", "coordinates": [ [ [ 105.77871897452313, 20.939598788225741 ], [ 105.778256266728562, 20.941454531491388 ], [ 105.776309140556577, 20.942060443936533 ], [ 105.77482472915122, 20.940810599131478 ], [ 105.775287465881647, 20.938954840251601 ], [ 105.77723458508224, 20.938348941790604 ], [ 105.77871897452313, 20.939598788225741 ] ] ] } },
{ "type": "Feature", "properties": { "h3_id": "8941436b58bffff", "h3_resolution": 9, "h3_parent_res8": "8841436b59fffff", "centroid_lat": 20.943954088207743, "centroid_lon": 105.78122506792113, "legacy_district": "Hà Đông" }, "geometry": { "type": "Polygon", "coordinates": [ [ [ 105.783172143352573, 20.943348125748031 ], [ 105.782709468642025, 20.945203816113263 ], [ 105.780762375298877, 20.945809776559464 ], [ 105.779277963632396, 20.944560032653065 ], [ 105.779740667282624, 20.942704326666266 ], [ 105.781687753660293, 20.942098380207 ], [ 105.783172143352573, 20.943348125748031 ] ] ] } },
{ "type": "Feature", "properties": { "h3_id": "8941436b58fffff", "h3_resolution": 9, "h3_parent_res8": "8841436b59fffff", "centroid_lat": 20.943310255111246, "centroid_lon": 105.77779355205098, "legacy_district": "Hà Đông" }, "geometry": { "type": "Polygon", "coordinates": [ [ [ 105.779740667282624, 20.942704326666266 ], [ 105.779277963632396, 20.944560032653065 ], [ 105.777330830490286, 20.945165959081383 ], [ 105.775846407969183, 20.943916165539306 ], [ 105.776309140556577, 20.942060443936533 ], [ 105.778256266728562, 20.941454531491388 ], [ 105.779740667282624, 20.942704326666266 ] ] ] } },
{ "type": "Feature", "properties": { "h3_id": "8941436b593ffff", "h3_resolution": 9, "h3_parent_res8": "8841436b59fffff", "centroid_lat": 20.938386905274264, "centroid_lon": 105.7826131044898, "legacy_district": "Hà Đông" }, "geometry": { "type": "Polygon", "coordinates": [ [ [ 105.784560126186491, 20.937780936787963 ], [ 105.784097472124714, 20.939636686081435 ], [ 105.782150432516488, 20.940242652561206 ], [ 105.780666053934041, 20.938992855754403 ], [ 105.781128736935415, 20.937137090837247 ], [ 105.783075769580293, 20.936531138350155 ], [ 105.784560126186491, 20.937780936787963 ] ] ] } },
{ "type": "Feature", "properties": { "h3_id": "8941436b597ffff", "h3_resolution": 9, "h3_parent_res8": "8841436b59fffff", "centroid_lat": 20.937743025318277, "centroid_lon": 105.77918167543477, "legacy_district": "Hà Đông" }, "geometry": { "type": "Polygon", "coordinates": [ [ [ 105.781128736935415, 20.937137090837247 ], [ 105.780666053934041, 20.938992855754403 ], [ 105.77871897452313, 20.939598788225741 ], [ 105.77723458508224, 20.938348941790604 ], [ 105.77769729702068, 20.93649316125536 ], [ 105.779644369463597, 20.935887242772914 ], [ 105.781128736935415, 20.937137090837247 ] ] ] } },
{ "type": "Feature", "properties": { "h3_id": "8941436b59bffff", "h3_resolution": 9, "h3_parent_res8": "8841436b59fffff", "centroid_lat": 20.9414924157361, "centroid_lon": 105.78363481118009, "legacy_district": "Hà Đông" }, "geometry": { "type": "Polygon", "coordinates": [ [ [ 105.785581839838201, 20.940886433256193 ], [ 105.785119189922895, 20.942742145276576 ], [ 105.783172143352573, 20.943348125748031 ], [ 105.781687753660293, 20.942098380207 ], [ 105.782150432516488, 20.940242652561206 ], [ 105.784097472124714, 20.939636686081435 ], [ 105.785581839838201, 20.940886433256193 ] ] ] } },
{ "type": "Feature", "properties": { "h3_id": "8941436b5a3ffff", "h3_resolution": 9, "h3_parent_res8": "8841436b5bfffff", "centroid_lat": 20.942022337970339, "centroid_lon": 105.7709303684049, "legacy_district": "Hà Đông" }, "geometry": { "type": "Polygon", "coordinates": [ [ [ 105.772877563197937, 20.94141647756059 ], [ 105.772414801675879, 20.943272214773732 ], [ 105.770467588974881, 20.943878073160505 ], [ 105.768983144775987, 20.942628180358106 ], [ 105.769445935230181, 20.940772427540189 ], [ 105.771393140951758, 20.940166583129038 ], [ 105.772877563197937, 20.94141647756059 ] ] ] } },
{ "type": "Feature", "properties": { "h3_id": "8941436b5a7ffff", "h3_resolution": 9, "h3_parent_res8": "8841436b5bfffff", "centroid_lat": 20.941378253929454, "centroid_lon": 105.76749870067596, "legacy_district": "Hà Đông" }, "geometry": { "type": "Polygon", "coordinates": [ [ [ 105.769445935230181, 20.940772427540189 ], [ 105.768983144775987, 20.942628180358106 ], [ 105.767035892315036, 20.943234004721226 ], [ 105.765551437292984, 20.941984062294189 ], [ 105.766014256676797, 20.940128293877098 ], [ 105.767961502153668, 20.939522483485817 ], [ 105.769445935230181, 20.940772427540189 ] ] ] } },
{ "type": "Feature", "properties": { "h3_id": "8941436b5abffff", "h3_resolution": 9, "h3_parent_res8": "8841436b5bfffff", "centroid_lat": 20.945127932334113, "centroid_lon": 105.77195203327064, "legacy_district": "Hà Đông" }, "geometry": { "type": "Polygon", "coordinates": [ [ [ 105.773899235041128, 20.944522057947811 ], [ 105.773436477661278, 20.946377757876373 ], [ 105.771489257982083, 20.946983630237792 ], [ 105.770004802661589, 20.945733788695588 ], [ 105.770467588974881, 20.943878073160505 ], [ 105.772414801675879, 20.943272214773732 ], [ 105.773899235041128, 20.944522057947811 ] ] ] } },
{ "type": "Feature", "properties": { "h3_id": "8941436b5afffff", "h3_resolution": 9, "h3_parent_res8": "8841436b5bfffff", "centroid_lat": 20.944483913522546, "centroid_lon": 105.76852034743858, "legacy_district": "Hà Đông" }, "geometry": { "type": "Polygon", "coordinates": [ [ [ 105.770467588974881, 20.943878073160505 ], [ 105.770004802661589, 20.945733788695588 ], [ 105.768057543217822, 20.94633962702957 ], [ 105.766573077070831, 20.945089735857216 ], [ 105.767035892315036, 20.943234004721226 ], [ 105.768983144775987, 20.942628180358106 ], [ 105.770467588974881, 20.943878073160505 ] ] ] } },
{ "type": "Feature", "properties": { "h3_id": "8941436b5b3ffff", "h3_resolution": 9, "h3_parent_res8": "8841436b5bfffff", "centroid_lat": 20.93956072069863, "centroid_lon": 105.77334031783687, "legacy_district": "Hà Đông" }, "geometry": { "type": "Polygon", "coordinates": [ [ [ 105.775287465881647, 20.938954840251601 ], [ 105.77482472915122, 20.940810599131478 ], [ 105.772877563197937, 20.94141647756059 ], [ 105.771393140951758, 20.940166583129038 ], [ 105.771855906615528, 20.938310808640527 ], [ 105.773803065592787, 20.9377049441918 ], [ 105.775287465881647, 20.938954840251601 ] ] ] } },
{ "type": "Feature", "properties": { "h3_id": "8941436b5b7ffff", "h3_resolution": 9, "h3_parent_res8": "8841436b5bfffff", "centroid_lat": 20.938916655072752, "centroid_lon": 105.7699087188012, "legacy_district": "Hà Đông" }, "geometry": { "type": "Polygon", "coordinates": [ [ [ 105.771855906615528, 20.938310808640527 ], [ 105.771393140951758, 20.940166583129038 ], [ 105.769445935230181, 20.940772427540189 ], [ 105.767961502153668, 20.939522483485817 ], [ 105.768424296748265, 20.937666693394281 ], [ 105.770371495489186, 20.937060862959733 ], [ 105.771855906615528, 20.938310808640527 ] ] ] } },
{ "type": "Feature", "properties": { "h3_id": "8941436b5bbffff", "h3_resolution": 9, "h3_parent_res8": "8841436b5bfffff", "centroid_lat": 20.942666338364859, "centroid_lon": 105.77436198553775, "legacy_district": "Hà Đông" }, "geometry": { "type": "Polygon", "coordinates": [ [ [ 105.776309140556577, 20.942060443936533 ], [ 105.775846407969183, 20.943916165539306 ], [ 105.773899235041128, 20.944522057947811 ], [ 105.772414801675879, 20.943272214773732 ], [ 105.772877563197937, 20.94141647756059 ], [ 105.77482472915122, 20.940810599131478 ], [ 105.776309140556577, 20.942060443936533 ] ] ] } },
{ "type": "Feature", "properties": { "h3_id": "8941436b5c3ffff", "h3_resolution": 9, "h3_parent_res8": "8841436b5dfffff", "centroid_lat": 20.947703171006289, "centroid_lon": 105.78567827032313, "legacy_district": "Hà Đông" }, "geometry": { "type": "Polygon", "coordinates": [ [ [ 105.787625312900275, 20.947097160542135 ], [ 105.787162671279361, 20.948952797988689 ], [ 105.785215610788555, 20.949558806440567 ], [ 105.783731198878925, 20.948309163455747 ], [ 105.784193869443357, 20.946453510380294 ], [ 105.786140922974553, 20.945847515918139 ], [ 105.787625312900275, 20.947097160542135 ] ] ] } },
{ "type": "Feature", "properties": { "h3_id": "8941436b5c7ffff", "h3_resolution": 9, "h3_parent_res8": "8841436b5dfffff", "centroid_lat": 20.947059486827868, "centroid_lon": 105.78224678704838, "legacy_district": "Hà Đông" }, "geometry": { "type": "Polygon", "coordinates": [ [ [ 105.784193869443357, 20.946453510380294 ], [ 105.783731198878925, 20.948309163455747 ], [ 105.781784098571521, 20.948915137887894 ], [ 105.780299675793458, 20.947665445258224 ], [ 105.780762375298877, 20.945809776559464 ], [ 105.782709468642025, 20.945203816113263 ], [ 105.784193869443357, 20.946453510380294 ] ] ] } },
{ "type": "Feature", "properties": { "h3_id": "8941436b5cbffff", "h3_resolution": 9, "h3_parent_res8": "8841436b5dfffff", "centroid_lat": 20.950808415779765, "centroid_lon": 105.78670002277524, "legacy_district": "Hà Đông" }, "geometry": { "type": "Polygon", "coordinates": [ [ [ 105.788647072310013, 20.950202391324968 ], [ 105.788184434836992, 20.952057991470806 ], [ 105.786237367387827, 20.952664013911406 ], [ 105.784752944370709, 20.951414422217034 ], [ 105.785215610788555, 20.949558806440567 ], [ 105.787162671279361, 20.948952797988689 ], [ 105.788647072310013, 20.950202391324968 ] ] ] } },
{ "type": "Feature", "properties": { "h3_id": "8941436b5cfffff", "h3_resolution": 9, "h3_parent_res8": "8841436b5dfffff", "centroid_lat": 20.950164796875018, "centroid_lon": 105.78326852143128, "legacy_district": "Hà Đông" }, "geometry": { "type": "Polygon", "coordinates": [ [ [ 105.785215610788555, 20.949558806440567 ], [ 105.784752944370709, 20.951414422217034 ], [ 105.782805837100298, 20.952020410634137 ], [ 105.781321403211393, 20.950770769289395 ], [ 105.781784098571521, 20.948915137887894 ], [ 105.783731198878925, 20.948309163455747 ], [ 105.785215610788555, 20.949558806440567 ] ] ] } },
{ "type": "Feature", "properties": { "h3_id": "8941436b5d3ffff", "h3_resolution": 9, "h3_parent_res8": "8841436b5dfffff", "centroid_lat": 20.945241503444034, "centroid_lon": 105.78808794763809, "legacy_district": "Hà Đông" }, "geometry": { "type": "Polygon", "coordinates": [ [ [ 105.790034943430129, 20.944635472960627 ], [ 105.789572326606503, 20.94649113206594 ], [ 105.787625312900275, 20.947097160542135 ], [ 105.786140922974553, 20.945847515918139 ], [ 105.786603568742891, 20.943991841180068 ], [ 105.788550575492906, 20.943385826698339 ], [ 105.790034943430129, 20.944635472960627 ] ] ] } },
{ "type": "Feature", "properties": { "h3_id": "8941436b5d7ffff", "h3_resolution": 9, "h3_parent_res8": "8841436b5dfffff", "centroid_lat": 20.944597837652587, "centroid_lon": 105.78465653312463, "legacy_district": "Hà Đông" }, "geometry": { "type": "Polygon", "coordinates": [ [ [ 105.786603568742891, 20.943991841180068 ], [ 105.786140922974553, 20.945847515918139 ], [ 105.784193869443357, 20.946453510380294 ], [ 105.782709468642025, 20.945203816113263 ], [ 105.783172143352573, 20.943348125748031 ], [ 105.785119189922895, 20.942742145276576 ], [ 105.786603568742891, 20.943991841180068 ] ] ] } },
{ "type": "Feature", "properties": { "h3_id": "8941436b5dbffff", "h3_resolution": 9, "h3_parent_res8": "8841436b5dfffff", "centroid_lat": 20.948346771522033, "centroid_lon": 105.78910970289982, "legacy_district": "Hà Đông" }, "geometry": { "type": "Polygon", "coordinates": [ [ [ 105.791056705646113, 20.947740727043225 ], [ 105.790594092971219, 20.949596348855291 ], [ 105.788647072310013, 20.950202391324968 ], [ 105.787162671279361, 20.948952797988689 ], [ 105.787625312900275, 20.947097160542135 ], [ 105.789572326606503, 20.94649113206594 ], [ 105.791056705646113, 20.947740727043225 ] ] ] } },
{ "type": "Feature", "properties": { "h3_id": "8941436b613ffff", "h3_resolution": 9, "h3_parent_res8": "8841436b61fffff", "centroid_lat": 20.972652902867008, "centroid_lon": 105.80998814460149, "legacy_district": "Hoàng Mai" }, "geometry": { "type": "Polygon", "coordinates": [ [ [ 105.811935036409253, 20.972046624303342 ], [ 105.811472568634443, 20.973901922162518 ], [ 105.809525658901833, 20.974508198716276 ], [ 105.808041223872337, 20.97325916340883 ], [ 105.808503720612364, 20.971403849880669 ], [ 105.810450623417296, 20.97079758732853 ], [ 105.811935036409253, 20.972046624303342 ] ] ] } },
{ "type": "Feature", "properties": { "h3_id": "8941436b61bffff", "h3_resolution": 9, "h3_parent_res8": "8841436b61fffff", "centroid_lat": 20.975757200330854, "centroid_lon": 105.81101009397577, "legacy_district": "Hoàng Mai" }, "geometry": { "type": "Polygon", "coordinates": [ [ [ 105.812956992709218, 20.97515090776464 ], [ 105.812494529092135, 20.977006168250032 ], [ 105.810547612433112, 20.977612458804419 ], [ 105.809063166318239, 20.976363474872375 ], [ 105.809525658901833, 20.974508198716276 ], [ 105.811472568634443, 20.973901922162518 ], [ 105.812956992709218, 20.97515090776464 ] ] ] } },
{ "type": "Feature", "properties": { "h3_id": "8941436b623ffff", "h3_resolution": 9, "h3_parent_res8": "8841436b63fffff", "centroid_lat": 20.976290195697612, "centroid_lon": 105.79830618654026, "legacy_district": "Hà Đông" }, "geometry": { "type": "Polygon", "coordinates": [ [ [ 105.80025325181866, 20.975684025304698 ], [ 105.799790676503505, 20.977539311063296 ], [ 105.797843593303767, 20.978145479429859 ], [ 105.796359092363559, 20.976896348052829 ], [ 105.796821696636513, 20.975041046644154 ], [ 105.798768772892529, 20.974434892262181 ], [ 105.80025325181866, 20.975684025304698 ] ] ] } },
{ "type": "Feature", "properties": { "h3_id": "8941436b627ffff", "h3_resolution": 9, "h3_parent_res8": "8841436b63fffff", "centroid_lat": 20.975647182988528, "centroid_lon": 105.79487459148548, "legacy_district": "Hà Đông" }, "geometry": { "type": "Polygon", "coordinates": [ [ [ 105.796821696636513, 20.975041046644154 ], [ 105.796359092363559, 20.976896348052829 ], [ 105.79441196929244, 20.977502482367687 ], [ 105.792927457443298, 20.976253301292651 ], [ 105.793390090671508, 20.974397984239509 ], [ 105.795337206794258, 20.973791863905461 ], [ 105.796821696636513, 20.975041046644154 ] ] ] } },
{ "type": "Feature", "properties": { "h3_id": "8941436b62fffff", "h3_resolution": 9, "h3_parent_res8": "8841436b63fffff", "centroid_lat": 20.978751629755987, "centroid_lon": 105.79589648120633, "legacy_district": "Hà Đông" }, "geometry": { "type": "Polygon", "coordinates": [ [ [ 105.797843593303767, 20.978145479429859 ], [ 105.797380993182941, 20.98000074345498 ], [ 105.795433863164689, 20.980606891749687 ], [ 105.793949340215022, 20.979357762039019 ], [ 105.79441196929244, 20.977502482367687 ], [ 105.796359092363559, 20.976896348052829 ], [ 105.797843593303767, 20.978145479429859 ] ] ] } },
{ "type": "Feature", "properties": { "h3_id": "8941436b643ffff", "h3_resolution": 9, "h3_parent_res8": "8841436b65fffff", "centroid_lat": 20.981965528974136, "centroid_lon": 105.81305403844705, "legacy_district": "Thanh Xuân" }, "geometry": { "type": "Polygon", "coordinates": [ [ [ 105.815000951028154, 20.981359208405816 ], [ 105.81453849572793, 20.98321439411605 ], [ 105.812591565219819, 20.983820712668717 ], [ 105.81110709693651, 20.982571831512082 ], [ 105.811569581205873, 20.980716630127695 ], [ 105.813516504790059, 20.980110325573673 ], [ 105.815000951028154, 20.981359208405816 ] ] ] } },
{ "type": "Feature", "properties": { "h3_id": "8941436b647ffff", "h3_resolution": 9, "h3_parent_res8": "8841436b65fffff", "centroid_lat": 20.98132291665144, "centroid_lon": 105.80962262869551, "legacy_district": "Hoàng Mai" }, "geometry": { "type": "Polygon", "coordinates": [ [ [ 105.811569581205873, 20.980716630127695 ], [ 105.81110709693651, 20.982571831512082 ], [ 105.809160126500359, 20.983178116017026 ], [ 105.807675647262798, 20.981929185142274 ], [ 105.8081381604988, 20.980073968089314 ], [ 105.810085124006378, 20.979467697579256 ], [ 105.811569581205873, 20.980716630127695 ] ] ] } },
{ "type": "Feature", "properties": { "h3_id": "8941436b64bffff", "h3_resolution": 9, "h3_parent_res8": "8841436b65fffff", "centroid_lat": 20.985069560118781, "centroid_lon": 105.81407603354344, "legacy_district": "Thanh Xuân" }, "geometry": { "type": "Polygon", "coordinates": [ [ [ 105.816022953046527, 20.9844632255509 ], [ 105.815560501905409, 20.986318373859767 ], [ 105.813613564474636, 20.986924706410075 ], [ 105.812129085108282, 20.985675876653463 ], [ 105.812591565219819, 20.983820712668717 ], [ 105.81453849572793, 20.98321439411605 ], [ 105.816022953046527, 20.9844632255509 ] ] ] } },
{ "type": "Feature", "properties": { "h3_id": "8941436b64fffff", "h3_resolution": 9, "h3_parent_res8": "8841436b65fffff", "centroid_lat": 20.984427013188267, "centroid_lon": 105.81064460578284, "legacy_district": "Thanh Xuân" }, "geometry": { "type": "Polygon", "coordinates": [ [ [ 105.812591565219819, 20.983820712668717 ], [ 105.812129085108282, 20.985675876653463 ], [ 105.810182107744836, 20.986282175152294 ], [ 105.808697617420876, 20.985033295672068 ], [ 105.809160126500359, 20.983178116017026 ], [ 105.81110709693651, 20.982571831512082 ], [ 105.812591565219819, 20.983820712668717 ] ] ] } },
{ "type": "Feature", "properties": { "h3_id": "8941436b653ffff", "h3_resolution": 9, "h3_parent_res8": "8841436b65fffff", "centroid_lat": 20.979504002992027, "centroid_lon": 105.81546339944423, "legacy_district": "Hoàng Mai" }, "geometry": { "type": "Polygon", "coordinates": [ [ [ 105.817410265164526, 20.9788976623854 ], [ 105.816947834675972, 20.98075286980978 ], [ 105.815000951028154, 20.981359208405816 ], [ 105.813516504790059, 20.980110325573673 ], [ 105.81397896424896, 20.978255102471266 ], [ 105.815925840976249, 20.97764877787862 ], [ 105.817410265164526, 20.9788976623854 ] ] ] } },
{ "type": "Feature", "properties": { "h3_id": "8941436b657ffff", "h3_resolution": 9, "h3_parent_res8": "8841436b65fffff", "centroid_lat": 20.978861409039027, "centroid_lon": 105.81203205859104, "legacy_district": "Hoàng Mai" }, "geometry": { "type": "Polygon", "coordinates": [ [ [ 105.81397896424896, 20.978255102471266 ], [ 105.813516504790059, 20.980110325573673 ], [ 105.811569581205873, 20.980716630127695 ], [ 105.810085124006378, 20.979467697579256 ], [ 105.810547612433112, 20.977612458804419 ], [ 105.812494529092135, 20.977006168250032 ], [ 105.81397896424896, 20.978255102471266 ] ] ] } },
{ "type": "Feature", "properties": { "h3_id": "8941436b65bffff", "h3_resolution": 9, "h3_parent_res8": "8841436b65fffff", "centroid_lat": 20.982608057532921, "centroid_lon": 105.81648539730332, "legacy_district": "Thanh Xuân" }, "geometry": { "type": "Polygon", "coordinates": [ [ [ 105.818432269942193, 20.982001702921977 ], [ 105.817969843613611, 20.983856872952462 ], [ 105.816022953046527, 20.9844632255509 ], [ 105.81453849572793, 20.98321439411605 ], [ 105.815000951028154, 20.981359208405816 ], [ 105.816947834675972, 20.98075286980978 ], [ 105.818432269942193, 20.982001702921977 ] ] ] } },
{ "type": "Feature", "properties": { "h3_id": "8941436b66bffff", "h3_resolution": 9, "h3_parent_res8": "8841436b67fffff", "centroid_lat": 20.986245806521861, "centroid_lon": 105.80480355393733, "legacy_district": "Thanh Xuân" }, "geometry": { "type": "Polygon", "coordinates": [ [ [ 105.806750600137747, 20.985639560117484 ], [ 105.806288066248527, 20.987494718031851 ], [ 105.80434100212338, 20.988100962407287 ], [ 105.802856478823472, 20.986852034882567 ], [ 105.803319041676929, 20.984996861307366 ], [ 105.805266098866724, 20.984390630917307 ], [ 105.806750600137747, 20.985639560117484 ] ] ] } },
{ "type": "Feature", "properties": { "h3_id": "8941436b6c3ffff", "h3_resolution": 9, "h3_parent_res8": "8841436b6dfffff", "centroid_lat": 20.973938268568709, "centroid_lon": 105.81685070338847, "legacy_district": "Hoàng Mai" }, "geometry": { "type": "Polygon", "coordinates": [ [ [ 105.818797515326565, 20.973331921944272 ], [ 105.818335105489723, 20.975187188448704 ], [ 105.816388275624305, 20.975793533069531 ], [ 105.81490386251474, 20.974544597176379 ], [ 105.815366301321816, 20.972689314991783 ], [ 105.817313124268864, 20.972082984380087 ], [ 105.818797515326565, 20.973331921944272 ] ] ] } },
{ "type": "Feature", "properties": { "h3_id": "8941436b6c7ffff", "h3_resolution": 9, "h3_parent_res8": "8841436b6dfffff", "centroid_lat": 20.973295627586801, "centroid_lon": 105.81341944944239, "legacy_district": "Hoàng Mai" }, "geometry": { "type": "Polygon", "coordinates": [ [ [ 105.815366301321816, 20.972689314991783 ], [ 105.81490386251474, 20.974544597176379 ], [ 105.812956992709218, 20.97515090776464 ], [ 105.811472568634443, 20.973901922162518 ], [ 105.811935036409253, 20.972046624303342 ], [ 105.813881899291744, 20.971440327720451 ], [ 105.815366301321816, 20.972689314991783 ] ] ] } },
{ "type": "Feature", "properties": { "h3_id": "8941436b6cbffff", "h3_resolution": 9, "h3_parent_res8": "8841436b6dfffff", "centroid_lat": 20.977042435263726, "centroid_lon": 105.81787268876909, "legacy_district": "Hoàng Mai" }, "geometry": { "type": "Polygon", "coordinates": [ [ [ 105.819819507623578, 20.976436074629234 ], [ 105.819357101947077, 20.978291303756421 ], [ 105.817410265164526, 20.9788976623854 ], [ 105.815925840976249, 20.97764877787862 ], [ 105.816388275624305, 20.975793533069531 ], [ 105.818335105489723, 20.975187188448704 ], [ 105.819819507623578, 20.976436074629234 ] ] ] } },
{ "type": "Feature", "properties": { "h3_id": "8941436b6cfffff", "h3_resolution": 9, "h3_parent_res8": "8841436b6dfffff", "centroid_lat": 20.976399859670853, "centroid_lon": 105.81444141682381, "legacy_district": "Hoàng Mai" }, "geometry": { "type": "Polygon", "coordinates": [ [ [ 105.816388275624305, 20.975793533069531 ], [ 105.815925840976249, 20.97764877787862 ], [ 105.81397896424896, 20.978255102471266 ], [ 105.812494529092135, 20.977006168250032 ], [ 105.812956992709218, 20.97515090776464 ], [ 105.81490386251474, 20.974544597176379 ], [ 105.816388275624305, 20.975793533069531 ] ] ] } },
{ "type": "Feature", "properties": { "h3_id": "8941436b6d7ffff", "h3_resolution": 9, "h3_parent_res8": "8841436b6dfffff", "centroid_lat": 20.970834013121003, "centroid_lon": 105.81582873324514, "legacy_district": "Hoàng Mai" }, "geometry": { "type": "Polygon", "coordinates": [ [ [ 105.817775538265579, 20.970227680507612 ], [ 105.817313124268864, 20.972082984380087 ], [ 105.815366301321816, 20.972689314991783 ], [ 105.813881899291744, 20.971440327720451 ], [ 105.814344342257385, 20.969585008169538 ], [ 105.816291158284812, 20.96897869156798 ], [ 105.817775538265579, 20.970227680507612 ] ] ] } },
{ "type": "Feature", "properties": { "h3_id": "8941436b6dbffff", "h3_resolution": 9, "h3_parent_res8": "8841436b6dfffff", "centroid_lat": 20.97458082581101, "centroid_lon": 105.82028190641626, "legacy_district": "Hoàng Mai" }, "geometry": { "type": "Polygon", "coordinates": [ [ [ 105.822228678400037, 20.973974445159097 ], [ 105.82176629753593, 20.975829695977772 ], [ 105.819819507623578, 20.976436074629234 ], [ 105.818335105489723, 20.975187188448704 ], [ 105.818797515326565, 20.973331921944272 ], [ 105.820744298325181, 20.972725557305711 ], [ 105.822228678400037, 20.973974445159097 ] ] ] } },
{ "type": "Feature", "properties": { "h3_id": "89414379b23ffff", "h3_resolution": 9, "h3_parent_res8": "88414379b3fffff", "centroid_lat": 20.93281954560619, "centroid_lon": 105.7840010791133, "legacy_district": "Hà Đông" }, "geometry": { "type": "Polygon", "coordinates": [ [ [ 105.785948047075863, 20.932213571114254 ], [ 105.785485413661988, 20.934069379300428 ], [ 105.783538427788102, 20.934675351792816 ], [ 105.78205408228996, 20.933425502100185 ], [ 105.782516744643317, 20.931569678288191 ], [ 105.784463723555987, 20.930963719794221 ], [ 105.785948047075863, 20.932213571114254 ] ] ] } },
{ "type": "Feature", "properties": { "h3_id": "89414379b27ffff", "h3_resolution": 9, "h3_parent_res8": "88414379b3fffff", "centroid_lat": 20.932175618784317, "centroid_lon": 105.78056973687312, "legacy_district": "Hà Đông" }, "geometry": { "type": "Polygon", "coordinates": [ [ [ 105.782516744643317, 20.931569678288191 ], [ 105.78205408228996, 20.933425502100185 ], [ 105.78010705660968, 20.934031440593611 ], [ 105.778622700249244, 20.932781541279976 ], [ 105.779085391539567, 20.930925701847748 ], [ 105.781032410253999, 20.930319777348974 ], [ 105.782516744643317, 20.931569678288191 ] ] ] } },
{ "type": "Feature", "properties": { "h3_id": "89414379b2bffff", "h3_resolution": 9, "h3_parent_res8": "88414379b3fffff", "centroid_lat": 20.935925167859651, "centroid_lon": 105.78502277336555, "legacy_district": "Hà Đông" }, "geometry": { "type": "Polygon", "coordinates": [ [ [ 105.786969748287362, 20.935319179368367 ], [ 105.786507119020342, 20.937174950298147 ], [ 105.784560126186491, 20.937780936787963 ], [ 105.783075769580293, 20.936531138350155 ], [ 105.783538427788102, 20.934675351792816 ], [ 105.785485413661988, 20.934069379300428 ], [ 105.786969748287362, 20.935319179368367 ] ] ] } },
{ "type": "Feature", "properties": { "h3_id": "89414379b2fffff", "h3_resolution": 9, "h3_parent_res8": "88414379b3fffff", "centroid_lat": 20.935281306284523, "centroid_lon": 105.78159141305402, "legacy_district": "Hà Đông" }, "geometry": { "type": "Polygon", "coordinates": [ [ [ 105.783538427788102, 20.934675351792816 ], [ 105.783075769580293, 20.936531138350155 ], [ 105.781128736935415, 20.937137090837247 ], [ 105.779644369463597, 20.935887242772914 ], [ 105.78010705660968, 20.934031440593611 ], [ 105.78205408228996, 20.933425502100185 ], [ 105.783538427788102, 20.934675351792816 ] ] ] } },
{ "type": "Feature", "properties": { "h3_id": "89414379b6bffff", "h3_resolution": 9, "h3_parent_res8": "88414379b7fffff", "centroid_lat": 20.942779794210047, "centroid_lon": 105.79049755337083, "legacy_district": "Hà Đông" }, "geometry": { "type": "Polygon", "coordinates": [ [ [ 105.792444502372803, 20.942173743717838 ], [ 105.79198191034682, 20.944029424470557 ], [ 105.790034943430129, 20.944635472960627 ], [ 105.788550575492906, 20.943385826698339 ], [ 105.789013196464808, 20.94153013030899 ], [ 105.790960156428667, 20.940924095818144 ], [ 105.792444502372803, 20.942173743717838 ] ] ] } },
{ "type": "Feature", "properties": { "h3_id": "89414379b6fffff", "h3_resolution": 9, "h3_parent_res8": "88414379b7fffff", "centroid_lat": 20.942136146796013, "centroid_lon": 105.78706620762827, "legacy_district": "Hà Đông" }, "geometry": { "type": "Polygon", "coordinates": [ [ [ 105.789013196464808, 20.94153013030899 ], [ 105.788550575492906, 20.943385826698339 ], [ 105.786603568742891, 20.943991841180068 ], [ 105.785119189922895, 20.942742145276576 ], [ 105.785581839838201, 20.940886433256193 ], [ 105.787528839630752, 20.940280432769935 ], [ 105.789013196464808, 20.94153013030899 ] ] ] } },
{ "type": "Feature", "properties": { "h3_id": "89415ca6043ffff", "h3_resolution": 9, "h3_parent_res8": "88415ca605fffff", "centroid_lat": 21.081581543145745, "centroid_lon": 105.80077974239262, "legacy_district": "Tây Hồ" }, "geometry": { "type": "Polygon", "coordinates": [ [ [ 105.802727456600962, 21.080975211823734 ], [ 105.802264741169566, 21.082829302798292 ], [ 105.8003170090265, 21.083435631993602 ], [ 105.798831999260727, 21.08218785630255 ], [ 105.799294743671894, 21.08033374967194 ], [ 105.801242468869731, 21.079727434388019 ], [ 105.802727456600962, 21.080975211823734 ] ] ] } },
{ "type": "Feature", "properties": { "h3_id": "89415ca6047ffff", "h3_resolution": 9, "h3_parent_res8": "88415ca605fffff", "centroid_lat": 21.080940046790733, "centroid_lon": 105.79734698955377, "legacy_district": "Tây Hồ" }, "geometry": { "type": "Polygon", "coordinates": [ [ [ 105.799294743671894, 21.08033374967194 ], [ 105.798831999260727, 21.08218785630255 ], [ 105.796884227209134, 21.082794151291488 ], [ 105.795399206519249, 21.081546325741762 ], [ 105.79586197990767, 21.079692203460692 ], [ 105.797809745009374, 21.079085922379388 ], [ 105.799294743671894, 21.08033374967194 ] ] ] } },
{ "type": "Feature", "properties": { "h3_id": "89415ca604bffff", "h3_resolution": 9, "h3_parent_res8": "88415ca605fffff", "centroid_lat": 21.08468337386137, "centroid_lon": 105.80180201884912, "legacy_district": "Tây Hồ" }, "geometry": { "type": "Polygon", "coordinates": [ [ [ 105.803749740000725, 21.084077028627046 ], [ 105.803287028726587, 21.08593108190335 ], [ 105.801339289639557, 21.086537425009062 ], [ 105.799854268771284, 21.085289700927664 ], [ 105.8003170090265, 21.083435631993602 ], [ 105.802264741169566, 21.082829302798292 ], [ 105.803749740000725, 21.084077028627046 ] ] ] } },
{ "type": "Feature", "properties": { "h3_id": "89415ca604fffff", "h3_resolution": 9, "h3_parent_res8": "88415ca605fffff", "centroid_lat": 21.084041943020956, "centroid_lon": 105.79836924796048, "legacy_district": "Tây Hồ" }, "geometry": { "type": "Polygon", "coordinates": [ [ [ 105.8003170090265, 21.083435631993602 ], [ 105.799854268771284, 21.085289700927664 ], [ 105.79790648977108, 21.085896009823259 ], [ 105.79642145797537, 21.084648235877726 ], [ 105.796884227209134, 21.082794151291488 ], [ 105.798831999260727, 21.08218785630255 ], [ 105.8003170090265, 21.083435631993602 ] ] ] } },
{ "type": "Feature", "properties": { "h3_id": "89415ca6053ffff", "h3_resolution": 9, "h3_parent_res8": "88415ca605fffff", "centroid_lat": 21.07912110094162, "centroid_lon": 105.80319016514342, "legacy_district": "Tây Hồ" }, "geometry": { "type": "Polygon", "coordinates": [ [ [ 105.805137832489137, 21.078514749335394 ], [ 105.804675141881901, 21.080368862339142 ], [ 105.802727456600962, 21.080975211823734 ], [ 105.801242468869731, 21.079727434388019 ], [ 105.80170518845793, 21.077873305724356 ], [ 105.803652866797052, 21.0772669701559 ], [ 105.805137832489137, 21.078514749335394 ] ] ] } },
{ "type": "Feature", "properties": { "h3_id": "89415ca6057ffff", "h3_resolution": 9, "h3_parent_res8": "88415ca605fffff", "centroid_lat": 21.07847962313307, "centroid_lon": 105.79975748119408, "legacy_district": "Tây Hồ" }, "geometry": { "type": "Polygon", "coordinates": [ [ [ 105.80170518845793, 21.077873305724356 ], [ 105.801242468869731, 21.079727434388019 ], [ 105.799294743671894, 21.08033374967194 ], [ 105.797809745009374, 21.079085922379388 ], [ 105.798272493576036, 21.077231778061382 ], [ 105.800220211827394, 21.076625476689859 ], [ 105.80170518845793, 21.077873305724356 ] ] ] } },
{ "type": "Feature", "properties": { "h3_id": "89415ca605bffff", "h3_resolution": 9, "h3_parent_res8": "88415ca605fffff", "centroid_lat": 21.082222955437665, "centroid_lon": 105.8042124443858, "legacy_district": "Tây Hồ" }, "geometry": { "type": "Polygon", "coordinates": [ [ [ 105.806160118671372, 21.081616589914375 ], [ 105.805697432222246, 21.083470665227299 ], [ 105.803749740000725, 21.084077028627046 ], [ 105.802264741169566, 21.082829302798292 ], [ 105.802727456600962, 21.080975211823734 ], [ 105.804675141881901, 21.080368862339142 ], [ 105.806160118671372, 21.081616589914375 ] ] ] } },
{ "type": "Feature", "properties": { "h3_id": "89415ca6073ffff", "h3_resolution": 9, "h3_parent_res8": "88415ca607fffff", "centroid_lat": 21.080298466374312, "centroid_lon": 105.7939141858928, "legacy_district": "Tây Hồ" }, "geometry": { "type": "Polygon", "coordinates": [ [ [ 105.79586197990767, 21.079692203460692 ], [ 105.795399206519249, 21.081546325741762 ], [ 105.793451394572145, 21.082152586522383 ], [ 105.791966362968651, 21.080904711117622 ], [ 105.792429165331811, 21.079050573191662 ], [ 105.794376970324379, 21.07844432631493 ], [ 105.79586197990767, 21.079692203460692 ] ] ] } },
{ "type": "Feature", "properties": { "h3_id": "89415ca607bffff", "h3_resolution": 9, "h3_parent_res8": "88415ca607fffff", "centroid_lat": 21.083400428109925, "centroid_lon": 105.79493642624175, "legacy_district": "Tây Hồ" }, "geometry": { "type": "Polygon", "coordinates": [ [ [ 105.796884227209134, 21.082794151291488 ], [ 105.79642145797537, 21.084648235877726 ], [ 105.794473639075008, 21.085254510561249 ], [ 105.792988596362349, 21.08400668675522 ], [ 105.793451394572145, 21.082152586522383 ], [ 105.795399206519249, 21.081546325741762 ], [ 105.796884227209134, 21.082794151291488 ] ] ] } },
{ "type": "Feature", "properties": { "h3_id": "89415ca60c3ffff", "h3_resolution": 9, "h3_parent_res8": "88415ca60dfffff", "centroid_lat": 21.073558648889314, "centroid_lon": 105.80457824943812, "legacy_district": "Tây Hồ" }, "geometry": { "type": "Polygon", "coordinates": [ [ [ 105.806525862978518, 21.072952290932101 ], [ 105.80606319303736, 21.074806463627944 ], [ 105.804115561561915, 21.075412819470493 ], [ 105.802630606967966, 21.074164988694907 ], [ 105.803093305890002, 21.072310800336972 ], [ 105.805040930425761, 21.071704458416296 ], [ 105.806525862978518, 21.072952290932101 ] ] ] } },
{ "type": "Feature", "properties": { "h3_id": "89415ca60cbffff", "h3_resolution": 9, "h3_parent_res8": "88415ca60dfffff", "centroid_lat": 21.076660616430356, "centroid_lon": 105.80560051620759, "legacy_district": "Tây Hồ" }, "geometry": { "type": "Polygon", "coordinates": [ [ [ 105.807548136685696, 21.076054244550345 ], [ 105.807085470903019, 21.077908379571976 ], [ 105.805137832489137, 21.078514749335394 ], [ 105.803652866797052, 21.0772669701559 ], [ 105.804115561561915, 21.075412819470493 ], [ 105.80606319303736, 21.074806463627944 ], [ 105.807548136685696, 21.076054244550345 ] ] ] } },
{ "type": "Feature", "properties": { "h3_id": "89415ca60cfffff", "h3_resolution": 9, "h3_parent_res8": "88415ca60dfffff", "centroid_lat": 21.076019157158672, "centroid_lon": 105.8021679011573, "legacy_district": "Tây Hồ" }, "geometry": { "type": "Polygon", "coordinates": [ [ [ 105.804115561561915, 21.075412819470493 ], [ 105.803652866797052, 21.0772669701559 ], [ 105.80170518845793, 21.077873305724356 ], [ 105.800220211827394, 21.076625476689859 ], [ 105.800682935571928, 21.074771310346222 ], [ 105.802630606967966, 21.074164988694907 ], [ 105.804115561561915, 21.075412819470493 ] ] ] } },
{ "type": "Feature", "properties": { "h3_id": "89415ca60d3ffff", "h3_resolution": 9, "h3_parent_res8": "88415ca60dfffff", "centroid_lat": 21.071098098346734, "centroid_lon": 105.80698852603118, "legacy_district": "Tây Hồ" }, "geometry": { "type": "Polygon", "coordinates": [ [ [ 105.80893609270241, 21.070491720130931 ], [ 105.8084734475853, 21.072345914825902 ], [ 105.806525862978518, 21.072952290932101 ], [ 105.805040930425761, 21.071704458416296 ], [ 105.805503604524944, 21.069850248055371 ], [ 105.807451182195436, 21.069243885875789 ], [ 105.80893609270241, 21.070491720130931 ] ] ] } },
{ "type": "Feature", "properties": { "h3_id": "89415ca60dbffff", "h3_resolution": 9, "h3_parent_res8": "88415ca60dfffff", "centroid_lat": 21.074200089633685, "centroid_lon": 105.80801079557975, "legacy_district": "Tây Hồ" }, "geometry": { "type": "Polygon", "coordinates": [ [ [ 105.80995836918531, 21.073593697490352 ], [ 105.809495728227517, 21.075447854518536 ], [ 105.807548136685696, 21.076054244550345 ], [ 105.80606319303736, 21.074806463627944 ], [ 105.806525862978518, 21.072952290932101 ], [ 105.8084734475853, 21.072345914825902 ], [ 105.80995836918531, 21.073593697490352 ] ] ] } },
{ "type": "Feature", "properties": { "h3_id": "89415ca6203ffff", "h3_resolution": 9, "h3_parent_res8": "88415ca621fffff", "centroid_lat": 21.096448634696952, "centroid_lon": 105.80245843418116, "legacy_district": "Tây Hồ" }, "geometry": { "type": "Polygon", "coordinates": [ [ [ 105.804406223026291, 21.095842268045228 ], [ 105.803943499399622, 21.097696186101647 ], [ 105.801995692617425, 21.098302550613962 ], [ 105.8005106164062, 21.097054983166764 ], [ 105.800973369016688, 21.09520104945134 ], [ 105.802921168855249, 21.094594698841725 ], [ 105.804406223026291, 21.095842268045228 ] ] ] } },
{ "type": "Feature", "properties": { "h3_id": "89415ca6207ffff", "h3_resolution": 9, "h3_parent_res8": "88415ca621fffff", "centroid_lat": 21.095807381879144, "centroid_lon": 105.79902554025158, "legacy_district": "Tây Hồ" }, "geometry": { "type": "Polygon", "coordinates": [ [ [ 105.800973369016688, 21.09520104945134 ], [ 105.8005106164062, 21.097054983166764 ], [ 105.798562769705285, 21.097661313452008 ], [ 105.797077682563753, 21.096413696122475 ], [ 105.797540464155503, 21.094559746753625 ], [ 105.799488303908163, 21.093953430367328 ], [ 105.800973369016688, 21.09520104945134 ] ] ] } },
{ "type": "Feature", "properties": { "h3_id": "89415ca6213ffff", "h3_resolution": 9, "h3_parent_res8": "88415ca621fffff", "centroid_lat": 21.093988330052909, "centroid_lon": 105.80486893976338, "legacy_district": "Tây Hồ" }, "geometry": { "type": "Polygon", "coordinates": [ [ [ 105.80681668173726, 21.093381943087568 ], [ 105.806353982937736, 21.095235883214229 ], [ 105.804406223026291, 21.095842268045228 ], [ 105.802921168855249, 21.094594698841725 ], [ 105.803383896639758, 21.092740743052179 ], [ 105.805331649610991, 21.092134372128616 ], [ 105.80681668173726, 21.093381943087568 ] ] ] } },
{ "type": "Feature", "properties": { "h3_id": "89415ca6217ffff", "h3_resolution": 9, "h3_parent_res8": "88415ca621fffff", "centroid_lat": 21.093347095799299, "centroid_lon": 105.80143611473753, "legacy_district": "Tây Hồ" }, "geometry": { "type": "Polygon", "coordinates": [ [ [ 105.803383896639758, 21.092740743052179 ], [ 105.802921168855249, 21.094594698841725 ], [ 105.800973369016688, 21.09520104945134 ], [ 105.799488303908163, 21.093953430367328 ], [ 105.799951060675184, 21.092099458920483 ], [ 105.801898853568858, 21.091493122214544 ], [ 105.803383896639758, 21.092740743052179 ] ] ] } },
{ "type": "Feature", "properties": { "h3_id": "89415ca6233ffff", "h3_resolution": 9, "h3_parent_res8": "88415ca623fffff", "centroid_lat": 21.095166044955544, "centroid_lon": 105.79559259548341, "legacy_district": "Tây Hồ" }, "geometry": { "type": "Polygon", "coordinates": [ [ [ 105.797540464155503, 21.094559746753625 ], [ 105.797077682563753, 21.096413696122475 ], [ 105.795129795957095, 21.097019992178691 ], [ 105.793644697895743, 21.095772324970454 ], [ 105.794107508466283, 21.093918359953758 ], [ 105.796055388120024, 21.093312077792728 ], [ 105.797540464155503, 21.094559746753625 ] ] ] } },
{ "type": "Feature", "properties": { "h3_id": "89415ca6283ffff", "h3_resolution": 9, "h3_parent_res8": "88415ca629fffff", "centroid_lat": 21.088426396499777, "centroid_lon": 105.80625704863806, "legacy_district": "Tây Hồ" }, "geometry": { "type": "Polygon", "coordinates": [ [ [ 105.80820473679961, 21.087820003145342 ], [ 105.807742058668097, 21.089674003049208 ], [ 105.80579435256918, 21.090280394276263 ], [ 105.804309331540495, 21.089032771685886 ], [ 105.804772038656907, 21.087178756116984 ], [ 105.806719737817744, 21.086572378803091 ], [ 105.80820473679961, 21.087820003145342 ] ] ] } },
{ "type": "Feature", "properties": { "h3_id": "89415ca6287ffff", "h3_resolution": 9, "h3_parent_res8": "88415ca629fffff", "centroid_lat": 21.087785115262648, "centroid_lon": 105.8028243105633, "legacy_district": "Tây Hồ" }, "geometry": { "type": "Polygon", "coordinates": [ [ [ 105.804772038656907, 21.087178756116984 ], [ 105.804309331540495, 21.089032771685886 ], [ 105.802361585510752, 21.089639128701023 ], [ 105.800876553540775, 21.088391456237428 ], [ 105.801339289639557, 21.086537425009062 ], [ 105.803287028726587, 21.08593108190335 ], [ 105.804772038656907, 21.087178756116984 ] ] ] } },
{ "type": "Feature", "properties": { "h3_id": "89415ca628bffff", "h3_resolution": 9, "h3_parent_res8": "88415ca629fffff", "centroid_lat": 21.091527983031249, "centroid_lon": 105.80727937364735, "legacy_district": "Tây Hồ" }, "geometry": { "type": "Polygon", "coordinates": [ [ [ 105.809227068745002, 21.090921575762721 ], [ 105.808764394772993, 21.092775537948327 ], [ 105.80681668173726, 21.093381943087568 ], [ 105.805331649610991, 21.092134372128616 ], [ 105.80579435256918, 21.090280394276263 ], [ 105.807742058668097, 21.089674003049208 ], [ 105.809227068745002, 21.090921575762721 ] ] ] } },
{ "type": "Feature", "properties": { "h3_id": "89415ca628fffff", "h3_resolution": 9, "h3_parent_res8": "88415ca629fffff", "centroid_lat": 21.090886767332254, "centroid_lon": 105.80384661753482, "legacy_district": "Tây Hồ" }, "geometry": { "type": "Polygon", "coordinates": [ [ [ 105.80579435256918, 21.090280394276263 ], [ 105.805331649610991, 21.092134372128616 ], [ 105.803383896639758, 21.092740743052179 ], [ 105.801898853568858, 21.091493122214544 ], [ 105.802361585510752, 21.089639128701023 ], [ 105.804309331540495, 21.089032771685886 ], [ 105.80579435256918, 21.090280394276263 ] ] ] } },
{ "type": "Feature", "properties": { "h3_id": "89415ca6293ffff", "h3_resolution": 9, "h3_parent_res8": "88415ca629fffff", "centroid_lat": 21.0859659833236, "centroid_lon": 105.80866740804197, "legacy_district": "Tây Hồ" }, "geometry": { "type": "Polygon", "coordinates": [ [ [ 105.810615049325705, 21.085359569681174 ], [ 105.810152396021252, 21.087213591625222 ], [ 105.80820473679961, 21.087820003145342 ], [ 105.806719737817744, 21.086572378803091 ], [ 105.80718242010829, 21.084718341190122 ], [ 105.809130072395263, 21.084111943587914 ], [ 105.810615049325705, 21.085359569681174 ] ] ] } },
{ "type": "Feature", "properties": { "h3_id": "89415ca6297ffff", "h3_resolution": 9, "h3_parent_res8": "88415ca629fffff", "centroid_lat": 21.08532472062948, "centroid_lon": 105.80523473888411, "legacy_district": "Tây Hồ" }, "geometry": { "type": "Polygon", "coordinates": [ [ [ 105.80718242010829, 21.084718341190122 ], [ 105.806719737817744, 21.086572378803091 ], [ 105.804772038656907, 21.087178756116984 ], [ 105.803287028726587, 21.08593108190335 ], [ 105.803749740000725, 21.084077028627046 ], [ 105.805697432222246, 21.083470665227299 ], [ 105.80718242010829, 21.084718341190122 ] ] ] } },
{ "type": "Feature", "properties": { "h3_id": "89415ca629bffff", "h3_resolution": 9, "h3_parent_res8": "88415ca629fffff", "centroid_lat": 21.089067593653716, "centroid_lon": 105.80968973582772, "legacy_district": "Tây Hồ" }, "geometry": { "type": "Polygon", "coordinates": [ [ [ 105.811637384044175, 21.088461166092454 ], [ 105.811174734900064, 21.090315150325683 ], [ 105.809227068745002, 21.090921575762721 ], [ 105.807742058668097, 21.089674003049208 ], [ 105.80820473679961, 21.087820003145342 ], [ 105.810152396021252, 21.087213591625222 ], [ 105.811637384044175, 21.088461166092454 ] ] ] } },
{ "type": "Feature", "properties": { "h3_id": "89415ca62a3ffff", "h3_resolution": 9, "h3_parent_res8": "88415ca62bfffff", "centroid_lat": 21.089604083663787, "centroid_lon": 105.79698095272443, "legacy_district": "Tây Hồ" }, "geometry": { "type": "Polygon", "coordinates": [ [ [ 105.79892876759321, 21.088997779038689 ], [ 105.798466006670139, 21.090851788207811 ], [ 105.796518173867, 21.091458090694179 ], [ 105.795033108938341, 21.090210370110075 ], [ 105.795495898840059, 21.088356345290947 ], [ 105.797443724692442, 21.087750056705509 ], [ 105.79892876759321, 21.088997779038689 ] ] ] } },
{ "type": "Feature", "properties": { "h3_id": "89415ca62a7ffff", "h3_resolution": 9, "h3_parent_res8": "88415ca62bfffff", "centroid_lat": 21.088962615697668, "centroid_lon": 105.79354804407362, "legacy_district": "Tây Hồ" }, "geometry": { "type": "Polygon", "coordinates": [ [ [ 105.795495898840059, 21.088356345290947 ], [ 105.795033108938341, 21.090210370110075 ], [ 105.793085236238753, 21.090816638374914 ], [ 105.791600160396982, 21.089568867923042 ], [ 105.79206297927486, 21.087714827459472 ], [ 105.794010845019017, 21.0871085730918 ], [ 105.795495898840059, 21.088356345290947 ] ] ] } },
{ "type": "Feature", "properties": { "h3_id": "89415ca62abffff", "h3_resolution": 9, "h3_parent_res8": "88415ca62bfffff", "centroid_lat": 21.092705777447431, "centroid_lon": 105.7980032388576, "legacy_district": "Tây Hồ" }, "geometry": { "type": "Polygon", "coordinates": [ [ [ 105.799951060675184, 21.092099458920483 ], [ 105.799488303908163, 21.093953430367328 ], [ 105.797540464155503, 21.094559746753625 ], [ 105.796055388120024, 21.093312077792728 ], [ 105.796518173867, 21.091458090694179 ], [ 105.798466006670139, 21.090851788207811 ], [ 105.799951060675184, 21.092099458920483 ] ] ] } },
{ "type": "Feature", "properties": { "h3_id": "89415ca62afffff", "h3_resolution": 9, "h3_parent_res8": "88415ca62bfffff", "centroid_lat": 21.092064374998984, "centroid_lon": 105.7945703121471, "legacy_district": "Tây Hồ" }, "geometry": { "type": "Polygon", "coordinates": [ [ [ 105.796518173867, 21.091458090694179 ], [ 105.796055388120024, 21.093312077792728 ], [ 105.794107508466283, 21.093918359953758 ], [ 105.792622421514324, 21.092670641119618 ], [ 105.793085236238753, 21.090816638374914 ], [ 105.795033108938341, 21.090210370110075 ], [ 105.796518173867, 21.091458090694179 ] ] ] } },
{ "type": "Feature", "properties": { "h3_id": "89415ca62b3ffff", "h3_resolution": 9, "h3_parent_res8": "88415ca62bfffff", "centroid_lat": 21.087143749943994, "centroid_lon": 105.79939152162689, "legacy_district": "Tây Hồ" }, "geometry": { "type": "Polygon", "coordinates": [ [ [ 105.801339289639557, 21.086537425009062 ], [ 105.800876553540775, 21.088391456237428 ], [ 105.79892876759321, 21.088997779038689 ], [ 105.797443724692442, 21.087750056705509 ], [ 105.79790648977108, 21.085896009823259 ], [ 105.799854268771284, 21.085289700927664 ], [ 105.801339289639557, 21.086537425009062 ] ] ] } },
{ "type": "Feature", "properties": { "h3_id": "89415ca62b7ffff", "h3_resolution": 9, "h3_parent_res8": "88415ca62bfffff", "centroid_lat": 21.086502300545515, "centroid_lon": 105.79595868185238, "legacy_district": "Tây Hồ" }, "geometry": { "type": "Polygon", "coordinates": [ [ [ 105.79790648977108, 21.085896009823259 ], [ 105.797443724692442, 21.087750056705509 ], [ 105.795495898840059, 21.088356345290947 ], [ 105.794010845019017, 21.0871085730918 ], [ 105.794473639075008, 21.085254510561249 ], [ 105.79642145797537, 21.084648235877726 ], [ 105.79790648977108, 21.085896009823259 ] ] ] } },
{ "type": "Feature", "properties": { "h3_id": "89415ca62bbffff", "h3_resolution": 9, "h3_parent_res8": "88415ca62bfffff", "centroid_lat": 21.090245467542548, "centroid_lon": 105.80041381055267, "legacy_district": "Tây Hồ" }, "geometry": { "type": "Polygon", "coordinates": [ [ [ 105.802361585510752, 21.089639128701023 ], [ 105.801898853568858, 21.091493122214544 ], [ 105.799951060675184, 21.092099458920483 ], [ 105.798466006670139, 21.090851788207811 ], [ 105.79892876759321, 21.088997779038689 ], [ 105.800876553540775, 21.088391456237428 ], [ 105.802361585510752, 21.089639128701023 ] ] ] } },
{ "type": "Feature", "properties": { "h3_id": "89415ca62c7ffff", "h3_resolution": 9, "h3_parent_res8": "88415ca62dfffff", "centroid_lat": 21.094629480206596, "centroid_lon": 105.80830171391165, "legacy_district": "Tây Hồ" }, "geometry": { "type": "Polygon", "coordinates": [ [ [ 105.810249415944156, 21.094023059024973 ], [ 105.809786746132147, 21.09587698348318 ], [ 105.807839026160821, 21.096483402533607 ], [ 105.806353982937736, 21.095235883214229 ], [ 105.80681668173726, 21.093381943087568 ], [ 105.808764394772993, 21.092775537948327 ], [ 105.810249415944156, 21.094023059024973 ] ] ] } },
{ "type": "Feature", "properties": { "h3_id": "89415ca62d3ffff", "h3_resolution": 9, "h3_parent_res8": "88415ca62dfffff", "centroid_lat": 21.092810162150347, "centroid_lon": 105.81414473316954, "legacy_district": "Tây Hồ" }, "geometry": { "type": "Polygon", "coordinates": [ [ [ 105.816092348354701, 21.092203686462621 ], [ 105.815629732362666, 21.094057617297995 ], [ 105.813682099236914, 21.094664090862725 ], [ 105.8121970890314, 21.093416619672009 ], [ 105.812659734014673, 21.091562673158734 ], [ 105.814607360212889, 21.090956213513678 ], [ 105.816092348354701, 21.092203686462621 ] ] ] } },
{ "type": "Feature", "properties": { "h3_id": "89415ca62d7ffff", "h3_resolution": 9, "h3_parent_res8": "88415ca62dfffff", "centroid_lat": 21.092169114637841, "centroid_lon": 105.81071207886676, "legacy_district": "Tây Hồ" }, "geometry": { "type": "Polygon", "coordinates": [ [ [ 105.812659734014673, 21.091562673158734 ], [ 105.8121970890314, 21.093416619672009 ], [ 105.810249415944156, 21.094023059024973 ], [ 105.808764394772993, 21.092775537948327 ], [ 105.809227068745002, 21.090921575762721 ], [ 105.811174734900064, 21.090315150325683 ], [ 105.812659734014673, 21.091562673158734 ] ] ] } },
{ "type": "Feature", "properties": { "h3_id": "89415ca6403ffff", "h3_resolution": 9, "h3_parent_res8": "88415ca641fffff", "centroid_lat": 21.057511800754817, "centroid_lon": 105.81217441565373, "legacy_district": "Tây Hồ" }, "geometry": { "type": "Polygon", "coordinates": [ [ [ 105.814121827835663, 21.056905389712394 ], [ 105.813659248870692, 21.058759725598293 ], [ 105.811711818753068, 21.05936613455011 ], [ 105.81022697452967, 21.058118193672808 ], [ 105.810689582477679, 21.056263842112763 ], [ 105.812637005666701, 21.055657447103766 ], [ 105.814121827835663, 21.056905389712394 ] ] ] } },
{ "type": "Feature", "properties": { "h3_id": "89415ca6407ffff", "h3_resolution": 9, "h3_parent_res8": "88415ca641fffff", "centroid_lat": 21.056870218997418, "centroid_lon": 105.80874213034976, "legacy_district": "Cầu Giấy" }, "geometry": { "type": "Polygon", "coordinates": [ [ [ 105.810689582477679, 21.056263842112763 ], [ 105.81022697452967, 21.058118193672808 ], [ 105.808279504467279, 21.058724568463717 ], [ 105.8067946492868, 21.0574765777551 ], [ 105.807257286215375, 21.05562221052649 ], [ 105.809204749344531, 21.055015849674653 ], [ 105.810689582477679, 21.056263842112763 ] ] ] } },
{ "type": "Feature", "properties": { "h3_id": "89415ca640bffff", "h3_resolution": 9, "h3_parent_res8": "88415ca641fffff", "centroid_lat": 21.060614041626835, "centroid_lon": 105.81319666301802, "legacy_district": "Tây Hồ" }, "geometry": { "type": "Polygon", "coordinates": [ [ [ 105.815144082126551, 21.060007616640664 ], [ 105.81468150732249, 21.061861914900419 ], [ 105.812734070277529, 21.062468337794073 ], [ 105.811249214964633, 21.061220448485727 ], [ 105.811711818753068, 21.05936613455011 ], [ 105.813659248870692, 21.058759725598293 ], [ 105.815144082126551, 21.060007616640664 ] ] ] } },
{ "type": "Feature", "properties": { "h3_id": "89415ca640fffff", "h3_resolution": 9, "h3_parent_res8": "88415ca641fffff", "centroid_lat": 21.059972525374768, "centroid_lon": 105.8097643596939, "legacy_district": "Tây Hồ" }, "geometry": { "type": "Polygon", "coordinates": [ [ [ 105.811711818753068, 21.05936613455011 ], [ 105.811249214964633, 21.061220448485727 ], [ 105.809301737970273, 21.061826837214717 ], [ 105.807816871696971, 21.060578898069593 ], [ 105.808279504467279, 21.058724568463717 ], [ 105.81022697452967, 21.058118193672808 ], [ 105.811711818753068, 21.05936613455011 ] ] ] } },
{ "type": "Feature", "properties": { "h3_id": "89415ca6413ffff", "h3_resolution": 9, "h3_parent_res8": "88415ca641fffff", "centroid_lat": 21.055051033973054, "centroid_lon": 105.81458439991299, "legacy_district": "Tây Hồ" }, "geometry": { "type": "Polygon", "coordinates": [ [ [ 105.816531765212659, 21.054444602723301 ], [ 105.81606921107155, 21.056298960548176 ], [ 105.814121827835663, 21.056905389712394 ], [ 105.812637005666701, 21.055657447103766 ], [ 105.813099588792099, 21.053803073600871 ], [ 105.815046965102795, 21.053196658384223 ], [ 105.816531765212659, 21.054444602723301 ] ] ] } },
{ "type": "Feature", "properties": { "h3_id": "89415ca6417ffff", "h3_resolution": 9, "h3_parent_res8": "88415ca641fffff", "centroid_lat": 21.054409470698566, "centroid_lon": 105.81115218353806, "legacy_district": "Tây Hồ" }, "geometry": { "type": "Polygon", "coordinates": [ [ [ 105.813099588792099, 21.053803073600871 ], [ 105.812637005666701, 21.055657447103766 ], [ 105.810689582477679, 21.056263842112763 ], [ 105.809204749344531, 21.055015849674653 ], [ 105.809667361451659, 21.053161460499332 ], [ 105.811614777710844, 21.05255507943415 ], [ 105.813099588792099, 21.053803073600871 ] ] ] } },
{ "type": "Feature", "properties": { "h3_id": "89415ca641bffff", "h3_resolution": 9, "h3_parent_res8": "88415ca641fffff", "centroid_lat": 21.05815329852194, "centroid_lon": 105.81560665004287, "legacy_district": "Tây Hồ" }, "geometry": { "type": "Polygon", "coordinates": [ [ [ 105.817554022265782, 21.057546853323693 ], [ 105.817091472286393, 21.059401173529871 ], [ 105.815144082126551, 21.060007616640664 ], [ 105.813659248870692, 21.058759725598293 ], [ 105.814121827835663, 21.056905389712394 ], [ 105.81606921107155, 21.056298960548176 ], [ 105.817554022265782, 21.057546853323693 ] ] ] } },
{ "type": "Feature", "properties": { "h3_id": "89415ca6423ffff", "h3_resolution": 9, "h3_parent_res8": "88415ca643fffff", "centroid_lat": 21.058689240878909, "centroid_lon": 105.80289960037118, "legacy_district": "Tây Hồ" }, "geometry": { "type": "Polygon", "coordinates": [ [ [ 105.804847139292661, 21.058082918383139 ], [ 105.80438447754301, 21.059937263653715 ], [ 105.802436920688834, 21.060543584047526 ], [ 105.80095203252624, 21.05929554523977 ], [ 105.801414723252734, 21.057441184310075 ], [ 105.803362273165618, 21.056834877846846 ], [ 105.804847139292661, 21.058082918383139 ] ] ] } },
{ "type": "Feature", "properties": { "h3_id": "89415ca6427ffff", "h3_resolution": 9, "h3_parent_res8": "88415ca643fffff", "centroid_lat": 21.058047472638492, "centroid_lon": 105.79946714441961, "legacy_district": "Tây Hồ" }, "geometry": { "type": "Polygon", "coordinates": [ [ [ 105.801414723252734, 21.057441184310075 ], [ 105.80095203252624, 21.05929554523977 ], [ 105.799004435761674, 21.059901831463062 ], [ 105.79751953667018, 21.058653742829442 ], [ 105.797982256370986, 21.056799366246231 ], [ 105.799929846189613, 21.056193093949755 ], [ 105.801414723252734, 21.057441184310075 ] ] ] } },
{ "type": "Feature", "properties": { "h3_id": "89415ca642bffff", "h3_resolution": 9, "h3_parent_res8": "88415ca643fffff", "centroid_lat": 21.061791589059233, "centroid_lon": 105.80392180890541, "legacy_district": "Tây Hồ" }, "geometry": { "type": "Polygon", "coordinates": [ [ [ 105.805869354766202, 21.061185252631969 ], [ 105.805406697173979, 21.063039560272379 ], [ 105.803459133379789, 21.063645894595766 ], [ 105.801974234118489, 21.06239790734875 ], [ 105.802436920688834, 21.060543584047526 ], [ 105.80438447754301, 21.059937263653715 ], [ 105.805869354766202, 21.061185252631969 ] ] ] } },
{ "type": "Feature", "properties": { "h3_id": "89415ca642fffff", "h3_resolution": 9, "h3_parent_res8": "88415ca643fffff", "centroid_lat": 21.061149886303667, "centroid_lon": 105.80048933491177, "legacy_district": "Tây Hồ" }, "geometry": { "type": "Polygon", "coordinates": [ [ [ 105.802436920688834, 21.060543584047526 ], [ 105.801974234118489, 21.06239790734875 ], [ 105.800026630409249, 21.063004207497869 ], [ 105.798541720215695, 21.061756170419535 ], [ 105.799004435761674, 21.059901831463062 ], [ 105.80095203252624, 21.05929554523977 ], [ 105.802436920688834, 21.060543584047526 ] ] ] } },
{ "type": "Feature", "properties": { "h3_id": "89415ca6433ffff", "h3_resolution": 9, "h3_parent_res8": "88415ca643fffff", "centroid_lat": 21.05622855325143, "centroid_lon": 105.80530979415445, "legacy_district": "Tây Hồ" }, "geometry": { "type": "Polygon", "coordinates": [ [ [ 105.807257286215375, 21.05562221052649 ], [ 105.8067946492868, 21.0574765777551 ], [ 105.804847139292661, 21.058082918383139 ], [ 105.803362273165618, 21.056834877846846 ], [ 105.803824939072229, 21.054980494955267 ], [ 105.8057724421285, 21.054374168262537 ], [ 105.807257286215375, 21.05562221052649 ] ] ] } },
{ "type": "Feature", "properties": { "h3_id": "89415ca6437ffff", "h3_resolution": 9, "h3_parent_res8": "88415ca643fffff", "centroid_lat": 21.055586803518555, "centroid_lon": 105.80187740709133, "legacy_district": "Tây Hồ" }, "geometry": { "type": "Polygon", "coordinates": [ [ [ 105.803824939072229, 21.054980494955267 ], [ 105.803362273165618, 21.056834877846846 ], [ 105.801414723252734, 21.057441184310075 ], [ 105.799929846189613, 21.056193093949755 ], [ 105.800392541071744, 21.054338695400769 ], [ 105.802340084042129, 21.053732402869098 ], [ 105.803824939072229, 21.054980494955267 ] ] ] } },
{ "type": "Feature", "properties": { "h3_id": "89415ca643bffff", "h3_resolution": 9, "h3_parent_res8": "88415ca643fffff", "centroid_lat": 21.0593309251249, "centroid_lon": 105.80633200547045, "legacy_district": "Tây Hồ" }, "geometry": { "type": "Polygon", "coordinates": [ [ [ 105.808279504467279, 21.058724568463717 ], [ 105.807816871696971, 21.060578898069593 ], [ 105.805869354766202, 21.061185252631969 ], [ 105.80438447754301, 21.059937263653715 ], [ 105.804847139292661, 21.058082918383139 ], [ 105.8067946492868, 21.0574765777551 ], [ 105.808279504467279, 21.058724568463717 ] ] ] } },
{ "type": "Feature", "properties": { "h3_id": "89415ca6443ffff", "h3_resolution": 9, "h3_parent_res8": "88415ca645fffff", "centroid_lat": 21.064357560028117, "centroid_lon": 105.81765119604201, "legacy_district": "Tây Hồ" }, "geometry": { "type": "Polygon", "coordinates": [ [ [ 105.819598582107631, 21.063751086935884 ], [ 105.819136040453088, 21.065605331877194 ], [ 105.817188636449117, 21.066211802878158 ], [ 105.815703781021753, 21.064964014992807 ], [ 105.816166351664478, 21.063109754368355 ], [ 105.81811374874701, 21.062503297311981 ], [ 105.819598582107631, 21.063751086935884 ] ] ] } },
{ "type": "Feature", "properties": { "h3_id": "89415ca6447ffff", "h3_resolution": 9, "h3_parent_res8": "88415ca645fffff", "centroid_lat": 21.063716193297275, "centroid_lon": 105.81421892563057, "legacy_district": "Tây Hồ" }, "geometry": { "type": "Polygon", "coordinates": [ [ [ 105.816166351664478, 21.063109754368355 ], [ 105.815703781021753, 21.064964014992807 ], [ 105.813756337050719, 21.065570451827305 ], [ 105.812271470649137, 21.064322614096096 ], [ 105.812734070277529, 21.062468337794073 ], [ 105.81468150732249, 21.061861914900419 ], [ 105.816166351664478, 21.063109754368355 ] ] ] } },
{ "type": "Feature", "properties": { "h3_id": "89415ca644bffff", "h3_resolution": 9, "h3_parent_res8": "88415ca645fffff", "centroid_lat": 21.067459556950784, "centroid_lon": 105.81867349191063, "legacy_district": "Tây Hồ" }, "geometry": { "type": "Polygon", "coordinates": [ [ [ 105.820620884895732, 21.066853069913041 ], [ 105.82015834740433, 21.068707277208176 ], [ 105.818210936480156, 21.069313762152738 ], [ 105.816726069968226, 21.068066025858155 ], [ 105.817188636449117, 21.066211802878158 ], [ 105.819136040453088, 21.065605331877194 ], [ 105.820620884895732, 21.066853069913041 ] ] ] } },
{ "type": "Feature", "properties": { "h3_id": "89415ca644fffff", "h3_resolution": 9, "h3_parent_res8": "88415ca645fffff", "centroid_lat": 21.066818255748828, "centroid_lon": 105.81524120349108, "legacy_district": "Tây Hồ" }, "geometry": { "type": "Polygon", "coordinates": [ [ [ 105.817188636449117, 21.066211802878158 ], [ 105.816726069968226, 21.068066025858155 ], [ 105.814778619072342, 21.068672476632496 ], [ 105.813293741582839, 21.067424690486579 ], [ 105.813756337050719, 21.065570451827305 ], [ 105.815703781021753, 21.064964014992807 ], [ 105.817188636449117, 21.066211802878158 ] ] ] } },
{ "type": "Feature", "properties": { "h3_id": "89415ca6453ffff", "h3_resolution": 9, "h3_parent_res8": "88415ca645fffff", "centroid_lat": 21.061896822130791, "centroid_lon": 105.82006111687433, "legacy_district": "Tây Hồ" }, "geometry": { "type": "Polygon", "coordinates": [ [ [ 105.822008456042539, 21.061290328827436 ], [ 105.821545939214744, 21.06314459571874 ], [ 105.819598582107631, 21.063751086935884 ], [ 105.81811374874701, 21.062503297311981 ], [ 105.81857629456421, 21.060649014733663 ], [ 105.82052364475328, 21.060042537465854 ], [ 105.822008456042539, 21.061290328827436 ] ] ] } },
{ "type": "Feature", "properties": { "h3_id": "89415ca6457ffff", "h3_resolution": 9, "h3_parent_res8": "88415ca645fffff", "centroid_lat": 21.061255473879402, "centroid_lon": 105.81662891541933, "legacy_district": "Tây Hồ" }, "geometry": { "type": "Polygon", "coordinates": [ [ [ 105.81857629456421, 21.060649014733663 ], [ 105.81811374874701, 21.062503297311981 ], [ 105.816166351664478, 21.063109754368355 ], [ 105.81468150732249, 21.061861914900419 ], [ 105.815144082126551, 21.060007616640664 ], [ 105.817091472286393, 21.059401173529871 ], [ 105.81857629456421, 21.060649014733663 ] ] ] } },
{ "type": "Feature", "properties": { "h3_id": "89415ca645bffff", "h3_resolution": 9, "h3_parent_res8": "88415ca645fffff", "centroid_lat": 21.064998842748579, "centroid_lon": 105.82108341549917, "legacy_district": "Tây Hồ" }, "geometry": { "type": "Polygon", "coordinates": [ [ [ 105.823030761583468, 21.064392335494972 ], [ 105.822568248919637, 21.066246564747551 ], [ 105.820620884895732, 21.066853069913041 ], [ 105.819136040453088, 21.065605331877194 ], [ 105.819598582107631, 21.063751086935884 ], [ 105.821545939214744, 21.06314459571874 ], [ 105.823030761583468, 21.064392335494972 ] ] ] } },
{ "type": "Feature", "properties": { "h3_id": "89415ca6463ffff", "h3_resolution": 9, "h3_parent_res8": "88415ca647fffff", "centroid_lat": 21.065535401292848, "centroid_lon": 105.8083764738591, "legacy_district": "Tây Hồ" }, "geometry": { "type": "Polygon", "coordinates": [ [ [ 105.810323986724029, 21.064929016762168 ], [ 105.809861362271675, 21.06678327109514 ], [ 105.807913831471396, 21.067389653523186 ], [ 105.806428932058239, 21.066141767685512 ], [ 105.806891585492536, 21.064287497684418 ], [ 105.808839109358701, 21.063681129188716 ], [ 105.810323986724029, 21.064929016762168 ] ] ] } },
{ "type": "Feature", "properties": { "h3_id": "89415ca6467ffff", "h3_resolution": 9, "h3_parent_res8": "88415ca647fffff", "centroid_lat": 21.064893848042196, "centroid_lon": 105.8049440326937, "legacy_district": "Tây Hồ" }, "geometry": { "type": "Polygon", "coordinates": [ [ [ 105.806891585492536, 21.064287497684418 ], [ 105.806428932058239, 21.066141767685512 ], [ 105.804481361325259, 21.066748115937486 ], [ 105.802996450966006, 21.065500180259381 ], [ 105.803459133379789, 21.063645894595766 ], [ 105.805406697173979, 21.063039560272379 ], [ 105.806891585492536, 21.064287497684418 ] ] ] } },
{ "type": "Feature", "properties": { "h3_id": "89415ca646bffff", "h3_resolution": 9, "h3_parent_res8": "88415ca647fffff", "centroid_lat": 21.068637505552697, "centroid_lon": 105.80939873093116, "legacy_district": "Tây Hồ" }, "geometry": { "type": "Polygon", "coordinates": [ [ [ 105.811346250728235, 21.06803110708875 ], [ 105.810883630435583, 21.069885323771526 ], [ 105.80893609270241, 21.070491720130931 ], [ 105.807451182195436, 21.069243885875789 ], [ 105.807913831471396, 21.067389653523186 ], [ 105.809861362271675, 21.06678327109514 ], [ 105.811346250728235, 21.06803110708875 ] ] ] } },
{ "type": "Feature", "properties": { "h3_id": "89415ca646fffff", "h3_resolution": 9, "h3_parent_res8": "88415ca647fffff", "centroid_lat": 21.067996017810469, "centroid_lon": 105.80596627173573, "legacy_district": "Tây Hồ" }, "geometry": { "type": "Polygon", "coordinates": [ [ [ 105.807913831471396, 21.067389653523186 ], [ 105.807451182195436, 21.069243885875789 ], [ 105.805503604524944, 21.069850248055371 ], [ 105.804018683068549, 21.068602363954337 ], [ 105.804481361325259, 21.066748115937486 ], [ 105.806428932058239, 21.066141767685512 ], [ 105.807913831471396, 21.067389653523186 ] ] ] } },
{ "type": "Feature", "properties": { "h3_id": "89415ca6473ffff", "h3_resolution": 9, "h3_parent_res8": "88415ca647fffff", "centroid_lat": 21.063074742557717, "centroid_lon": 105.81078660428831, "legacy_district": "Tây Hồ" }, "geometry": { "type": "Polygon", "coordinates": [ [ [ 105.812734070277529, 21.062468337794073 ], [ 105.812271470649137, 21.064322614096096 ], [ 105.810323986724029, 21.064929016762168 ], [ 105.808839109358701, 21.063681129188716 ], [ 105.809301737970273, 21.061826837214717 ], [ 105.811249214964633, 21.061220448485727 ], [ 105.812734070277529, 21.062468337794073 ] ] ] } },
{ "type": "Feature", "properties": { "h3_id": "89415ca6477ffff", "h3_resolution": 9, "h3_parent_res8": "88415ca647fffff", "centroid_lat": 21.062433207811146, "centroid_lon": 105.80735423203876, "legacy_district": "Tây Hồ" }, "geometry": { "type": "Polygon", "coordinates": [ [ [ 105.809301737970273, 21.061826837214717 ], [ 105.808839109358701, 21.063681129188716 ], [ 105.806891585492536, 21.064287497684418 ], [ 105.805406697173979, 21.063039560272379 ], [ 105.805869354766202, 21.061185252631969 ], [ 105.807816871696971, 21.060578898069593 ], [ 105.809301737970273, 21.061826837214717 ] ] ] } },
{ "type": "Feature", "properties": { "h3_id": "89415ca647bffff", "h3_resolution": 9, "h3_parent_res8": "88415ca647fffff", "centroid_lat": 21.066176870528967, "centroid_lon": 105.81180886413273, "legacy_district": "Tây Hồ" }, "geometry": { "type": "Polygon", "coordinates": [ [ [ 105.813756337050719, 21.065570451827305 ], [ 105.813293741582839, 21.067424690486579 ], [ 105.811346250728235, 21.06803110708875 ], [ 105.809861362271675, 21.06678327109514 ], [ 105.810323986724029, 21.064929016762168 ], [ 105.812271470649137, 21.064322614096096 ], [ 105.813756337050719, 21.065570451827305 ] ] ] } },
{ "type": "Feature", "properties": { "h3_id": "89415ca6483ffff", "h3_resolution": 9, "h3_parent_res8": "88415ca649fffff", "centroid_lat": 21.049487847673745, "centroid_lon": 105.81597207482018, "legacy_district": "Tây Hồ" }, "geometry": { "type": "Polygon", "coordinates": [ [ [ 105.817919386311587, 21.048881410181316 ], [ 105.817456852832578, 21.050735827535945 ], [ 105.815509523405169, 21.051342262949809 ], [ 105.814024734380425, 21.050094267055332 ], [ 105.814487296843581, 21.048239834020531 ], [ 105.816434619347959, 21.047633412559971 ], [ 105.817919386311587, 21.048881410181316 ] ] ] } },
{ "type": "Feature", "properties": { "h3_id": "89415ca6487ffff", "h3_resolution": 9, "h3_parent_res8": "88415ca649fffff", "centroid_lat": 21.048846237370345, "centroid_lon": 105.81253994539411, "legacy_district": "Tây Hồ" }, "geometry": { "type": "Polygon", "coordinates": [ [ [ 105.814487296843581, 21.048239834020531 ], [ 105.814024734380425, 21.050094267055332 ], [ 105.812077364996156, 21.050700668323422 ], [ 105.810592565003404, 21.049452622606761 ], [ 105.811055156448191, 21.047598173897384 ], [ 105.813002518904767, 21.046991786578836 ], [ 105.814487296843581, 21.048239834020531 ] ] ] } },
{ "type": "Feature", "properties": { "h3_id": "89415ca648bffff", "h3_resolution": 9, "h3_parent_res8": "88415ca649fffff", "centroid_lat": 21.052590225051247, "centroid_lon": 105.81699431246631, "legacy_district": "Tây Hồ" }, "geometry": { "type": "Polygon", "coordinates": [ [ [ 105.818941630878797, 21.051983773604601 ], [ 105.818479101561891, 21.053838153357134 ], [ 105.816531765212659, 21.054444602723301 ], [ 105.815046965102795, 21.053196658384223 ], [ 105.815509523405169, 21.051342262949809 ], [ 105.817456852832578, 21.050735827535945 ], [ 105.818941630878797, 21.051983773604601 ] ] ] } },
{ "type": "Feature", "properties": { "h3_id": "89415ca648fffff", "h3_resolution": 9, "h3_parent_res8": "88415ca649fffff", "centroid_lat": 21.051948680250085, "centroid_lon": 105.81356216502996, "legacy_district": "Tây Hồ" }, "geometry": { "type": "Polygon", "coordinates": [ [ [ 105.815509523405169, 21.051342262949809 ], [ 105.815046965102795, 21.053196658384223 ], [ 105.813099588792099, 21.053803073600871 ], [ 105.811614777710844, 21.05255507943415 ], [ 105.812077364996156, 21.050700668323422 ], [ 105.814024734380425, 21.050094267055332 ], [ 105.815509523405169, 21.051342262949809 ] ] ] } },
{ "type": "Feature", "properties": { "h3_id": "89415ca6493ffff", "h3_resolution": 9, "h3_parent_res8": "88415ca649fffff", "centroid_lat": 21.047026972991311, "centroid_lon": 105.81838191290338, "legacy_district": "Tây Hồ" }, "geometry": { "type": "Polygon", "coordinates": [ [ [ 105.820329177506011, 21.046420515317184 ], [ 105.819866668850764, 21.048274954580695 ], [ 105.817919386311587, 21.048881410181316 ], [ 105.816434619347959, 21.047633412559971 ], [ 105.816897156988574, 21.045778957612416 ], [ 105.818844432608103, 21.045172515969846 ], [ 105.820329177506011, 21.046420515317184 ] ] ] } },
{ "type": "Feature", "properties": { "h3_id": "89415ca6497ffff", "h3_resolution": 9, "h3_parent_res8": "88415ca649fffff", "centroid_lat": 21.04638538114963, "centroid_lon": 105.8149498524195, "legacy_district": "Tây Hồ" }, "geometry": { "type": "Polygon", "coordinates": [ [ [ 105.816897156988574, 21.045778957612416 ], [ 105.816434619347959, 21.047633412559971 ], [ 105.814487296843581, 21.048239834020531 ], [ 105.813002518904767, 21.046991786578836 ], [ 105.813465085528222, 21.045137315952811 ], [ 105.815412401108318, 21.044530908446553 ], [ 105.816897156988574, 21.045778957612416 ] ] ] } },
{ "type": "Feature", "properties": { "h3_id": "89415ca649bffff", "h3_resolution": 9, "h3_parent_res8": "88415ca649fffff", "centroid_lat": 21.050129374011142, "centroid_lon": 105.81940415330838, "legacy_district": "Tây Hồ" }, "geometry": { "type": "Polygon", "coordinates": [ [ [ 105.821351424828691, 21.049522902378055 ], [ 105.820888920336373, 21.05137730404692 ], [ 105.818941630878797, 21.051983773604601 ], [ 105.817456852832578, 21.050735827535945 ], [ 105.817919386311587, 21.048881410181316 ], [ 105.819866668850764, 21.048274954580695 ], [ 105.821351424828691, 21.049522902378055 ] ] ] } },
{ "type": "Feature", "properties": { "h3_id": "89415ca64a3ffff", "h3_resolution": 9, "h3_parent_res8": "88415ca64bfffff", "centroid_lat": 21.050665338728859, "centroid_lon": 105.80669771741367, "legacy_district": "Cầu Giấy" }, "geometry": { "type": "Polygon", "coordinates": [ [ [ 105.808645155675293, 21.050058989727148 ], [ 105.808182539409529, 21.051913416508587 ], [ 105.806235083214872, 21.052519763420367 ], [ 105.804750250222355, 21.051271669609246 ], [ 105.805212895466056, 21.049417227162671 ], [ 105.807160344724977, 21.048810894191938 ], [ 105.808645155675293, 21.050058989727148 ] ] ] } },
{ "type": "Feature", "properties": { "h3_id": "89415ca64a7ffff", "h3_resolution": 9, "h3_parent_res8": "88415ca64bfffff", "centroid_lat": 21.050023542012173, "centroid_lon": 105.80326541728071, "legacy_district": "Cầu Giấy" }, "geometry": { "type": "Polygon", "coordinates": [ [ [ 105.805212895466056, 21.049417227162671 ], [ 105.804750250222355, 21.051271669609246 ], [ 105.802802754105215, 21.051877982365671 ], [ 105.801317910172827, 21.050629838737805 ], [ 105.801780584391949, 21.048775380631682 ], [ 105.803728073568692, 21.048169081812549 ], [ 105.805212895466056, 21.049417227162671 ] ] ] } },
{ "type": "Feature", "properties": { "h3_id": "89415ca64abffff", "h3_resolution": 9, "h3_parent_res8": "88415ca64bfffff", "centroid_lat": 21.053767823443014, "centroid_lon": 105.80771991625625, "legacy_district": "Cầu Giấy" }, "geometry": { "type": "Polygon", "coordinates": [ [ [ 105.809667361451659, 21.053161460499332 ], [ 105.809204749344531, 21.055015849674653 ], [ 105.807257286215375, 21.05562221052649 ], [ 105.8057724421285, 21.054374168262537 ], [ 105.806235083214872, 21.052519763420367 ], [ 105.808182539409529, 21.051913416508587 ], [ 105.809667361451659, 21.053161460499332 ] ] ] } },
{ "type": "Feature", "properties": { "h3_id": "89415ca64afffff", "h3_resolution": 9, "h3_parent_res8": "88415ca64bfffff", "centroid_lat": 21.053126092208082, "centroid_lon": 105.80428759809111, "legacy_district": "Tây Hồ" }, "geometry": { "type": "Polygon", "coordinates": [ [ [ 105.806235083214872, 21.052519763420367 ], [ 105.8057724421285, 21.054374168262537 ], [ 105.803824939072229, 21.054980494955267 ], [ 105.802340084042129, 21.053732402869098 ], [ 105.802802754105215, 21.051877982365671 ], [ 105.804750250222355, 21.051271669609246 ], [ 105.806235083214872, 21.052519763420367 ] ] ] } },
{ "type": "Feature", "properties": { "h3_id": "89415ca64b3ffff", "h3_resolution": 9, "h3_parent_res8": "88415ca64bfffff", "centroid_lat": 21.048204543102631, "centroid_lon": 105.80910776505364, "legacy_district": "Tây Hồ" }, "geometry": { "type": "Polygon", "coordinates": [ [ [ 105.811055156448191, 21.047598173897384 ], [ 105.810592565003404, 21.049452622606761 ], [ 105.808645155675293, 21.050058989727148 ], [ 105.807160344724977, 21.048810894191938 ], [ 105.807622965148923, 21.046956429813555 ], [ 105.80957036754468, 21.046350076638962 ], [ 105.811055156448191, 21.047598173897384 ] ] ] } },
{ "type": "Feature", "properties": { "h3_id": "89415ca64b7ffff", "h3_resolution": 9, "h3_parent_res8": "88415ca64bfffff", "centroid_lat": 21.047562764872293, "centroid_lon": 105.80567553382231, "legacy_district": "Cầu Giấy" }, "geometry": { "type": "Polygon", "coordinates": [ [ [ 105.807622965148923, 21.046956429813555 ], [ 105.807160344724977, 21.048810894191938 ], [ 105.805212895466056, 21.049417227162671 ], [ 105.803728073568692, 21.048169081812549 ], [ 105.804190722969253, 21.046314601770739 ], [ 105.806138165291202, 21.045708282742048 ], [ 105.807622965148923, 21.046956429813555 ] ] ] } },
{ "type": "Feature", "properties": { "h3_id": "89415ca64bbffff", "h3_resolution": 9, "h3_parent_res8": "88415ca64bfffff", "centroid_lat": 21.051307051475394, "centroid_lon": 105.81012996667125, "legacy_district": "Tây Hồ" }, "geometry": { "type": "Polygon", "coordinates": [ [ [ 105.812077364996156, 21.050700668323422 ], [ 105.811614777710844, 21.05255507943415 ], [ 105.809667361451659, 21.053161460499332 ], [ 105.808182539409529, 21.051913416508587 ], [ 105.808645155675293, 21.050058989727148 ], [ 105.810592565003404, 21.049452622606761 ], [ 105.812077364996156, 21.050700668323422 ] ] ] } },
{ "type": "Feature", "properties": { "h3_id": "89415ca64c3ffff", "h3_resolution": 9, "h3_parent_res8": "88415ca64dfffff", "centroid_lat": 21.056333908572125, "centroid_lon": 105.82144867984833, "legacy_district": "Tây Hồ" }, "geometry": { "type": "Polygon", "coordinates": [ [ [ 105.823395965200262, 21.05572740902408 ], [ 105.82293346903522, 21.057581735476184 ], [ 105.820986165744586, 21.058188232944978 ], [ 105.819501365535544, 21.056940390006208 ], [ 105.819963890689891, 21.055086047864933 ], [ 105.821911187064629, 21.05447956435119 ], [ 105.823395965200262, 21.05572740902408 ] ] ] } },
{ "type": "Feature", "properties": { "h3_id": "89415ca64c7ffff", "h3_resolution": 9, "h3_parent_res8": "88415ca64dfffff", "centroid_lat": 21.055692513264809, "centroid_lon": 105.8180165653576, "legacy_district": "Tây Hồ" }, "geometry": { "type": "Polygon", "coordinates": [ [ [ 105.819963890689891, 21.055086047864933 ], [ 105.819501365535544, 21.056940390006208 ], [ 105.817554022265782, 21.057546853323693 ], [ 105.81606921107155, 21.056298960548176 ], [ 105.816531765212659, 21.054444602723301 ], [ 105.818479101561891, 21.053838153357134 ], [ 105.819963890689891, 21.055086047864933 ] ] ] } },
{ "type": "Feature", "properties": { "h3_id": "89415ca64cbffff", "h3_resolution": 9, "h3_parent_res8": "88415ca64dfffff", "centroid_lat": 21.059436042078605, "centroid_lon": 105.82247096598266, "legacy_district": "Tây Hồ" }, "geometry": { "type": "Polygon", "coordinates": [ [ [ 105.824418258248542, 21.058829528574577 ], [ 105.823955766247835, 21.060683817404559 ], [ 105.822008456042539, 21.061290328827436 ], [ 105.82052364475328, 21.060042537465854 ], [ 105.820986165744586, 21.058188232944978 ], [ 105.82293346903522, 21.057581735476184 ], [ 105.824418258248542, 21.058829528574577 ] ] ] } },
{ "type": "Feature", "properties": { "h3_id": "89415ca64cfffff", "h3_resolution": 9, "h3_parent_res8": "88415ca64dfffff", "centroid_lat": 21.058794712297104, "centroid_lon": 105.81903883349369, "legacy_district": "Tây Hồ" }, "geometry": { "type": "Polygon", "coordinates": [ [ [ 105.820986165744586, 21.058188232944978 ], [ 105.82052364475328, 21.060042537465854 ], [ 105.81857629456421, 21.060649014733663 ], [ 105.817091472286393, 21.059401173529871 ], [ 105.817554022265782, 21.057546853323693 ], [ 105.819501365535544, 21.056940390006208 ], [ 105.820986165744586, 21.058188232944978 ] ] ] } },
{ "type": "Feature", "properties": { "h3_id": "89415ca64d3ffff", "h3_resolution": 9, "h3_parent_res8": "88415ca64dfffff", "centroid_lat": 21.05387306272624, "centroid_lon": 105.82385845447793, "legacy_district": "Tây Hồ" }, "geometry": { "type": "Polygon", "coordinates": [ [ [ 105.82580569292594, 21.053266542992702 ], [ 105.825343221587502, 21.055120891364719 ], [ 105.823395965200262, 21.05572740902408 ], [ 105.821911187064629, 21.05447956435119 ], [ 105.822373687393551, 21.052625200286123 ], [ 105.82432093686829, 21.052018696586586 ], [ 105.82580569292594, 21.053266542992702 ] ] ] } },
{ "type": "Feature", "properties": { "h3_id": "89415ca64d7ffff", "h3_resolution": 9, "h3_parent_res8": "88415ca64dfffff", "centroid_lat": 21.05323168587719, "centroid_lon": 105.82042640895681, "legacy_district": "Tây Hồ" }, "geometry": { "type": "Polygon", "coordinates": [ [ [ 105.822373687393551, 21.052625200286123 ], [ 105.821911187064629, 21.05447956435119 ], [ 105.819963890689891, 21.055086047864933 ], [ 105.818479101561891, 21.053838153357134 ], [ 105.818941630878797, 21.051983773604601 ], [ 105.820888920336373, 21.05137730404692 ], [ 105.822373687393551, 21.052625200286123 ] ] ] } },
{ "type": "Feature", "properties": { "h3_id": "89415ca64dbffff", "h3_resolution": 9, "h3_parent_res8": "88415ca64dfffff", "centroid_lat": 21.056975219893317, "centroid_lon": 105.82488074336173, "legacy_district": "Tây Hồ" }, "geometry": { "type": "Polygon", "coordinates": [ [ [ 105.826827988720297, 21.056368686199061 ], [ 105.826365521547032, 21.058222996956406 ], [ 105.824418258248542, 21.058829528574577 ], [ 105.82293346903522, 21.057581735476184 ], [ 105.823395965200262, 21.05572740902408 ], [ 105.825343221587502, 21.055120891364719 ], [ 105.826827988720297, 21.056368686199061 ] ] ] } },
{ "type": "Feature", "properties": { "h3_id": "89415ca6513ffff", "h3_resolution": 9, "h3_parent_res8": "88415ca651fffff", "centroid_lat": 21.050558327508561, "centroid_lon": 105.79055781706715, "legacy_district": "Cầu Giấy" }, "geometry": { "type": "Polygon", "coordinates": [ [ [ 105.792505461774226, 21.049952135364109 ], [ 105.792042704796032, 21.051806602817845 ], [ 105.790095042161411, 21.052412792854689 ], [ 105.788610143463373, 21.051164501516105 ], [ 105.789072929408249, 21.049310018423448 ], [ 105.791020585085136, 21.04870384230788 ], [ 105.792505461774226, 21.049952135364109 ] ] ] } },
{ "type": "Feature", "properties": { "h3_id": "89415ca6517ffff", "h3_resolution": 9, "h3_parent_res8": "88415ca651fffff", "centroid_lat": 21.04991617640221, "centroid_lon": 105.78712524483787, "legacy_district": "Cầu Giấy" }, "geometry": { "type": "Polygon", "coordinates": [ [ [ 105.789072929408249, 21.049310018423448 ], [ 105.788610143463373, 21.051164501516105 ], [ 105.78666244096668, 21.051770657384125 ], [ 105.785177531377911, 21.050522316241544 ], [ 105.785640346286939, 21.048667817515533 ], [ 105.787588041821252, 21.048061675565037 ], [ 105.789072929408249, 21.049310018423448 ] ] ] } },
{ "type": "Feature", "properties": { "h3_id": "89415ca6583ffff", "h3_resolution": 9, "h3_parent_res8": "88415ca659fffff", "centroid_lat": 21.044994812358649, "centroid_lon": 105.79194610045816, "legacy_district": "Cầu Giấy" }, "geometry": { "type": "Polygon", "coordinates": [ [ [ 105.793893691382962, 21.044388613905369 ], [ 105.793430955067592, 21.046243140903936 ], [ 105.791483346215443, 21.046849337256596 ], [ 105.789998480634864, 21.045600992683255 ], [ 105.790461245916774, 21.043746450043596 ], [ 105.792408847813377, 21.043140267617947 ], [ 105.793893691382962, 21.044388613905369 ] ] ] } },
{ "type": "Feature", "properties": { "h3_id": "89415ca6587ffff", "h3_resolution": 9, "h3_parent_res8": "88415ca659fffff", "centroid_lat": 21.044352614340657, "centroid_lon": 105.78851361512496, "legacy_district": "Cầu Giấy" }, "geometry": { "type": "Polygon", "coordinates": [ [ [ 105.790461245916774, 21.043746450043596 ], [ 105.789998480634864, 21.045600992683255 ], [ 105.788050831916919, 21.046207154876551 ], [ 105.786565955441773, 21.044958760506507 ], [ 105.787028749687749, 21.043104202231348 ], [ 105.788976391445473, 21.042498053961317 ], [ 105.790461245916774, 21.043746450043596 ] ] ] } },
{ "type": "Feature", "properties": { "h3_id": "89415ca6593ffff", "h3_resolution": 9, "h3_parent_res8": "88415ca659fffff", "centroid_lat": 21.042534067066367, "centroid_lon": 105.79435642081089, "legacy_district": "Cầu Giấy" }, "geometry": { "type": "Polygon", "coordinates": [ [ [ 105.796303964905448, 21.041927848391488 ], [ 105.795841253405399, 21.043782397326051 ], [ 105.793893691382962, 21.044388613905369 ], [ 105.792408847813377, 21.043140267617947 ], [ 105.792871588281201, 21.041285703038444 ], [ 105.794819143351475, 21.040679500390887 ], [ 105.796303964905448, 21.041927848391488 ] ] ] } },
{ "type": "Feature", "properties": { "h3_id": "89415ca6597ffff", "h3_resolution": 9, "h3_parent_res8": "88415ca659fffff", "centroid_lat": 21.041891887562798, "centroid_lon": 105.79092400431122, "legacy_district": "Cầu Giấy" }, "geometry": { "type": "Polygon", "coordinates": [ [ [ 105.792871588281201, 21.041285703038444 ], [ 105.792408847813377, 21.043140267617947 ], [ 105.790461245916774, 21.043746450043596 ], [ 105.788976391445473, 21.042498053961317 ], [ 105.789439160878558, 21.040643473742438 ], [ 105.791386755818337, 21.040037305244798 ], [ 105.792871588281201, 21.041285703038444 ] ] ] } },
{ "type": "Feature", "properties": { "h3_id": "89415ca659bffff", "h3_resolution": 9, "h3_parent_res8": "88415ca659fffff", "centroid_lat": 21.04563692642251, "centroid_lon": 105.795378535018, "legacy_district": "Cầu Giấy" }, "geometry": { "type": "Polygon", "coordinates": [ [ [ 105.797326086062768, 21.045030693814951 ], [ 105.796863378716509, 21.046885205166848 ], [ 105.794915809743131, 21.047491435676946 ], [ 105.793430955067592, 21.046243140903936 ], [ 105.793893691382962, 21.044388613905369 ], [ 105.795841253405399, 21.043782397326051 ], [ 105.797326086062768, 21.045030693814951 ] ] ] } },
{ "type": "Feature", "properties": { "h3_id": "89415ca65a7ffff", "h3_resolution": 9, "h3_parent_res8": "88415ca65bfffff", "centroid_lat": 21.045528613973815, "centroid_lon": 105.77923789381444, "legacy_district": "Cầu Giấy" }, "geometry": { "type": "Polygon", "coordinates": [ [ [ 105.781185651101396, 21.04492253824413 ], [ 105.780722803082568, 21.0467770901903 ], [ 105.778775027872484, 21.047383163804845 ], [ 105.777290107654792, 21.04613467156182 ], [ 105.777752984631448, 21.044280103995202 ], [ 105.779700752868621, 21.043674044291642 ], [ 105.781185651101396, 21.04492253824413 ] ] ] } },
{ "type": "Feature", "properties": { "h3_id": "89415ca65afffff", "h3_resolution": 9, "h3_parent_res8": "88415ca65bfffff", "centroid_lat": 21.048631622283708, "centroid_lon": 105.78025994817594, "legacy_district": "Cầu Giấy" }, "geometry": { "type": "Polygon", "coordinates": [ [ [ 105.782207712433845, 21.0480255326421 ], [ 105.781744868563166, 21.049880046995863 ], [ 105.77979708638145, 21.050486134520426 ], [ 105.778312155042698, 21.049237693780796 ], [ 105.778775027872484, 21.047383163804845 ], [ 105.780722803082568, 21.0467770901903 ], [ 105.782207712433845, 21.0480255326421 ] ] ] } },
{ "type": "Feature", "properties": { "h3_id": "89415ca65b3ffff", "h3_resolution": 9, "h3_parent_res8": "88415ca65bfffff", "centroid_lat": 21.043710332370253, "centroid_lon": 105.78508107904193, "legacy_district": "Cầu Giấy" }, "geometry": { "type": "Polygon", "coordinates": [ [ [ 105.787028749687749, 21.043104202231348 ], [ 105.786565955441773, 21.044958760506507 ], [ 105.784618266871064, 21.04556488853849 ], [ 105.783133379511852, 21.044316444375401 ], [ 105.78359620271938, 21.04246187047033 ], [ 105.785543884325222, 21.041855756357847 ], [ 105.787028749687749, 21.043104202231348 ] ] ] } },
{ "type": "Feature", "properties": { "h3_id": "89415ca65b7ffff", "h3_resolution": 9, "h3_parent_res8": "88415ca65bfffff", "centroid_lat": 21.04306796644914, "centroid_lon": 105.78164849223255, "legacy_district": "Cầu Giấy" }, "geometry": { "type": "Polygon", "coordinates": [ [ [ 105.78359620271938, 21.04246187047033 ], [ 105.783133379511852, 21.044316444375401 ], [ 105.781185651101396, 21.04492253824413 ], [ 105.779700752868621, 21.043674044291642 ], [ 105.78016360503517, 21.041819454762241 ], [ 105.782111326476112, 21.041213374809242 ], [ 105.78359620271938, 21.04246187047033 ] ] ] } },
{ "type": "Feature", "properties": { "h3_id": "89415ca65c3ffff", "h3_resolution": 9, "h3_parent_res8": "88415ca65dfffff", "centroid_lat": 21.051842377806889, "centroid_lon": 105.79742280920479, "legacy_district": "Tây Hồ" }, "geometry": { "type": "Polygon", "coordinates": [ [ [ 105.799370374146221, 21.051236117336916 ], [ 105.798907675108907, 21.053090553496048 ], [ 105.796960092237441, 21.053696811864715 ], [ 105.795475215352369, 21.052448620145054 ], [ 105.795937943361395, 21.050594168335838 ], [ 105.797885519284435, 21.049987923895966 ], [ 105.799370374146221, 21.051236117336916 ] ] ] } },
{ "type": "Feature", "properties": { "h3_id": "89415ca65d3ffff", "h3_resolution": 9, "h3_parent_res8": "88415ca65dfffff", "centroid_lat": 21.049381661327022, "centroid_lon": 105.7998330662959, "legacy_district": "Tây Hồ" }, "geometry": { "type": "Polygon", "coordinates": [ [ [ 105.801780584391949, 21.048775380631682 ], [ 105.801317910172827, 21.050629838737805 ], [ 105.799370374146221, 21.051236117336916 ], [ 105.797885519284435, 21.049987923895966 ], [ 105.798348222476477, 21.048133450135868 ], [ 105.800295751558025, 21.047527185470287 ], [ 105.801780584391949, 21.048775380631682 ] ] ] } },
{ "type": "Feature", "properties": { "h3_id": "89415ca65d7ffff", "h3_resolution": 9, "h3_parent_res8": "88415ca65dfffff", "centroid_lat": 21.048739696675124, "centroid_lon": 105.79640066448273, "legacy_district": "Cầu Giấy" }, "geometry": { "type": "Polygon", "coordinates": [ [ [ 105.798348222476477, 21.048133450135868 ], [ 105.797885519284435, 21.049987923895966 ], [ 105.795937943361395, 21.050594168335838 ], [ 105.794453077580712, 21.049345925085422 ], [ 105.794915809743131, 21.047491435676946 ], [ 105.796863378716509, 21.046885205166848 ], [ 105.798348222476477, 21.048133450135868 ] ] ] } },
{ "type": "Feature", "properties": { "h3_id": "89415ca65dbffff", "h3_resolution": 9, "h3_parent_res8": "88415ca65dfffff", "centroid_lat": 21.052484276995475, "centroid_lon": 105.80085522906613, "legacy_district": "Tây Hồ" }, "geometry": { "type": "Polygon", "coordinates": [ [ [ 105.802802754105215, 21.051877982365671 ], [ 105.802340084042129, 21.053732402869098 ], [ 105.800392541071744, 21.054338695400769 ], [ 105.798907675108907, 21.053090553496048 ], [ 105.799370374146221, 21.051236117336916 ], [ 105.801317910172827, 21.050629838737805 ], [ 105.802802754105215, 21.051877982365671 ] ] ] } },
{ "type": "Feature", "properties": { "h3_id": "89415ca6603ffff", "h3_resolution": 9, "h3_parent_res8": "88415ca661fffff", "centroid_lat": 21.079225613019901, "centroid_lon": 105.81933046740659, "legacy_district": "Tây Hồ" }, "geometry": { "type": "Polygon", "coordinates": [ [ [ 105.82127792804863, 21.078619104392111 ], [ 105.820815378219734, 21.08047317670276 ], [ 105.818867899636999, 21.08107968322658 ], [ 105.817382977803618, 21.079832103503442 ], [ 105.817845556624732, 21.077978015506677 ], [ 105.819793028287634, 21.077371522918742 ], [ 105.82127792804863, 21.078619104392111 ] ] ] } },
{ "type": "Feature", "properties": { "h3_id": "89415ca6607ffff", "h3_resolution": 9, "h3_parent_res8": "88415ca661fffff", "centroid_lat": 21.078584489950444, "centroid_lon": 105.81589805600417, "legacy_district": "Tây Hồ" }, "geometry": { "type": "Polygon", "coordinates": [ [ [ 105.817845556624732, 21.077978015506677 ], [ 105.817382977803618, 21.079832103503442 ], [ 105.815435459243602, 21.080438575840084 ], [ 105.813950526429807, 21.079190946247422 ], [ 105.81441313424061, 21.077336842570126 ], [ 105.816360645876159, 21.076730384165604 ], [ 105.817845556624732, 21.077978015506677 ] ] ] } },
{ "type": "Feature", "properties": { "h3_id": "89415ca660bffff", "h3_resolution": 9, "h3_parent_res8": "88415ca661fffff", "centroid_lat": 21.082327229117332, "centroid_lon": 105.82035282150227, "legacy_district": "Tây Hồ" }, "geometry": { "type": "Polygon", "coordinates": [ [ [ 105.82230028906217, 21.081720706552741 ], [ 105.821837743397481, 21.083574741173194 ], [ 105.819890257896134, 21.08418126163189 ], [ 105.818405324978755, 21.082933733534844 ], [ 105.818867899636999, 21.08107968322658 ], [ 105.820815378219734, 21.08047317670276 ], [ 105.82230028906217, 21.081720706552741 ] ] ] } },
{ "type": "Feature", "properties": { "h3_id": "89415ca660fffff", "h3_resolution": 9, "h3_parent_res8": "88415ca661fffff", "centroid_lat": 21.081686171603401, "centroid_lon": 105.81692039209392, "legacy_district": "Tây Hồ" }, "geometry": { "type": "Polygon", "coordinates": [ [ [ 105.818867899636999, 21.08107968322658 ], [ 105.818405324978755, 21.082933733534844 ], [ 105.816457799495495, 21.083540219802625 ], [ 105.814972855594348, 21.082292641830591 ], [ 105.815435459243602, 21.080438575840084 ], [ 105.817382977803618, 21.079832103503442 ], [ 105.818867899636999, 21.08107968322658 ] ] ] } },
{ "type": "Feature", "properties": { "h3_id": "89415ca6613ffff", "h3_resolution": 9, "h3_parent_res8": "88415ca661fffff", "centroid_lat": 21.076765012189291, "centroid_lon": 105.82174047098903, "legacy_district": "Tây Hồ" }, "geometry": { "type": "Polygon", "coordinates": [ [ [ 105.823687884725032, 21.076158483320967 ], [ 105.823225359725868, 21.078012577622705 ], [ 105.82127792804863, 21.078619104392111 ], [ 105.819793028287634, 21.077371522918742 ], [ 105.820255582280211, 21.07551741292702 ], [ 105.822203007041026, 21.074910900098242 ], [ 105.823687884725032, 21.076158483320967 ] ] ] } },
{ "type": "Feature", "properties": { "h3_id": "89415ca6617ffff", "h3_resolution": 9, "h3_parent_res8": "88415ca661fffff", "centroid_lat": 21.076123907617024, "centroid_lon": 105.81830812855731, "legacy_district": "Tây Hồ" }, "geometry": { "type": "Polygon", "coordinates": [ [ [ 105.820255582280211, 21.07551741292702 ], [ 105.819793028287634, 21.077371522918742 ], [ 105.817845556624732, 21.077978015506677 ], [ 105.816360645876159, 21.076730384165604 ], [ 105.816823228859647, 21.074876258489486 ], [ 105.818770693601465, 21.074269779838435 ], [ 105.820255582280211, 21.07551741292702 ] ] ] } },
{ "type": "Feature", "properties": { "h3_id": "89415ca661bffff", "h3_resolution": 9, "h3_parent_res8": "88415ca661fffff", "centroid_lat": 21.079866652034603, "centroid_lon": 105.82276282783828, "legacy_district": "Tây Hồ" }, "geometry": { "type": "Polygon", "coordinates": [ [ [ 105.824710248488785, 21.079260109224741 ], [ 105.824247727654608, 21.081114165843704 ], [ 105.82230028906217, 21.081720706552741 ], [ 105.820815378219734, 21.08047317670276 ], [ 105.82127792804863, 21.078619104392111 ], [ 105.823225359725868, 21.078012577622705 ], [ 105.824710248488785, 21.079260109224741 ] ] ] } },
{ "type": "Feature", "properties": { "h3_id": "89415ca6623ffff", "h3_resolution": 9, "h3_parent_res8": "88415ca663fffff", "centroid_lat": 21.080403804390368, "centroid_lon": 105.81005538043506, "legacy_district": "Tây Hồ" }, "geometry": { "type": "Polygon", "coordinates": [ [ [ 105.812002967905485, 21.079797384394944 ], [ 105.811540335267722, 21.081651466062105 ], [ 105.809592729859588, 21.082257883942191 ], [ 105.808107764022409, 21.081010206231063 ], [ 105.808570425646153, 21.079156108892818 ], [ 105.810518024121748, 21.078549704936371 ], [ 105.812002967905485, 21.079797384394944 ] ] ] } },
{ "type": "Feature", "properties": { "h3_id": "89415ca6627ffff", "h3_resolution": 9, "h3_parent_res8": "88415ca663fffff", "centroid_lat": 21.07976249469462, "centroid_lon": 105.80662279823159, "legacy_district": "Tây Hồ" }, "geometry": { "type": "Polygon", "coordinates": [ [ [ 105.808570425646153, 21.079156108892818 ], [ 105.808107764022409, 21.081010206231063 ], [ 105.806160118671372, 21.081616589914375 ], [ 105.804675141881901, 21.080368862339142 ], [ 105.805137832489137, 21.078514749335394 ], [ 105.807085470903019, 21.077908379571976 ], [ 105.808570425646153, 21.079156108892818 ] ] ] } },
{ "type": "Feature", "properties": { "h3_id": "89415ca662bffff", "h3_resolution": 9, "h3_parent_res8": "88415ca663fffff", "centroid_lat": 21.083505527825491, "centroid_lon": 105.81107769574116, "legacy_district": "Tây Hồ" }, "geometry": { "type": "Polygon", "coordinates": [ [ [ 105.813025290142136, 21.082899093905496 ], [ 105.812562661665098, 21.084753137878437 ], [ 105.810615049325705, 21.085359569681174 ], [ 105.809130072395263, 21.084111943587914 ], [ 105.809592729859588, 21.082257883942191 ], [ 105.811540335267722, 21.081651466062105 ], [ 105.813025290142136, 21.082899093905496 ] ] ] } },
{ "type": "Feature", "properties": { "h3_id": "89415ca662fffff", "h3_resolution": 9, "h3_parent_res8": "88415ca663fffff", "centroid_lat": 21.082864283664804, "centroid_lon": 105.80764509550983, "legacy_district": "Tây Hồ" }, "geometry": { "type": "Polygon", "coordinates": [ [ [ 105.809592729859588, 21.082257883942191 ], [ 105.809130072395263, 21.084111943587914 ], [ 105.80718242010829, 21.084718341190122 ], [ 105.805697432222246, 21.083470665227299 ], [ 105.806160118671372, 21.081616589914375 ], [ 105.808107764022409, 21.081010206231063 ], [ 105.809592729859588, 21.082257883942191 ] ] ] } },
{ "type": "Feature", "properties": { "h3_id": "89415ca6633ffff", "h3_resolution": 9, "h3_parent_res8": "88415ca663fffff", "centroid_lat": 21.077943282827928, "centroid_lon": 105.81246559365452, "legacy_district": "Tây Hồ" }, "geometry": { "type": "Polygon", "coordinates": [ [ [ 105.81441313424061, 21.077336842570126 ], [ 105.813950526429807, 21.079190946247422 ], [ 105.812002967905485, 21.079797384394944 ], [ 105.810518024121748, 21.078549704936371 ], [ 105.810980660919768, 21.076695585584119 ], [ 105.812928212514947, 21.076089161364983 ], [ 105.81441313424061, 21.077336842570126 ] ] ] } },
{ "type": "Feature", "properties": { "h3_id": "89415ca6637ffff", "h3_resolution": 9, "h3_parent_res8": "88415ca663fffff", "centroid_lat": 21.077301991654, "centroid_lon": 105.80903308038117, "legacy_district": "Tây Hồ" }, "geometry": { "type": "Polygon", "coordinates": [ [ [ 105.810980660919768, 21.076695585584119 ], [ 105.810518024121748, 21.078549704936371 ], [ 105.808570425646153, 21.079156108892818 ], [ 105.807085470903019, 21.077908379571976 ], [ 105.807548136685696, 21.076054244550345 ], [ 105.809495728227517, 21.075447854518536 ], [ 105.810980660919768, 21.076695585584119 ] ] ] } },
{ "type": "Feature", "properties": { "h3_id": "89415ca663bffff", "h3_resolution": 9, "h3_parent_res8": "88415ca663fffff", "centroid_lat": 21.08104503002718, "centroid_lon": 105.81348791173035, "legacy_district": "Tây Hồ" }, "geometry": { "type": "Polygon", "coordinates": [ [ [ 105.815435459243602, 21.080438575840084 ], [ 105.814972855594348, 21.082292641830591 ], [ 105.813025290142136, 21.082899093905496 ], [ 105.811540335267722, 21.081651466062105 ], [ 105.812002967905485, 21.079797384394944 ], [ 105.813950526429807, 21.079190946247422 ], [ 105.815435459243602, 21.080438575840084 ] ] ] } },
{ "type": "Feature", "properties": { "h3_id": "89415ca6643ffff", "h3_resolution": 9, "h3_parent_res8": "88415ca665fffff", "centroid_lat": 21.086069663770125, "centroid_lon": 105.82480758726965, "legacy_district": "Tây Hồ" }, "geometry": { "type": "Polygon", "coordinates": [ [ [ 105.826755021745342, 21.085463093080154 ], [ 105.826292509242634, 21.087317074306153 ], [ 105.82434505682356, 21.087923642891468 ], [ 105.822860123820533, 21.086676216312725 ], [ 105.823322665320589, 21.084822219391633 ], [ 105.825270110826978, 21.084215664743958 ], [ 105.826755021745342, 21.085463093080154 ] ] ] } },
{ "type": "Feature", "properties": { "h3_id": "89415ca6647ffff", "h3_resolution": 9, "h3_parent_res8": "88415ca665fffff", "centroid_lat": 21.085428755892025, "centroid_lon": 105.82137519084407, "legacy_district": "Tây Hồ" }, "geometry": { "type": "Polygon", "coordinates": [ [ [ 105.823322665320589, 21.084822219391633 ], [ 105.822860123820533, 21.086676216312725 ], [ 105.820912631401868, 21.087282750705324 ], [ 105.819427687401259, 21.086035274242512 ], [ 105.819890257896134, 21.08418126163189 ], [ 105.821837743397481, 21.083574741173194 ], [ 105.823322665320589, 21.084822219391633 ] ] ] } },
{ "type": "Feature", "properties": { "h3_id": "89415ca664bffff", "h3_resolution": 9, "h3_parent_res8": "88415ca665fffff", "centroid_lat": 21.089171035625728, "centroid_lon": 105.82582998985113, "legacy_district": "Tây Hồ" }, "geometry": { "type": "Polygon", "coordinates": [ [ [ 105.82777743123755, 21.088564450997215 ], [ 105.827314922901266, 21.090418394513012 ], [ 105.825367463570757, 21.091024977034973 ], [ 105.823882519488606, 21.089777602104068 ], [ 105.82434505682356, 21.087923642891468 ], [ 105.826292509242634, 21.087317074306153 ], [ 105.82777743123755, 21.088564450997215 ] ] ] } },
{ "type": "Feature", "properties": { "h3_id": "89415ca664fffff", "h3_resolution": 9, "h3_parent_res8": "88415ca665fffff", "centroid_lat": 21.088530193326676, "centroid_lon": 105.82239757543167, "legacy_district": "Tây Hồ" }, "geometry": { "type": "Polygon", "coordinates": [ [ [ 105.82434505682356, 21.087923642891468 ], [ 105.823882519488606, 21.089777602104068 ], [ 105.821935020153859, 21.090384150429571 ], [ 105.820450065070787, 21.089136725609151 ], [ 105.820912631401868, 21.087282750705324 ], [ 105.822860123820533, 21.086676216312725 ], [ 105.82434505682356, 21.087923642891468 ] ] ] } },
{ "type": "Feature", "properties": { "h3_id": "89415ca6653ffff", "h3_resolution": 9, "h3_parent_res8": "88415ca665fffff", "centroid_lat": 21.083609091951661, "centroid_lon": 105.82721752735937, "legacy_district": "Tây Hồ" }, "geometry": { "type": "Polygon", "coordinates": [ [ [ 105.829164914913903, 21.083002501017397 ], [ 105.828702427243783, 21.084856504245483 ], [ 105.826755021745342, 21.085463093080154 ], [ 105.825270110826978, 21.084215664743958 ], [ 105.825732627495654, 21.082361645816903 ], [ 105.827680026084792, 21.081755070924611 ], [ 105.829164914913903, 21.083002501017397 ] ] ] } },
{ "type": "Feature", "properties": { "h3_id": "89415ca6657ffff", "h3_resolution": 9, "h3_parent_res8": "88415ca665fffff", "centroid_lat": 21.082968202567315, "centroid_lon": 105.82378519993192, "legacy_district": "Tây Hồ" }, "geometry": { "type": "Polygon", "coordinates": [ [ [ 105.825732627495654, 21.082361645816903 ], [ 105.825270110826978, 21.084215664743958 ], [ 105.823322665320589, 21.084822219391633 ], [ 105.821837743397481, 21.083574741173194 ], [ 105.82230028906217, 21.081720706552741 ], [ 105.824247727654608, 21.081114165843704 ], [ 105.825732627495654, 21.082361645816903 ] ] ] } },
{ "type": "Feature", "properties": { "h3_id": "89415ca665bffff", "h3_resolution": 9, "h3_parent_res8": "88415ca665fffff", "centroid_lat": 21.086710487573399, "centroid_lon": 105.82823993268504, "legacy_district": "Tây Hồ" }, "geometry": { "type": "Polygon", "coordinates": [ [ [ 105.830187327146888, 21.086103882695824 ], [ 105.82972484364403, 21.087957848221148 ], [ 105.82777743123755, 21.088564450997215 ], [ 105.826292509242634, 21.087317074306153 ], [ 105.826755021745342, 21.085463093080154 ], [ 105.828702427243783, 21.084856504245483 ], [ 105.830187327146888, 21.086103882695824 ] ] ] } },
{ "type": "Feature", "properties": { "h3_id": "89415ca6663ffff", "h3_resolution": 9, "h3_parent_res8": "88415ca667fffff", "centroid_lat": 21.087248256483171, "centroid_lon": 105.81553259363216, "legacy_district": "Tây Hồ" }, "geometry": { "type": "Polygon", "coordinates": [ [ [ 105.817480154995991, 21.086641774440441 ], [ 105.817017559671271, 21.088495765029922 ], [ 105.81506998036707, 21.089102244956642 ], [ 105.813585003313605, 21.08785472036806 ], [ 105.814047627629449, 21.086000714098507 ], [ 105.815995200008274, 21.085394248097195 ], [ 105.817480154995991, 21.086641774440441 ] ] ] } },
{ "type": "Feature", "properties": { "h3_id": "89415ca6667ffff", "h3_resolution": 9, "h3_parent_res8": "88415ca667fffff", "centroid_lat": 21.086607161942066, "centroid_lon": 105.81210002629915, "legacy_district": "Tây Hồ" }, "geometry": { "type": "Polygon", "coordinates": [ [ [ 105.814047627629449, 21.086000714098507 ], [ 105.813585003313605, 21.08785472036806 ], [ 105.811637384044175, 21.088461166092454 ], [ 105.810152396021252, 21.087213591625222 ], [ 105.810615049325705, 21.085359569681174 ], [ 105.812562661665098, 21.084753137878437 ], [ 105.814047627629449, 21.086000714098507 ] ] ] } },
{ "type": "Feature", "properties": { "h3_id": "89415ca666bffff", "h3_resolution": 9, "h3_parent_res8": "88415ca667fffff", "centroid_lat": 21.090349735705296, "centroid_lon": 105.81655495745756, "legacy_district": "Tây Hồ" }, "geometry": { "type": "Polygon", "coordinates": [ [ [ 105.818502525744805, 21.089743239736237 ], [ 105.818039934583055, 21.091597192611491 ], [ 105.816092348354701, 21.092203686462621 ], [ 105.814607360212889, 21.090956213513678 ], [ 105.81506998036707, 21.089102244956642 ], [ 105.817017559671271, 21.088495765029922 ], [ 105.818502525744805, 21.089743239736237 ] ] ] } },
{ "type": "Feature", "properties": { "h3_id": "89415ca666fffff", "h3_resolution": 9, "h3_parent_res8": "88415ca667fffff", "centroid_lat": 21.089708706722782, "centroid_lon": 105.81312237210871, "legacy_district": "Tây Hồ" }, "geometry": { "type": "Polygon", "coordinates": [ [ [ 105.81506998036707, 21.089102244956642 ], [ 105.814607360212889, 21.090956213513678 ], [ 105.812659734014673, 21.091562673158734 ], [ 105.811174734900064, 21.090315150325683 ], [ 105.811637384044175, 21.088461166092454 ], [ 105.813585003313605, 21.08785472036806 ], [ 105.81506998036707, 21.089102244956642 ] ] ] } },
{ "type": "Feature", "properties": { "h3_id": "89415ca6673ffff", "h3_resolution": 9, "h3_parent_res8": "88415ca667fffff", "centroid_lat": 21.084787763940778, "centroid_lon": 105.8179427434318, "legacy_district": "Tây Hồ" }, "geometry": { "type": "Polygon", "coordinates": [ [ [ 105.819890257896134, 21.08418126163189 ], [ 105.819427687401259, 21.086035274242512 ], [ 105.817480154995991, 21.086641774440441 ], [ 105.815995200008274, 21.085394248097195 ], [ 105.816457799495495, 21.083540219802625 ], [ 105.818405324978755, 21.082933733534844 ], [ 105.819890257896134, 21.08418126163189 ] ] ] } },
{ "type": "Feature", "properties": { "h3_id": "89415ca6677ffff", "h3_resolution": 9, "h3_parent_res8": "88415ca667fffff", "centroid_lat": 21.084146687918043, "centroid_lon": 105.81451024505633, "legacy_district": "Tây Hồ" }, "geometry": { "type": "Polygon", "coordinates": [ [ [ 105.816457799495495, 21.083540219802625 ], [ 105.815995200008274, 21.085394248097195 ], [ 105.814047627629449, 21.086000714098507 ], [ 105.812562661665098, 21.084753137878437 ], [ 105.813025290142136, 21.082899093905496 ], [ 105.814972855594348, 21.082292641830591 ], [ 105.816457799495495, 21.083540219802625 ] ] ] } },
{ "type": "Feature", "properties": { "h3_id": "89415ca667bffff", "h3_resolution": 9, "h3_parent_res8": "88415ca667fffff", "centroid_lat": 21.087889266945268, "centroid_lon": 105.8189651100175, "legacy_district": "Tây Hồ" }, "geometry": { "type": "Polygon", "coordinates": [ [ [ 105.820912631401868, 21.087282750705324 ], [ 105.820450065070787, 21.089136725609151 ], [ 105.818502525744805, 21.089743239736237 ], [ 105.817017559671271, 21.088495765029922 ], [ 105.817480154995991, 21.086641774440441 ], [ 105.819427687401259, 21.086035274242512 ], [ 105.820912631401868, 21.087282750705324 ] ] ] } },
{ "type": "Feature", "properties": { "h3_id": "89415ca6683ffff", "h3_resolution": 9, "h3_parent_res8": "88415ca669fffff", "centroid_lat": 21.071202616267161, "centroid_lon": 105.82312805848026, "legacy_district": "Tây Hồ" }, "geometry": { "type": "Polygon", "coordinates": [ [ [ 105.82507541839297, 21.070596081116022 ], [ 105.824612914058505, 21.072450235063702 ], [ 105.822665536204738, 21.073056768122889 ], [ 105.821180669600409, 21.07180913328763 ], [ 105.8216432029282, 21.06995496364781 ], [ 105.823590573867662, 21.069348444534981 ], [ 105.82507541839297, 21.070596081116022 ] ] ] } },
{ "type": "Feature", "properties": { "h3_id": "89415ca6687ffff", "h3_resolution": 9, "h3_parent_res8": "88415ca669fffff", "centroid_lat": 21.070561464630075, "centroid_lon": 105.81969580302489, "legacy_district": "Tây Hồ" }, "geometry": { "type": "Polygon", "coordinates": [ [ [ 105.8216432029282, 21.06995496364781 ], [ 105.821180669600409, 21.07180913328763 ], [ 105.819233251757296, 21.072415632174796 ], [ 105.817748374161567, 21.071167947479129 ], [ 105.818210936480156, 21.069313762152738 ], [ 105.82015834740433, 21.068707277208176 ], [ 105.8216432029282, 21.06995496364781 ] ] ] } },
{ "type": "Feature", "properties": { "h3_id": "89415ca668bffff", "h3_resolution": 9, "h3_parent_res8": "88415ca669fffff", "centroid_lat": 21.074304369133326, "centroid_lon": 105.8241504028359, "legacy_district": "Tây Hồ" }, "geometry": { "type": "Polygon", "coordinates": [ [ [ 105.826097769660933, 21.073697820034916 ], [ 105.825635269491826, 21.075551936316419 ], [ 105.823687884725032, 21.076158483320967 ], [ 105.822203007041026, 21.074910900098242 ], [ 105.822665536204738, 21.073056768122889 ], [ 105.824612914058505, 21.072450235063702 ], [ 105.826097769660933, 21.073697820034916 ] ] ] } },
{ "type": "Feature", "properties": { "h3_id": "89415ca668fffff", "h3_resolution": 9, "h3_parent_res8": "88415ca669fffff", "centroid_lat": 21.073663283048678, "centroid_lon": 105.82071812938445, "legacy_district": "Tây Hồ" }, "geometry": { "type": "Polygon", "coordinates": [ [ [ 105.822665536204738, 21.073056768122889 ], [ 105.822203007041026, 21.074910900098242 ], [ 105.820255582280211, 21.07551741292702 ], [ 105.818770693601465, 21.074269779838435 ], [ 105.819233251757296, 21.072415632174796 ], [ 105.821180669600409, 21.07180913328763 ], [ 105.822665536204738, 21.073056768122889 ] ] ] } },
{ "type": "Feature", "properties": { "h3_id": "89415ca6693ffff", "h3_resolution": 9, "h3_parent_res8": "88415ca669fffff", "centroid_lat": 21.068741907294221, "centroid_lon": 105.8255379158394, "legacy_district": "Tây Hồ" }, "geometry": { "type": "Polygon", "coordinates": [ [ [ 105.827485228839592, 21.068135351928184 ], [ 105.827022749334716, 21.069989527836867 ], [ 105.82507541839297, 21.070596081116022 ], [ 105.823590573867662, 21.069348444534981 ], [ 105.824053082367044, 21.06749425293027 ], [ 105.826000406397881, 21.066887713602224 ], [ 105.827485228839592, 21.068135351928184 ] ] ] } },
{ "type": "Feature", "properties": { "h3_id": "89415ca6697ffff", "h3_resolution": 9, "h3_parent_res8": "88415ca669fffff", "centroid_lat": 21.068100774133139, "centroid_lon": 105.82210572936792, "legacy_district": "Tây Hồ" }, "geometry": { "type": "Polygon", "coordinates": [ [ [ 105.824053082367044, 21.06749425293027 ], [ 105.823590573867662, 21.069348444534981 ], [ 105.8216432029282, 21.06995496364781 ], [ 105.82015834740433, 21.068707277208176 ], [ 105.820620884895732, 21.066853069913041 ], [ 105.822568248919637, 21.066246564747551 ], [ 105.824053082367044, 21.06749425293027 ] ] ] } },
{ "type": "Feature", "properties": { "h3_id": "89415ca669bffff", "h3_resolution": 9, "h3_parent_res8": "88415ca669fffff", "centroid_lat": 21.071843683873762, "centroid_lon": 105.82656026294185, "legacy_district": "Tây Hồ" }, "geometry": { "type": "Polygon", "coordinates": [ [ [ 105.828507582850975, 21.071237114555711 ], [ 105.82804510751231, 21.073091252805664 ], [ 105.826097769660933, 21.073697820034916 ], [ 105.824612914058505, 21.072450235063702 ], [ 105.82507541839297, 21.070596081116022 ], [ 105.827022749334716, 21.069989527836867 ], [ 105.828507582850975, 21.071237114555711 ] ] ] } },
{ "type": "Feature", "properties": { "h3_id": "89415ca66a3ffff", "h3_resolution": 9, "h3_parent_res8": "88415ca66bfffff", "centroid_lat": 21.072380858767023, "centroid_lon": 105.81385342957033, "legacy_district": "Tây Hồ" }, "geometry": { "type": "Polygon", "coordinates": [ [ [ 105.815800916342099, 21.071774412192326 ], [ 105.815338329196649, 21.073628575538649 ], [ 105.813390824486845, 21.074235020010036 ], [ 105.811905913850111, 21.072987287200576 ], [ 105.812368529982635, 21.071133108177147 ], [ 105.814316027765457, 21.070526677639869 ], [ 105.815800916342099, 21.071774412192326 ] ] ] } },
{ "type": "Feature", "properties": { "h3_id": "89415ca66a7ffff", "h3_resolution": 9, "h3_parent_res8": "88415ca66bfffff", "centroid_lat": 21.07173952057337, "centroid_lon": 105.81042100325462, "legacy_district": "Tây Hồ" }, "geometry": { "type": "Polygon", "coordinates": [ [ [ 105.812368529982635, 21.071133108177147 ], [ 105.811905913850111, 21.072987287200576 ], [ 105.80995836918531, 21.073593697490352 ], [ 105.8084734475853, 21.072345914825902 ], [ 105.80893609270241, 21.070491720130931 ], [ 105.810883630435583, 21.069885323771526 ], [ 105.812368529982635, 21.071133108177147 ] ] ] } },
{ "type": "Feature", "properties": { "h3_id": "89415ca66abffff", "h3_resolution": 9, "h3_parent_res8": "88415ca66bfffff", "centroid_lat": 21.075482718999226, "centroid_lon": 105.81487573516286, "legacy_district": "Tây Hồ" }, "geometry": { "type": "Polygon", "coordinates": [ [ [ 105.816823228859647, 21.074876258489486 ], [ 105.816360645876159, 21.076730384165604 ], [ 105.81441313424061, 21.077336842570126 ], [ 105.812928212514947, 21.076089161364983 ], [ 105.813390824486845, 21.074235020010036 ], [ 105.815338329196649, 21.073628575538649 ], [ 105.816823228859647, 21.074876258489486 ] ] ] } },
{ "type": "Feature", "properties": { "h3_id": "89415ca66afffff", "h3_resolution": 9, "h3_parent_res8": "88415ca66bfffff", "centroid_lat": 21.074841446337548, "centroid_lon": 105.81144329082919, "legacy_district": "Tây Hồ" }, "geometry": { "type": "Polygon", "coordinates": [ [ [ 105.813390824486845, 21.074235020010036 ], [ 105.812928212514947, 21.076089161364983 ], [ 105.810980660919768, 21.076695585584119 ], [ 105.809495728227517, 21.075447854518536 ], [ 105.80995836918531, 21.073593697490352 ], [ 105.811905913850111, 21.072987287200576 ], [ 105.813390824486845, 21.074235020010036 ] ] ] } },
{ "type": "Feature", "properties": { "h3_id": "89415ca66b3ffff", "h3_resolution": 9, "h3_parent_res8": "88415ca66bfffff", "centroid_lat": 21.069920228964193, "centroid_lon": 105.81626349659925, "legacy_district": "Tây Hồ" }, "geometry": { "type": "Polygon", "coordinates": [ [ [ 105.818210936480156, 21.069313762152738 ], [ 105.817748374161567, 21.071167947479129 ], [ 105.815800916342099, 21.071774412192326 ], [ 105.814316027765457, 21.070526677639869 ], [ 105.814778619072342, 21.068672476632496 ], [ 105.816726069968226, 21.068066025858155 ], [ 105.818210936480156, 21.069313762152738 ] ] ] } },
{ "type": "Feature", "properties": { "h3_id": "89415ca66b7ffff", "h3_resolution": 9, "h3_parent_res8": "88415ca66bfffff", "centroid_lat": 21.069278909271166, "centroid_lon": 105.81283113922684, "legacy_district": "Tây Hồ" }, "geometry": { "type": "Polygon", "coordinates": [ [ [ 105.814778619072342, 21.068672476632496 ], [ 105.814316027765457, 21.070526677639869 ], [ 105.812368529982635, 21.071133108177147 ], [ 105.810883630435583, 21.069885323771526 ], [ 105.811346250728235, 21.06803110708875 ], [ 105.813293741582839, 21.067424690486579 ], [ 105.814778619072342, 21.068672476632496 ] ] ] } },
{ "type": "Feature", "properties": { "h3_id": "89415ca66bbffff", "h3_resolution": 9, "h3_parent_res8": "88415ca66bfffff", "centroid_lat": 21.073022112926015, "centroid_lon": 105.81728580495476, "legacy_district": "Tây Hồ" }, "geometry": { "type": "Polygon", "coordinates": [ [ [ 105.819233251757296, 21.072415632174796 ], [ 105.818770693601465, 21.074269779838435 ], [ 105.816823228859647, 21.074876258489486 ], [ 105.815338329196649, 21.073628575538649 ], [ 105.815800916342099, 21.071774412192326 ], [ 105.817748374161567, 21.071167947479129 ], [ 105.819233251757296, 21.072415632174796 ] ] ] } },
{ "type": "Feature", "properties": { "h3_id": "89415ca66c3ffff", "h3_resolution": 9, "h3_parent_res8": "88415ca66dfffff", "centroid_lat": 21.078046969190481, "centroid_lon": 105.8286050028702, "legacy_district": "Tây Hồ" }, "geometry": { "type": "Polygon", "coordinates": [ [ [ 105.830552336593442, 21.077440371971392 ], [ 105.830089869588633, 21.079294434876427 ], [ 105.828142517921719, 21.079901030002905 ], [ 105.826657640167369, 21.07865354827582 ], [ 105.827120136170606, 21.076799469669645 ], [ 105.829067480930391, 21.076192888491285 ], [ 105.830552336593442, 21.077440371971392 ] ] ] } },
{ "type": "Feature", "properties": { "h3_id": "89415ca66c7ffff", "h3_resolution": 9, "h3_parent_res8": "88415ca66dfffff", "centroid_lat": 21.077406032714332, "centroid_lon": 105.82517276243449, "legacy_district": "Tây Hồ" }, "geometry": { "type": "Polygon", "coordinates": [ [ [ 105.827120136170606, 21.076799469669645 ], [ 105.826657640167369, 21.07865354827582 ], [ 105.824710248488785, 21.079260109224741 ], [ 105.823225359725868, 21.078012577622705 ], [ 105.823687884725032, 21.076158483320967 ], [ 105.825635269491826, 21.075551936316419 ], [ 105.827120136170606, 21.076799469669645 ] ] ] } },
{ "type": "Feature", "properties": { "h3_id": "89415ca66cbffff", "h3_resolution": 9, "h3_parent_res8": "88415ca66dfffff", "centroid_lat": 21.08114847789307, "centroid_lon": 105.8296273956955, "legacy_district": "Tây Hồ" }, "geometry": { "type": "Polygon", "coordinates": [ [ [ 105.831574736323915, 21.080541866724936 ], [ 105.831112273486738, 21.082395891943793 ], [ 105.829164914913903, 21.083002501017397 ], [ 105.827680026084792, 21.081755070924611 ], [ 105.828142517921719, 21.079901030002905 ], [ 105.830089869588633, 21.079294434876427 ], [ 105.831574736323915, 21.080541866724936 ] ] ] } },
{ "type": "Feature", "properties": { "h3_id": "89415ca66cfffff", "h3_resolution": 9, "h3_parent_res8": "88415ca66dfffff", "centroid_lat": 21.080507606992882, "centroid_lon": 105.82619513727575, "legacy_district": "Tây Hồ" }, "geometry": { "type": "Polygon", "coordinates": [ [ [ 105.828142517921719, 21.079901030002905 ], [ 105.827680026084792, 21.081755070924611 ], [ 105.825732627495654, 21.082361645816903 ], [ 105.824247727654608, 21.081114165843704 ], [ 105.824710248488785, 21.079260109224741 ], [ 105.826657640167369, 21.07865354827582 ], [ 105.828142517921719, 21.079901030002905 ] ] ] } },
{ "type": "Feature", "properties": { "h3_id": "89415ca66d3ffff", "h3_resolution": 9, "h3_parent_res8": "88415ca66dfffff", "centroid_lat": 21.075586289181881, "centroid_lon": 105.83101479670999, "legacy_district": "Tây Hồ" }, "geometry": { "type": "Polygon", "coordinates": [ [ [ 105.832962083505535, 21.074979671744106 ], [ 105.832499641333214, 21.076833756621173 ], [ 105.830552336593442, 21.077440371971392 ], [ 105.829067480930391, 21.076192888491285 ], [ 105.829529952102348, 21.074338787909216 ], [ 105.831477249938374, 21.073732186511844 ], [ 105.832962083505535, 21.074979671744106 ] ] ] } },
{ "type": "Feature", "properties": { "h3_id": "89415ca66d7ffff", "h3_resolution": 9, "h3_parent_res8": "88415ca66dfffff", "centroid_lat": 21.074945371178281, "centroid_lon": 105.82758262528556, "legacy_district": "Tây Hồ" }, "geometry": { "type": "Polygon", "coordinates": [ [ [ 105.829529952102348, 21.074338787909216 ], [ 105.829067480930391, 21.076192888491285 ], [ 105.827120136170606, 21.076799469669645 ], [ 105.825635269491826, 21.075551936316419 ], [ 105.826097769660933, 21.073697820034916 ], [ 105.82804510751231, 21.073091252805664 ], [ 105.829529952102348, 21.074338787909216 ] ] ] } },
{ "type": "Feature", "properties": { "h3_id": "89415ca66dbffff", "h3_resolution": 9, "h3_parent_res8": "88415ca66dfffff", "centroid_lat": 21.078687821616089, "centroid_lon": 105.83203719227271, "legacy_district": "Tây Hồ" }, "geometry": { "type": "Polygon", "coordinates": [ [ [ 105.833984485970049, 21.07808119022453 ], [ 105.833522047966184, 21.079935237422855 ], [ 105.831574736323915, 21.080541866724936 ], [ 105.830089869588633, 21.079294434876427 ], [ 105.830552336593442, 21.077440371971392 ], [ 105.832499641333214, 21.076833756621173 ], [ 105.833984485970049, 21.07808119022453 ] ] ] } },
{ "type": "Feature", "properties": { "h3_id": "89415ca7597ffff", "h3_resolution": 9, "h3_parent_res8": "88415ca759fffff", "centroid_lat": 21.089811793840767, "centroid_lon": 105.82926235325243, "legacy_district": "Tây Hồ" }, "geometry": { "type": "Polygon", "coordinates": [ [ [ 105.831209754620374, 21.089205175020894 ], [ 105.830747275285233, 21.091059102834301 ], [ 105.82879985597198, 21.091665719550768 ], [ 105.827314922901266, 21.090418394513012 ], [ 105.82777743123755, 21.088564450997215 ], [ 105.82972484364403, 21.087957848221148 ], [ 105.831209754620374, 21.089205175020894 ] ] ] } },
{ "type": "Feature", "properties": { "h3_id": "89415ca75a7ffff", "h3_resolution": 9, "h3_parent_res8": "88415ca75bfffff", "centroid_lat": 21.093451125567107, "centroid_lon": 105.81757733653217, "legacy_district": "Tây Hồ" }, "geometry": { "type": "Polygon", "coordinates": [ [ [ 105.819524911741581, 21.092844615672714 ], [ 105.819062324743285, 21.094698530824598 ], [ 105.817114731592042, 21.095305038599154 ], [ 105.815629732362666, 21.094057617297995 ], [ 105.816092348354701, 21.092203686462621 ], [ 105.818039934583055, 21.091597192611491 ], [ 105.819524911741581, 21.092844615672714 ] ] ] } },
{ "type": "Feature", "properties": { "h3_id": "89415ca75b3ffff", "h3_resolution": 9, "h3_parent_res8": "88415ca75bfffff", "centroid_lat": 21.091631541404006, "centroid_lon": 105.82341997526473, "legacy_district": "Tây Hồ" }, "geometry": { "type": "Polygon", "coordinates": [ [ [ 105.825367463570757, 21.091024977034973 ], [ 105.824904930401402, 21.092878898529932 ], [ 105.822957424151809, 21.093485460787345 ], [ 105.821472457987056, 21.092238087617474 ], [ 105.821935020153859, 21.090384150429571 ], [ 105.823882519488606, 21.089777602104068 ], [ 105.825367463570757, 21.091024977034973 ] ] ] } },
{ "type": "Feature", "properties": { "h3_id": "89415ca75b7ffff", "h3_resolution": 9, "h3_parent_res8": "88415ca75bfffff", "centroid_lat": 21.090990680599592, "centroid_lon": 105.81998749185072, "legacy_district": "Tây Hồ" }, "geometry": { "type": "Polygon", "coordinates": [ [ [ 105.821935020153859, 21.090384150429571 ], [ 105.821472457987056, 21.092238087617474 ], [ 105.819524911741581, 21.092844615672714 ], [ 105.818039934583055, 21.091597192611491 ], [ 105.818502525744805, 21.089743239736237 ], [ 105.820450065070787, 21.089136725609151 ], [ 105.821935020153859, 21.090384150429571 ] ] ] } },
{ "type": "Feature", "properties": { "h3_id": "89415cb4097ffff", "h3_resolution": 9, "h3_parent_res8": "88415cb409fffff", "centroid_lat": 20.999184394973202, "centroid_lon": 105.88955452418956, "legacy_district": "Hoàng Mai" }, "geometry": { "type": "Polygon", "coordinates": [ [ [ 105.891500561861491, 20.998577311834431 ], [ 105.891038748703551, 21.000432113860303 ], [ 105.88909269307679, 21.001039195050822 ], [ 105.887608457429181, 20.999791460134887 ], [ 105.888070299612579, 20.997936642310247 ], [ 105.890016348418783, 20.997329575199895 ], [ 105.891500561861491, 20.998577311834431 ] ] ] } },
{ "type": "Feature", "properties": { "h3_id": "89415cb40a7ffff", "h3_resolution": 9, "h3_parent_res8": "88415cb40bfffff", "centroid_lat": 21.002826516194244, "centroid_lon": 105.87787768743492, "legacy_district": "Hai Bà Trưng" }, "geometry": { "type": "Polygon", "coordinates": [ [ [ 105.879823899579961, 21.002219540957739 ], [ 105.879361978701809, 21.004074331253005 ], [ 105.877415748605443, 21.004681304524823 ], [ 105.875931446224484, 21.003433473437777 ], [ 105.876393396120719, 21.00157866736264 ], [ 105.878339619380483, 21.000971708154012 ], [ 105.879823899579961, 21.002219540957739 ] ] ] } },
{ "type": "Feature", "properties": { "h3_id": "89415cb40b3ffff", "h3_resolution": 9, "h3_parent_res8": "88415cb40bfffff", "centroid_lat": 21.001005536516381, "centroid_lon": 105.88371623665843, "legacy_district": "Hoàng Mai" }, "geometry": { "type": "Polygon", "coordinates": [ [ [ 105.885662361584195, 21.000398507316838 ], [ 105.885200494563534, 21.002253303489727 ], [ 105.883254351684698, 21.002860330732808 ], [ 105.881770082655734, 21.0016125477309 ], [ 105.882231978698186, 20.999757735768686 ], [ 105.884178114748451, 20.999150722597296 ], [ 105.885662361584195, 21.000398507316838 ] ] ] } },
{ "type": "Feature", "properties": { "h3_id": "89415cb40b7ffff", "h3_resolution": 9, "h3_parent_res8": "88415cb40bfffff", "centroid_lat": 21.000364730955141, "centroid_lon": 105.88028581357423, "legacy_district": "Hoàng Mai" }, "geometry": { "type": "Polygon", "coordinates": [ [ [ 105.882231978698186, 20.999757735768686 ], [ 105.881770082655734, 21.0016125477309 ], [ 105.879823899579961, 21.002219540957739 ], [ 105.878339619380483, 21.000971708154012 ], [ 105.878801544442197, 20.999116880408057 ], [ 105.880747720684766, 20.998509901249161 ], [ 105.882231978698186, 20.999757735768686 ] ] ] } },
{ "type": "Feature", "properties": { "h3_id": "89415cb4103ffff", "h3_resolution": 9, "h3_parent_res8": "88415cb411fffff", "centroid_lat": 21.005826877874124, "centroid_lon": 105.8627690197772, "legacy_district": "Hai Bà Trưng" }, "geometry": { "type": "Polygon", "coordinates": [ [ [ 105.864715446391372, 21.005220044671244 ], [ 105.864253388803235, 21.007074838898298 ], [ 105.862306944242434, 21.007681670116913 ], [ 105.860822564127773, 21.006433693065592 ], [ 105.861284650724144, 21.004578883083148 ], [ 105.863231088427611, 21.003972065906996 ], [ 105.864715446391372, 21.005220044671244 ] ] ] } },
{ "type": "Feature", "properties": { "h3_id": "89415cb4107ffff", "h3_resolution": 9, "h3_parent_res8": "88415cb411fffff", "centroid_lat": 21.005185682247987, "centroid_lon": 105.85933818398867, "legacy_district": "Hai Bà Trưng" }, "geometry": { "type": "Polygon", "coordinates": [ [ [ 105.861284650724144, 21.004578883083148 ], [ 105.860822564127773, 21.006433693065592 ], [ 105.858876079446929, 21.007040490243018 ], [ 105.85739168822505, 21.005792463398862 ], [ 105.85785380382714, 21.003937637666613 ], [ 105.859800281646017, 21.00333085452791 ], [ 105.861284650724144, 21.004578883083148 ] ] ] } },
{ "type": "Feature", "properties": { "h3_id": "89415cb410bffff", "h3_resolution": 9, "h3_parent_res8": "88415cb411fffff", "centroid_lat": 21.008929613399413, "centroid_lon": 105.86379132433069, "legacy_district": "Hai Bà Trưng" }, "geometry": { "type": "Polygon", "coordinates": [ [ [ 105.865737757800204, 21.00832276615315 ], [ 105.865275704390527, 21.010177522910567 ], [ 105.863329252973671, 21.010784368170651 ], [ 105.861844861823229, 21.009536442631436 ], [ 105.862306944242434, 21.007681670116913 ], [ 105.864253388803235, 21.007074838898298 ], [ 105.865737757800204, 21.00832276615315 ] ] ] } },
{ "type": "Feature", "properties": { "h3_id": "89415cb410fffff", "h3_resolution": 9, "h3_parent_res8": "88415cb411fffff", "centroid_lat": 21.008288483321376, "centroid_lon": 105.86036047064697, "legacy_district": "Hai Bà Trưng" }, "geometry": { "type": "Polygon", "coordinates": [ [ [ 105.862306944242434, 21.007681670116913 ], [ 105.861844861823229, 21.009536442631436 ], [ 105.85989837028167, 21.010143253846575 ], [ 105.85841396802067, 21.008895278509058 ], [ 105.858876079446929, 21.007040490243018 ], [ 105.860822564127773, 21.006433693065592 ], [ 105.862306944242434, 21.007681670116913 ] ] ] } },
{ "type": "Feature", "properties": { "h3_id": "89415cb4113ffff", "h3_resolution": 9, "h3_parent_res8": "88415cb411fffff", "centroid_lat": 21.003365230722178, "centroid_lon": 105.86517749709523, "legacy_district": "Hai Bà Trưng" }, "geometry": { "type": "Polygon", "coordinates": [ [ [ 105.867123876723156, 21.00275837753134 ], [ 105.86666184396644, 21.004613193459601 ], [ 105.864715446391372, 21.005220044671244 ], [ 105.863231088427611, 21.003972065906996 ], [ 105.86369315019374, 21.00211723421949 ], [ 105.865639540914884, 21.001510397055057 ], [ 105.867123876723156, 21.00275837753134 ] ] ] } },
{ "type": "Feature", "properties": { "h3_id": "89415cb4117ffff", "h3_resolution": 9, "h3_parent_res8": "88415cb411fffff", "centroid_lat": 21.002724053377978, "centroid_lon": 105.86174673043618, "legacy_district": "Hai Bà Trưng" }, "geometry": { "type": "Polygon", "coordinates": [ [ [ 105.86369315019374, 21.00211723421949 ], [ 105.863231088427611, 21.003972065906996 ], [ 105.861284650724144, 21.004578883083148 ], [ 105.859800281646017, 21.00333085452791 ], [ 105.860262372419086, 21.001476007086719 ], [ 105.862208803263982, 21.000869203954036 ], [ 105.86369315019374, 21.00211723421949 ] ] ] } },
{ "type": "Feature", "properties": { "h3_id": "89415cb411bffff", "h3_resolution": 9, "h3_parent_res8": "88415cb411fffff", "centroid_lat": 21.006467989668188, "centroid_lon": 105.86619980432549, "legacy_district": "Hai Bà Trưng" }, "geometry": { "type": "Polygon", "coordinates": [ [ [ 105.868146190805376, 21.005861122429224 ], [ 105.867684162227945, 21.00771590089531 ], [ 105.865737757800204, 21.00832276615315 ], [ 105.864253388803235, 21.007074838898298 ], [ 105.864715446391372, 21.005220044671244 ], [ 105.86666184396644, 21.004613193459601 ], [ 105.868146190805376, 21.005861122429224 ] ] ] } },
{ "type": "Feature", "properties": { "h3_id": "89415cb4123ffff", "h3_resolution": 9, "h3_parent_res8": "88415cb413fffff", "centroid_lat": 21.007005971648177, "centroid_lon": 105.85349860962869, "legacy_district": "Hai Bà Trưng" }, "geometry": { "type": "Polygon", "coordinates": [ [ [ 105.855445163437111, 21.006399226533141 ], [ 105.854983023006341, 21.008254030545132 ], [ 105.853036451254283, 21.008860773664534 ], [ 105.85155202680366, 21.007612698741312 ], [ 105.852014196236453, 21.00575787898898 ], [ 105.8539607611185, 21.005151149899792 ], [ 105.855445163437111, 21.006399226533141 ] ] ] } },
{ "type": "Feature", "properties": { "h3_id": "89415cb4127ffff", "h3_resolution": 9, "h3_parent_res8": "88415cb413fffff", "centroid_lat": 21.006364590056361, "centroid_lon": 105.85006760234104, "legacy_district": "Hai Bà Trưng" }, "geometry": { "type": "Polygon", "coordinates": [ [ [ 105.852014196236453, 21.00575787898898 ], [ 105.85155202680366, 21.007612698741312 ], [ 105.849605414965851, 21.008219407809921 ], [ 105.848120979436104, 21.006971283099293 ], [ 105.848583177868434, 21.005116447612185 ], [ 105.8505297828316, 21.004509752570051 ], [ 105.852014196236453, 21.00575787898898 ] ] ] } },
{ "type": "Feature", "properties": { "h3_id": "89415cb412bffff", "h3_resolution": 9, "h3_parent_res8": "88415cb413fffff", "centroid_lat": 21.010108814823482, "centroid_lon": 105.85452087569095, "legacy_district": "Hai Bà Trưng" }, "geometry": { "type": "Polygon", "coordinates": [ [ [ 105.856467436367382, 21.009502055677309 ], [ 105.856005300111633, 21.011356822215625 ], [ 105.854058721490844, 21.011963579364259 ], [ 105.852574285995203, 21.010715555944927 ], [ 105.853036451254283, 21.008860773664534 ], [ 105.854983023006341, 21.008254030545132 ], [ 105.856467436367382, 21.009502055677309 ] ] ] } },
{ "type": "Feature", "properties": { "h3_id": "89415cb412fffff", "h3_resolution": 9, "h3_parent_res8": "88415cb413fffff", "centroid_lat": 21.009467498759303, "centroid_lon": 105.8510898504862, "legacy_district": "Hai Bà Trưng" }, "geometry": { "type": "Polygon", "coordinates": [ [ [ 105.853036451254283, 21.008860773664534 ], [ 105.852574285995203, 21.010715555944927 ], [ 105.850627667284002, 21.011322279039 ], [ 105.849143220705926, 21.010074205826797 ], [ 105.849605414965851, 21.008219407809921 ], [ 105.85155202680366, 21.007612698741312 ], [ 105.853036451254283, 21.008860773664534 ] ] ] } },
{ "type": "Feature", "properties": { "h3_id": "89415cb4133ffff", "h3_resolution": 9, "h3_parent_res8": "88415cb413fffff", "centroid_lat": 21.004544402791463, "centroid_lon": 105.85590729698335, "legacy_district": "Hai Bà Trưng" }, "geometry": { "type": "Polygon", "coordinates": [ [ [ 105.85785380382714, 21.003937637666613 ], [ 105.85739168822505, 21.005792463398862 ], [ 105.855445163437111, 21.006399226533141 ], [ 105.8539607611185, 21.005151149899792 ], [ 105.854422905723808, 21.00329630842332 ], [ 105.856369423645148, 21.002689559324011 ], [ 105.85785380382714, 21.003937637666613 ] ] ] } },
{ "type": "Feature", "properties": { "h3_id": "89415cb4137ffff", "h3_resolution": 9, "h3_parent_res8": "88415cb413fffff", "centroid_lat": 21.00390303950622, "centroid_lon": 105.85247635878468, "legacy_district": "Hai Bà Trưng" }, "geometry": { "type": "Polygon", "coordinates": [ [ [ 105.854422905723808, 21.00329630842332 ], [ 105.8539607611185, 21.005151149899792 ], [ 105.852014196236453, 21.00575787898898 ], [ 105.8505297828316, 21.004509752570051 ], [ 105.850991956437639, 21.00265489535494 ], [ 105.852938514448439, 21.002048180296985 ], [ 105.854422905723808, 21.00329630842332 ] ] ] } },
{ "type": "Feature", "properties": { "h3_id": "89415cb413bffff", "h3_resolution": 9, "h3_parent_res8": "88415cb413fffff", "centroid_lat": 21.007647269403744, "centroid_lon": 105.8569295657385, "legacy_district": "Hai Bà Trưng" }, "geometry": { "type": "Polygon", "coordinates": [ [ [ 105.858876079446929, 21.007040490243018 ], [ 105.85841396802067, 21.008895278509058 ], [ 105.856467436367382, 21.009502055677309 ], [ 105.854983023006341, 21.008254030545132 ], [ 105.855445163437111, 21.006399226533141 ], [ 105.85739168822505, 21.005792463398862 ], [ 105.858876079446929, 21.007040490243018 ] ] ] } },
{ "type": "Feature", "properties": { "h3_id": "89415cb4143ffff", "h3_resolution": 9, "h3_parent_res8": "88415cb415fffff", "centroid_lat": 21.012673240608784, "centroid_lon": 105.86824446441697, "legacy_district": "Hai Bà Trưng" }, "geometry": { "type": "Polygon", "coordinates": [ [ [ 105.870190864597049, 21.012066345276565 ], [ 105.869728844379623, 21.013921048790788 ], [ 105.867782426250287, 21.014527942138056 ], [ 105.866298035189203, 21.013280117926488 ], [ 105.866760084419951, 21.011425398647877 ], [ 105.868706495699115, 21.010818519344816 ], [ 105.870190864597049, 21.012066345276565 ] ] ] } },
{ "type": "Feature", "properties": { "h3_id": "89415cb4147ffff", "h3_resolution": 9, "h3_parent_res8": "88415cb415fffff", "centroid_lat": 21.012032259936511, "centroid_lon": 105.86481364409633, "legacy_district": "Hai Bà Trưng" }, "geometry": { "type": "Polygon", "coordinates": [ [ [ 105.866760084419951, 21.011425398647877 ], [ 105.866298035189203, 21.013280117926488 ], [ 105.864351576917528, 21.013886977227028 ], [ 105.862867174732088, 21.012639103208091 ], [ 105.863329252973671, 21.010784368170651 ], [ 105.865275704390527, 21.010177522910567 ], [ 105.866760084419951, 21.011425398647877 ] ] ] } },
{ "type": "Feature", "properties": { "h3_id": "89415cb414bffff", "h3_resolution": 9, "h3_parent_res8": "88415cb415fffff", "centroid_lat": 21.015775732568677, "centroid_lon": 105.86926681727761, "legacy_district": "Hai Bà Trưng" }, "geometry": { "type": "Polygon", "coordinates": [ [ [ 105.871213224305876, 21.015168823191338 ], [ 105.870751208269141, 21.017023489215855 ], [ 105.868804783290884, 21.017630396606339 ], [ 105.867320381198923, 21.016382623928685 ], [ 105.867782426250287, 21.014527942138056 ], [ 105.869728844379623, 21.013921048790788 ], [ 105.871213224305876, 21.015168823191338 ] ] ] } },
{ "type": "Feature", "properties": { "h3_id": "89415cb414fffff", "h3_resolution": 9, "h3_parent_res8": "88415cb415fffff", "centroid_lat": 21.015134817468066, "centroid_lon": 105.86583597907379, "legacy_district": "Hai Bà Trưng" }, "geometry": { "type": "Polygon", "coordinates": [ [ [ 105.867782426250287, 21.014527942138056 ], [ 105.867320381198923, 21.016382623928685 ], [ 105.865373916073679, 21.016989497268685 ], [ 105.863889502854036, 21.015741674778194 ], [ 105.864351576917528, 21.013886977227028 ], [ 105.866298035189203, 21.013280117926488 ], [ 105.867782426250287, 21.014527942138056 ] ] ] } },
{ "type": "Feature", "properties": { "h3_id": "89415cb4153ffff", "h3_resolution": 9, "h3_parent_res8": "88415cb415fffff", "centroid_lat": 21.010211622029978, "centroid_lon": 105.87065287792998, "legacy_district": "Hai Bà Trưng" }, "geometry": { "type": "Polygon", "coordinates": [ [ [ 105.872599231108694, 21.009604706706011 ], [ 105.87213723572556, 21.011459431932487 ], [ 105.870190864597049, 21.012066345276565 ], [ 105.868706495699115, 21.010818519344816 ], [ 105.869168520096778, 21.008963778350083 ], [ 105.8711148843785, 21.008356879054954 ], [ 105.872599231108694, 21.009604706706011 ] ] ] } },
{ "type": "Feature", "properties": { "h3_id": "89415cb4157ffff", "h3_resolution": 9, "h3_parent_res8": "88415cb415fffff", "centroid_lat": 21.009570659636175, "centroid_lon": 105.86722212676618, "legacy_district": "Hai Bà Trưng" }, "geometry": { "type": "Polygon", "coordinates": [ [ [ 105.869168520096778, 21.008963778350083 ], [ 105.868706495699115, 21.010818519344816 ], [ 105.866760084419951, 21.011425398647877 ], [ 105.865275704390527, 21.010177522910567 ], [ 105.865737757800204, 21.00832276615315 ], [ 105.867684162227945, 21.00771590089531 ], [ 105.869168520096778, 21.008963778350083 ] ] ] } },
{ "type": "Feature", "properties": { "h3_id": "89415cb4163ffff", "h3_resolution": 9, "h3_parent_res8": "88415cb417fffff", "centroid_lat": 21.013852735689444, "centroid_lon": 105.85897414889713, "legacy_district": "Hai Bà Trưng" }, "geometry": { "type": "Polygon", "coordinates": [ [ [ 105.860920676331077, 21.013245928459945 ], [ 105.86045857325793, 21.01510064176605 ], [ 105.858512027877694, 21.015707446999244 ], [ 105.857027592434093, 21.014459524893944 ], [ 105.857489724514352, 21.012604795838463 ], [ 105.859436263031753, 21.011998004637235 ], [ 105.860920676331077, 21.013245928459945 ] ] ] } },
{ "type": "Feature", "properties": { "h3_id": "89415cb4167ffff", "h3_resolution": 9, "h3_parent_res8": "88415cb417fffff", "centroid_lat": 21.013211569014768, "centroid_lon": 105.85554315697114, "legacy_district": "Hai Bà Trưng" }, "geometry": { "type": "Polygon", "coordinates": [ [ [ 105.857489724514352, 21.012604795838463 ], [ 105.857027592434093, 21.014459524893944 ], [ 105.855081006945809, 21.015066296070795 ], [ 105.853596560405933, 21.013818324163523 ], [ 105.854058721490844, 21.011963579364259 ], [ 105.856005300111633, 21.011356822215625 ], [ 105.857489724514352, 21.012604795838463 ] ] ] } },
{ "type": "Feature", "properties": { "h3_id": "89415cb416bffff", "h3_resolution": 9, "h3_parent_res8": "88415cb417fffff", "centroid_lat": 21.016955335328159, "centroid_lon": 105.85999646329998, "legacy_district": "Hai Bà Trưng" }, "geometry": { "type": "Polygon", "coordinates": [ [ [ 105.861942997594809, 21.016348514065768 ], [ 105.861480898698929, 21.018203189878154 ], [ 105.859534346457096, 21.018810009142324 ], [ 105.858049899973366, 21.017562138562724 ], [ 105.858512027877694, 21.015707446999244 ], [ 105.86045857325793, 21.01510064176605 ], [ 105.861942997594809, 21.016348514065768 ] ] ] } },
{ "type": "Feature", "properties": { "h3_id": "89415cb416fffff", "h3_resolution": 9, "h3_parent_res8": "88415cb417fffff", "centroid_lat": 21.016314234204696, "centroid_lon": 105.85656545346895, "legacy_district": "Hai Bà Trưng" }, "geometry": { "type": "Polygon", "coordinates": [ [ [ 105.858512027877694, 21.015707446999244 ], [ 105.858049899973366, 21.017562138562724 ], [ 105.856103307618852, 21.018168923766797 ], [ 105.854618850035536, 21.01692100337976 ], [ 105.855081006945809, 21.015066296070795 ], [ 105.857027592434093, 21.014459524893944 ], [ 105.858512027877694, 21.015707446999244 ] ] ] } },
{ "type": "Feature", "properties": { "h3_id": "89415cb4173ffff", "h3_resolution": 9, "h3_parent_res8": "88415cb417fffff", "centroid_lat": 21.011391195413758, "centroid_lon": 105.86138277251946, "legacy_district": "Hai Bà Trưng" }, "geometry": { "type": "Polygon", "coordinates": [ [ [ 105.863329252973671, 21.010784368170651 ], [ 105.862867174732088, 21.012639103208091 ], [ 105.860920676331077, 21.013245928459945 ], [ 105.859436263031753, 21.011998004637235 ], [ 105.85989837028167, 21.010143253846575 ], [ 105.861844861823229, 21.009536442631436 ], [ 105.863329252973671, 21.010784368170651 ] ] ] } },
{ "type": "Feature", "properties": { "h3_id": "89415cb4177ffff", "h3_resolution": 9, "h3_parent_res8": "88415cb417fffff", "centroid_lat": 21.01075004704219, "centroid_lon": 105.85795184970986, "legacy_district": "Hai Bà Trưng" }, "geometry": { "type": "Polygon", "coordinates": [ [ [ 105.85989837028167, 21.010143253846575 ], [ 105.859436263031753, 21.011998004637235 ], [ 105.857489724514352, 21.012604795838463 ], [ 105.856005300111633, 21.011356822215625 ], [ 105.856467436367382, 21.009502055677309 ], [ 105.85841396802067, 21.008895278509058 ], [ 105.85989837028167, 21.010143253846575 ] ] ] } },
{ "type": "Feature", "properties": { "h3_id": "89415cb417bffff", "h3_resolution": 9, "h3_parent_res8": "88415cb417fffff", "centroid_lat": 21.014493818507766, "centroid_lon": 105.86240508960583, "legacy_district": "Hai Bà Trưng" }, "geometry": { "type": "Polygon", "coordinates": [ [ [ 105.864351576917528, 21.013886977227028 ], [ 105.863889502854036, 21.015741674778194 ], [ 105.861942997594809, 21.016348514065768 ], [ 105.86045857325793, 21.01510064176605 ], [ 105.860920676331077, 21.013245928459945 ], [ 105.862867174732088, 21.012639103208091 ], [ 105.864351576917528, 21.013886977227028 ] ] ] } },
{ "type": "Feature", "properties": { "h3_id": "89415cb4183ffff", "h3_resolution": 9, "h3_parent_res8": "88415cb419fffff", "centroid_lat": 20.99780067058235, "centroid_lon": 105.86656360790197, "legacy_district": "Hai Bà Trưng" }, "geometry": { "type": "Polygon", "coordinates": [ [ [ 105.868509933688898, 20.997193811467877 ], [ 105.868047921584292, 20.999048686531548 ], [ 105.866101577850429, 20.999655543673807 ], [ 105.864617253073604, 20.998407511699018 ], [ 105.865079294187495, 20.996552620873942 ], [ 105.867025631069581, 20.995945777784641 ], [ 105.868509933688898, 20.997193811467877 ] ] ] } },
{ "type": "Feature", "properties": { "h3_id": "89415cb4187ffff", "h3_resolution": 9, "h3_parent_res8": "88415cb419fffff", "centroid_lat": 20.997159445965529, "centroid_lon": 105.86313292826723, "legacy_district": "Hai Bà Trưng" }, "geometry": { "type": "Polygon", "coordinates": [ [ [ 105.865079294187495, 20.996552620873942 ], [ 105.864617253073604, 20.998407511699018 ], [ 105.862670869207633, 20.999014334815236 ], [ 105.861186533312647, 20.997766253056753 ], [ 105.861648603433352, 20.995911346475861 ], [ 105.863594980442898, 20.995304537408849 ], [ 105.865079294187495, 20.996552620873942 ] ] ] } },
{ "type": "Feature", "properties": { "h3_id": "89415cb418bffff", "h3_resolution": 9, "h3_parent_res8": "88415cb419fffff", "centroid_lat": 21.00090354188734, "centroid_lon": 105.86758590259575, "legacy_district": "Hai Bà Trưng" }, "geometry": { "type": "Polygon", "coordinates": [ [ [ 105.869532235232498, 21.000296668719002 ], [ 105.869070227307574, 21.002151506337135 ], [ 105.867123876723156, 21.00275837753134 ], [ 105.865639540914884, 21.001510397055057 ], [ 105.866101577850429, 20.999655543673807 ], [ 105.868047921584292, 20.999048686531548 ], [ 105.869532235232498, 21.000296668719002 ] ] ] } },
{ "type": "Feature", "properties": { "h3_id": "89415cb418fffff", "h3_resolution": 9, "h3_parent_res8": "88415cb419fffff", "centroid_lat": 21.000262382815517, "centroid_lon": 105.86415520507572, "legacy_district": "Hai Bà Trưng" }, "geometry": { "type": "Polygon", "coordinates": [ [ [ 105.866101577850429, 20.999655543673807 ], [ 105.865639540914884, 21.001510397055057 ], [ 105.86369315019374, 21.00211723421949 ], [ 105.862208803263982, 21.000869203954036 ], [ 105.862670869207633, 20.999014334815236 ], [ 105.864617253073604, 20.998407511699018 ], [ 105.866101577850429, 20.999655543673807 ] ] ] } },
{ "type": "Feature", "properties": { "h3_id": "89415cb4193ffff", "h3_resolution": 9, "h3_parent_res8": "88415cb419fffff", "centroid_lat": 20.99533891670027, "centroid_lon": 105.86897193890967, "legacy_district": "Hai Bà Trưng" }, "geometry": { "type": "Polygon", "coordinates": [ [ [ 105.87091821770386, 20.994732037623493 ], [ 105.870456230430563, 20.996586934358245 ], [ 105.868509933688898, 20.997193811467877 ], [ 105.867025631069581, 20.995945777784641 ], [ 105.867487647353386, 20.994090865284623 ], [ 105.86943393724664, 20.99348400223268 ], [ 105.87091821770386, 20.994732037623493 ] ] ] } },
{ "type": "Feature", "properties": { "h3_id": "89415cb4197ffff", "h3_resolution": 9, "h3_parent_res8": "88415cb419fffff", "centroid_lat": 20.994697710344223, "centroid_lon": 105.86554132841751, "legacy_district": "Hoàng Mai" }, "geometry": { "type": "Polygon", "coordinates": [ [ [ 105.867487647353386, 20.994090865284623 ], [ 105.867025631069581, 20.995945777784641 ], [ 105.865079294187495, 20.996552620873942 ], [ 105.863594980442898, 20.995304537408849 ], [ 105.864057025734667, 20.993449609149135 ], [ 105.866003355763723, 20.992842780113786 ], [ 105.867487647353386, 20.994090865284623 ] ] ] } },
{ "type": "Feature", "properties": { "h3_id": "89415cb419bffff", "h3_resolution": 9, "h3_parent_res8": "88415cb419fffff", "centroid_lat": 20.998441811391391, "centroid_lon": 105.86999423627348, "legacy_district": "Hai Bà Trưng" }, "geometry": { "type": "Polygon", "coordinates": [ [ [ 105.871940521914112, 20.997834918255986 ], [ 105.871478538821322, 20.999689777552661 ], [ 105.869532235232498, 21.000296668719002 ], [ 105.868047921584292, 20.999048686531548 ], [ 105.868509933688898, 20.997193811467877 ], [ 105.870456230430563, 20.996586934358245 ], [ 105.871940521914112, 20.997834918255986 ] ] ] } },
{ "type": "Feature", "properties": { "h3_id": "89415cb41a3ffff", "h3_resolution": 9, "h3_parent_res8": "88415cb41bfffff", "centroid_lat": 20.998979813227567, "centroid_lon": 105.85729365631585, "legacy_district": "Hai Bà Trưng" }, "geometry": { "type": "Polygon", "coordinates": [ [ [ 105.859240109327558, 20.998373042144987 ], [ 105.858778014378288, 21.000227927035741 ], [ 105.856831543422615, 21.000834696134731 ], [ 105.855347174281306, 20.999586566301854 ], [ 105.855809298233694, 20.997731665664727 ], [ 105.857755762324913, 20.997124910606445 ], [ 105.859240109327558, 20.998373042144987 ] ] ] } },
{ "type": "Feature", "properties": { "h3_id": "89415cb41a7ffff", "h3_resolution": 9, "h3_parent_res8": "88415cb41bfffff", "centroid_lat": 20.998338402714811, "centroid_lon": 105.85386280512293, "legacy_district": "Hai Bà Trưng" }, "geometry": { "type": "Polygon", "coordinates": [ [ [ 105.855809298233694, 20.997731665664727 ], [ 105.855347174281306, 20.999586566301854 ], [ 105.853400663227845, 21.000193301365201 ], [ 105.85191628299647, 20.998945121754041 ], [ 105.852378435949461, 20.997090205376132 ], [ 105.854324940133822, 20.996483484349735 ], [ 105.855809298233694, 20.997731665664727 ] ] ] } },
{ "type": "Feature", "properties": { "h3_id": "89415cb41abffff", "h3_resolution": 9, "h3_parent_res8": "88415cb41bfffff", "centroid_lat": 21.002082792210928, "centroid_lon": 105.85831591254485, "legacy_district": "Hai Bà Trưng" }, "geometry": { "type": "Polygon", "coordinates": [ [ [ 105.860262372419086, 21.001476007086719 ], [ 105.859800281646017, 21.00333085452791 ], [ 105.85785380382714, 21.003937637666613 ], [ 105.856369423645148, 21.002689559324011 ], [ 105.856831543422615, 21.000834696134731 ], [ 105.858778014378288, 21.000227927035741 ], [ 105.860262372419086, 21.001476007086719 ] ] ] } },
{ "type": "Feature", "properties": { "h3_id": "89415cb41afffff", "h3_resolution": 9, "h3_parent_res8": "88415cb41bfffff", "centroid_lat": 21.001441447222696, "centroid_lon": 105.85488504344472, "legacy_district": "Hai Bà Trưng" }, "geometry": { "type": "Polygon", "coordinates": [ [ [ 105.856831543422615, 21.000834696134731 ], [ 105.856369423645148, 21.002689559324011 ], [ 105.854422905723808, 21.00329630842332 ], [ 105.852938514448439, 21.002048180296985 ], [ 105.853400663227845, 21.000193301365201 ], [ 105.855347174281306, 20.999586566301854 ], [ 105.856831543422615, 21.000834696134731 ] ] ] } },
{ "type": "Feature", "properties": { "h3_id": "89415cb41b3ffff", "h3_resolution": 9, "h3_parent_res8": "88415cb41bfffff", "centroid_lat": 20.996518137542605, "centroid_lon": 105.85970219739274, "legacy_district": "Hai Bà Trưng" }, "geometry": { "type": "Polygon", "coordinates": [ [ [ 105.861648603433352, 20.995911346475861 ], [ 105.861186533312647, 20.997766253056753 ], [ 105.859240109327558, 20.998373042144987 ], [ 105.857755762324913, 20.997124910606445 ], [ 105.858217861449916, 20.995269988275304 ], [ 105.860164278573933, 20.994663213232535 ], [ 105.861648603433352, 20.995911346475861 ] ] ] } },
{ "type": "Feature", "properties": { "h3_id": "89415cb41b7ffff", "h3_resolution": 9, "h3_parent_res8": "88415cb41bfffff", "centroid_lat": 20.99587674531525, "centroid_lon": 105.85627141530193, "legacy_district": "Hai Bà Trưng" }, "geometry": { "type": "Polygon", "coordinates": [ [ [ 105.858217861449916, 20.995269988275304 ], [ 105.857755762324913, 20.997124910606445 ], [ 105.855809298233694, 20.997731665664727 ], [ 105.854324940133822, 20.996483484349735 ], [ 105.854787068260649, 20.994628546273947 ], [ 105.856733525486163, 20.994021805257379 ], [ 105.858217861449916, 20.995269988275304 ] ] ] } },
{ "type": "Feature", "properties": { "h3_id": "89415cb41bbffff", "h3_resolution": 9, "h3_parent_res8": "88415cb41bfffff", "centroid_lat": 20.999621139928362, "centroid_lon": 105.86072445630792, "legacy_district": "Hai Bà Trưng" }, "geometry": { "type": "Polygon", "coordinates": [ [ [ 105.862670869207633, 20.999014334815236 ], [ 105.862208803263982, 21.000869203954036 ], [ 105.860262372419086, 21.001476007086719 ], [ 105.858778014378288, 21.000227927035741 ], [ 105.859240109327558, 20.998373042144987 ], [ 105.861186533312647, 20.997766253056753 ], [ 105.862670869207633, 20.999014334815236 ] ] ] } },
{ "type": "Feature", "properties": { "h3_id": "89415cb41c3ffff", "h3_resolution": 9, "h3_parent_res8": "88415cb41dfffff", "centroid_lat": 21.004647333935328, "centroid_lon": 105.87203887662271, "legacy_district": "Hai Bà Trưng" }, "geometry": { "type": "Polygon", "coordinates": [ [ [ 105.873985175952456, 21.004040412685683 ], [ 105.873523201222056, 21.005895197078683 ], [ 105.871576883942723, 21.006502116355428 ], [ 105.870092548239072, 21.005254237184058 ], [ 105.870554551983886, 21.003399437020636 ], [ 105.87250086241859, 21.002792531798598 ], [ 105.873985175952456, 21.004040412685683 ] ] ] } },
{ "type": "Feature", "properties": { "h3_id": "89415cb41c7ffff", "h3_resolution": 9, "h3_parent_res8": "88415cb41dfffff", "centroid_lat": 21.004006324241857, "centroid_lon": 105.86860821249856, "legacy_district": "Hai Bà Trưng" }, "geometry": { "type": "Polygon", "coordinates": [ [ [ 105.870554551983886, 21.003399437020636 ], [ 105.870092548239072, 21.005254237184058 ], [ 105.868146190805376, 21.005861122429224 ], [ 105.86666184396644, 21.004613193459601 ], [ 105.867123876723156, 21.00275837753134 ], [ 105.869070227307574, 21.002151506337135 ], [ 105.870554551983886, 21.003399437020636 ] ] ] } },
{ "type": "Feature", "properties": { "h3_id": "89415cb41cbffff", "h3_resolution": 9, "h3_parent_res8": "88415cb41dfffff", "centroid_lat": 21.00774996175344, "centroid_lon": 105.87306121960751, "legacy_district": "Hai Bà Trưng" }, "geometry": { "type": "Polygon", "coordinates": [ [ [ 105.875007525779921, 21.00714302644818 ], [ 105.874545555231421, 21.008997773375572 ], [ 105.872599231108694, 21.009604706706011 ], [ 105.8711148843785, 21.008356879054954 ], [ 105.871576883942723, 21.006502116355428 ], [ 105.873523201222056, 21.005895197078683 ], [ 105.875007525779921, 21.00714302644818 ] ] ] } },
{ "type": "Feature", "properties": { "h3_id": "89415cb41cfffff", "h3_resolution": 9, "h3_parent_res8": "88415cb41dfffff", "centroid_lat": 21.007109017628515, "centroid_lon": 105.86963053761006, "legacy_district": "Hai Bà Trưng" }, "geometry": { "type": "Polygon", "coordinates": [ [ [ 105.871576883942723, 21.006502116355428 ], [ 105.8711148843785, 21.008356879054954 ], [ 105.869168520096778, 21.008963778350083 ], [ 105.867684162227945, 21.00771590089531 ], [ 105.868146190805376, 21.005861122429224 ], [ 105.870092548239072, 21.005254237184058 ], [ 105.871576883942723, 21.006502116355428 ] ] ] } },
{ "type": "Feature", "properties": { "h3_id": "89415cb41d3ffff", "h3_resolution": 9, "h3_parent_res8": "88415cb41dfffff", "centroid_lat": 21.002185608578376, "centroid_lon": 105.87444714379882, "legacy_district": "Hai Bà Trưng" }, "geometry": { "type": "Polygon", "coordinates": [ [ [ 105.876393396120719, 21.00157866736264 ], [ 105.875931446224484, 21.003433473437777 ], [ 105.873985175952456, 21.004040412685683 ], [ 105.87250086241859, 21.002792531798598 ], [ 105.87296284133042, 21.000937709949167 ], [ 105.874909104761187, 21.000330784760713 ], [ 105.876393396120719, 21.00157866736264 ] ] ] } },
{ "type": "Feature", "properties": { "h3_id": "89415cb41d7ffff", "h3_resolution": 9, "h3_parent_res8": "88415cb41dfffff", "centroid_lat": 21.001544617142191, "centroid_lon": 105.87101654884459, "legacy_district": "Hai Bà Trưng" }, "geometry": { "type": "Polygon", "coordinates": [ [ [ 105.87296284133042, 21.000937709949167 ], [ 105.87250086241859, 21.002792531798598 ], [ 105.870554551983886, 21.003399437020636 ], [ 105.869070227307574, 21.002151506337135 ], [ 105.869532235232498, 21.000296668719002 ], [ 105.871478538821322, 20.999689777552661 ], [ 105.87296284133042, 21.000937709949167 ] ] ] } },
{ "type": "Feature", "properties": { "h3_id": "89415cb41dbffff", "h3_resolution": 9, "h3_parent_res8": "88415cb41dfffff", "centroid_lat": 21.005288259800938, "centroid_lon": 105.87546948944426, "legacy_district": "Hai Bà Trưng" }, "geometry": { "type": "Polygon", "coordinates": [ [ [ 105.877415748605443, 21.004681304524823 ], [ 105.876953802891933, 21.00653607314182 ], [ 105.875007525779921, 21.00714302644818 ], [ 105.873523201222056, 21.005895197078683 ], [ 105.873985175952456, 21.004040412685683 ], [ 105.875931446224484, 21.003433473437777 ], [ 105.877415748605443, 21.004681304524823 ] ] ] } },
{ "type": "Feature", "properties": { "h3_id": "89415cb4323ffff", "h3_resolution": 9, "h3_parent_res8": "88415cb433fffff", "centroid_lat": 21.028724004603902, "centroid_lon": 105.86065479163018, "legacy_district": "Hoàn Kiếm" }, "geometry": { "type": "Polygon", "coordinates": [ [ [ 105.862601393488532, 21.02811716129186 ], [ 105.862139282292716, 21.029971702795585 ], [ 105.86019266248573, 21.030578544098592 ], [ 105.858708160736455, 21.029330829874233 ], [ 105.859170300943433, 21.027476272618152 ], [ 105.861116913889177, 21.026869445338381 ], [ 105.862601393488532, 21.02811716129186 ] ] ] } },
{ "type": "Feature", "properties": { "h3_id": "89415cb4327ffff", "h3_resolution": 9, "h3_parent_res8": "88415cb433fffff", "centroid_lat": 21.028083081856312, "centroid_lon": 105.85722365896558, "legacy_district": "Hoàn Kiếm" }, "geometry": { "type": "Polygon", "coordinates": [ [ [ 105.859170300943433, 21.027476272618152 ], [ 105.858708160736455, 21.029330829874233 ], [ 105.856761500811189, 21.029937637100208 ], [ 105.855276987959442, 21.028689873050205 ], [ 105.855739157175094, 21.026835300047352 ], [ 105.857685810234472, 21.026228506840869 ], [ 105.859170300943433, 21.027476272618152 ] ] ] } },
{ "type": "Feature", "properties": { "h3_id": "89415cb432bffff", "h3_resolution": 9, "h3_parent_res8": "88415cb433fffff", "centroid_lat": 21.031826224526871, "centroid_lon": 105.86167716421143, "legacy_district": "Hoàn Kiếm" }, "geometry": { "type": "Polygon", "coordinates": [ [ [ 105.86362377292906, 21.031219367190687 ], [ 105.863161665911534, 21.033073871156549 ], [ 105.86121503924457, 21.033680726481794 ], [ 105.859730526455749, 21.032433063818523 ], [ 105.86019266248573, 21.030578544098592 ], [ 105.862139282292716, 21.029971702795585 ], [ 105.86362377292906, 21.031219367190687 ] ] ] } },
{ "type": "Feature", "properties": { "h3_id": "89415cb432fffff", "h3_resolution": 9, "h3_parent_res8": "88415cb433fffff", "centroid_lat": 21.031185367357153, "centroid_lon": 105.85824601364396, "legacy_district": "Hoàn Kiếm" }, "geometry": { "type": "Polygon", "coordinates": [ [ [ 105.86019266248573, 21.030578544098592 ], [ 105.859730526455749, 21.032433063818523 ], [ 105.857783859665858, 21.033039885062987 ], [ 105.85629933577124, 21.031792172568618 ], [ 105.856761500811189, 21.029937637100208 ], [ 105.858708160736455, 21.029330829874233 ], [ 105.86019266248573, 21.030578544098592 ] ] ] } },
{ "type": "Feature", "properties": { "h3_id": "89415cb4333ffff", "h3_resolution": 9, "h3_parent_res8": "88415cb433fffff", "centroid_lat": 21.026262600019642, "centroid_lon": 105.86306349779896, "legacy_district": "Hoàn Kiếm" }, "geometry": { "type": "Polygon", "coordinates": [ [ [ 105.86501005266895, 21.025655736664575 ], [ 105.864547966307669, 21.027510299940761 ], [ 105.862601393488532, 21.02811716129186 ], [ 105.861116913889177, 21.026869445338381 ], [ 105.861579029262813, 21.025014866305966 ], [ 105.863525595224118, 21.024408018982854 ], [ 105.86501005266895, 21.025655736664575 ] ] ] } },
{ "type": "Feature", "properties": { "h3_id": "89415cb4337ffff", "h3_resolution": 9, "h3_parent_res8": "88415cb433fffff", "centroid_lat": 21.025621695592857, "centroid_lon": 105.85963243426498, "legacy_district": "Hoàn Kiếm" }, "geometry": { "type": "Polygon", "coordinates": [ [ [ 105.861579029262813, 21.025014866305966 ], [ 105.861116913889177, 21.026869445338381 ], [ 105.859170300943433, 21.027476272618152 ], [ 105.857685810234472, 21.026228506840869 ], [ 105.858147954617976, 21.024373912057818 ], [ 105.860094560701228, 21.023767098802281 ], [ 105.861579029262813, 21.025014866305966 ] ] ] } },
{ "type": "Feature", "properties": { "h3_id": "89415cb433bffff", "h3_resolution": 9, "h3_parent_res8": "88415cb433fffff", "centroid_lat": 21.029364843450775, "centroid_lon": 105.86408587306106, "legacy_district": "Hoàn Kiếm" }, "geometry": { "type": "Polygon", "coordinates": [ [ [ 105.866032434786945, 21.02875796606682 ], [ 105.865570352604792, 21.030612491812601 ], [ 105.86362377292906, 21.031219367190687 ], [ 105.862139282292716, 21.029971702795585 ], [ 105.862601393488532, 21.02811716129186 ], [ 105.864547966307669, 21.027510299940761 ], [ 105.866032434786945, 21.02875796606682 ] ] ] } },
{ "type": "Feature", "properties": { "h3_id": "89415cb43a3ffff", "h3_resolution": 9, "h3_parent_res8": "88415cb43bfffff", "centroid_lat": 21.020698797631301, "centroid_lon": 105.86444976941891, "legacy_district": "Hoàn Kiếm" }, "geometry": { "type": "Polygon", "coordinates": [ [ [ 105.86639627044184, 21.020091928278294 ], [ 105.86593420473595, 21.021946550829401 ], [ 105.863987685764059, 21.022553418185424 ], [ 105.862503239354425, 21.021305648956208 ], [ 105.86296533407257, 21.019451010646716 ], [ 105.864911846188761, 21.018844157324413 ], [ 105.86639627044184, 21.020091928278294 ] ] ] } },
{ "type": "Feature", "properties": { "h3_id": "89415cb43a7ffff", "h3_resolution": 9, "h3_parent_res8": "88415cb43bfffff", "centroid_lat": 21.020057845940997, "centroid_lon": 105.8610187929181, "legacy_district": "Hoàn Kiếm" }, "geometry": { "type": "Polygon", "coordinates": [ [ [ 105.86296533407257, 21.019451010646716 ], [ 105.862503239354425, 21.021305648956208 ], [ 105.860556680252245, 21.021912482250347 ], [ 105.859072222729196, 21.020664663204613 ], [ 105.859534346457096, 21.018810009142324 ], [ 105.861480898698929, 21.018203189878154 ], [ 105.86296533407257, 21.019451010646716 ] ] ] } },
{ "type": "Feature", "properties": { "h3_id": "89415cb43abffff", "h3_resolution": 9, "h3_parent_res8": "88415cb43bfffff", "centroid_lat": 21.023801153626138, "centroid_lon": 105.86547213214502, "legacy_district": "Hoàn Kiếm" }, "geometry": { "type": "Polygon", "coordinates": [ [ [ 105.867418640021697, 21.023194270238491 ], [ 105.866956578495291, 21.02504885527582 ], [ 105.86501005266895, 21.025655736664575 ], [ 105.863525595224118, 21.024408018982854 ], [ 105.863987685764059, 21.022553418185424 ], [ 105.86593420473595, 21.021946550829401 ], [ 105.867418640021697, 21.023194270238491 ] ] ] } },
{ "type": "Feature", "properties": { "h3_id": "89415cb43afffff", "h3_resolution": 9, "h3_parent_res8": "88415cb43bfffff", "centroid_lat": 21.023160267510601, "centroid_lon": 105.86204113775121, "legacy_district": "Hoàn Kiếm" }, "geometry": { "type": "Polygon", "coordinates": [ [ [ 105.863987685764059, 21.022553418185424 ], [ 105.863525595224118, 21.024408018982854 ], [ 105.861579029262813, 21.025014866305966 ], [ 105.860094560701228, 21.023767098802281 ], [ 105.860556680252245, 21.021912482250347 ], [ 105.862503239354425, 21.021305648956208 ], [ 105.863987685764059, 21.022553418185424 ] ] ] } },
{ "type": "Feature", "properties": { "h3_id": "89415cb43b3ffff", "h3_resolution": 9, "h3_parent_res8": "88415cb43bfffff", "centroid_lat": 21.018237285976735, "centroid_lon": 105.8668583292628, "legacy_district": "Hai Bà Trưng" }, "geometry": { "type": "Polygon", "coordinates": [ [ [ 105.868804783290884, 21.017630396606339 ], [ 105.868342742419387, 21.019485040899813 ], [ 105.86639627044184, 21.020091928278294 ], [ 105.864911846188761, 21.018844157324413 ], [ 105.865373916073679, 21.016989497268685 ], [ 105.867320381198923, 21.016382623928685 ], [ 105.868804783290884, 21.017630396606339 ] ] ] } },
{ "type": "Feature", "properties": { "h3_id": "89415cb43b7ffff", "h3_resolution": 9, "h3_parent_res8": "88415cb43bfffff", "centroid_lat": 21.017596352586061, "centroid_lon": 105.86342742190575, "legacy_district": "Hai Bà Trưng" }, "geometry": { "type": "Polygon", "coordinates": [ [ [ 105.865373916073679, 21.016989497268685 ], [ 105.864911846188761, 21.018844157324413 ], [ 105.86296533407257, 21.019451010646716 ], [ 105.861480898698929, 21.018203189878154 ], [ 105.861942997594809, 21.016348514065768 ], [ 105.863889502854036, 21.015741674778194 ], [ 105.865373916073679, 21.016989497268685 ] ] ] } },
{ "type": "Feature", "properties": { "h3_id": "89415cb4407ffff", "h3_resolution": 9, "h3_parent_res8": "88415cb441fffff", "centroid_lat": 20.992439120930054, "centroid_lon": 105.90020788360424, "legacy_district": "Hoàng Mai" }, "geometry": { "type": "Polygon", "coordinates": [ [ [ 105.902153739861149, 20.991831944083366 ], [ 105.901692030252164, 20.993686795168959 ], [ 105.899746156037679, 20.994293970085742 ], [ 105.898261998238539, 20.993046279818362 ], [ 105.898723736879035, 20.991191412916827 ], [ 105.900669604287785, 20.990584252098188 ], [ 105.902153739861149, 20.991831944083366 ] ] ] } },
{ "type": "Feature", "properties": { "h3_id": "89415cb4417ffff", "h3_resolution": 9, "h3_parent_res8": "88415cb441fffff", "centroid_lat": 20.989977073323917, "centroid_lon": 105.90261544258718, "legacy_district": "Hoàng Mai" }, "geometry": { "type": "Polygon", "coordinates": [ [ [ 105.904561251773345, 20.989369876596644 ], [ 105.904099567005417, 20.991224749280939 ], [ 105.902153739861149, 20.991831944083366 ], [ 105.900669604287785, 20.990584252098188 ], [ 105.901131318088403, 20.988729363594086 ], [ 105.903077138430348, 20.988122182894557 ], [ 105.904561251773345, 20.989369876596644 ] ] ] } },
{ "type": "Feature", "properties": { "h3_id": "89415cb4423ffff", "h3_resolution": 9, "h3_parent_res8": "88415cb443fffff", "centroid_lat": 20.994260543709245, "centroid_lon": 105.89437014019612, "legacy_district": "Hoàng Mai" }, "geometry": { "type": "Polygon", "coordinates": [ [ [ 105.896316083767886, 20.993653420745641 ], [ 105.89585432028791, 20.995508266033301 ], [ 105.893908358760285, 20.996115387058776 ], [ 105.892424167527068, 20.994867648706524 ], [ 105.892885960034903, 20.993012787612376 ], [ 105.89483191474875, 20.992405680676558 ], [ 105.896316083767886, 20.993653420745641 ] ] ] } },
{ "type": "Feature", "properties": { "h3_id": "89415cb4427ffff", "h3_resolution": 9, "h3_parent_res8": "88415cb443fffff", "centroid_lat": 20.993619876581956, "centroid_lon": 105.89093997622703, "legacy_district": "Hoàng Mai" }, "geometry": { "type": "Polygon", "coordinates": [ [ [ 105.892885960034903, 20.993012787612376 ], [ 105.892424167527068, 20.994867648706524 ], [ 105.890478165764563, 20.995474735734831 ], [ 105.888993963328957, 20.994226947582664 ], [ 105.88945578486215, 20.992372070687583 ], [ 105.89140177980623, 20.9917649977452 ], [ 105.892885960034903, 20.993012787612376 ] ] ] } },
{ "type": "Feature", "properties": { "h3_id": "89415cb442bffff", "h3_resolution": 9, "h3_parent_res8": "88415cb443fffff", "centroid_lat": 20.997363091636178, "centroid_lon": 105.89539254992467, "legacy_district": "Hoàng Mai" }, "geometry": { "type": "Polygon", "coordinates": [ [ [ 105.897338500308237, 20.996755954582 ], [ 105.896876741018232, 20.998610762436211 ], [ 105.894930772678109, 20.999217897550349 ], [ 105.893446570441142, 20.997970210721203 ], [ 105.893908358760285, 20.996115387058776 ], [ 105.89585432028791, 20.995508266033301 ], [ 105.897338500308237, 20.996755954582 ] ] ] } },
{ "type": "Feature", "properties": { "h3_id": "89415cb442fffff", "h3_resolution": 9, "h3_parent_res8": "88415cb443fffff", "centroid_lat": 20.996722490115189, "centroid_lon": 105.89196236813596, "legacy_district": "Hoàng Mai" }, "geometry": { "type": "Polygon", "coordinates": [ [ [ 105.893908358760285, 20.996115387058776 ], [ 105.893446570441142, 20.997970210721203 ], [ 105.891500561861491, 20.998577311834431 ], [ 105.890016348418783, 20.997329575199895 ], [ 105.890478165764563, 20.995474735734831 ], [ 105.892424167527068, 20.994867648706524 ], [ 105.893908358760285, 20.996115387058776 ] ] ] } },
{ "type": "Feature", "properties": { "h3_id": "89415cb4433ffff", "h3_resolution": 9, "h3_parent_res8": "88415cb443fffff", "centroid_lat": 20.991798555777155, "centroid_lon": 105.89677784036473, "legacy_district": "Hoàng Mai" }, "geometry": { "type": "Polygon", "coordinates": [ [ [ 105.898723736879035, 20.991191412916827 ], [ 105.898261998238539, 20.993046279818362 ], [ 105.896316083767886, 20.993653420745641 ], [ 105.89483191474875, 20.992405680676558 ], [ 105.89529368241827, 20.990550797964644 ], [ 105.897239590078541, 20.989943671131776 ], [ 105.898723736879035, 20.991191412916827 ] ] ] } },
{ "type": "Feature", "properties": { "h3_id": "89415cb4437ffff", "h3_resolution": 9, "h3_parent_res8": "88415cb443fffff", "centroid_lat": 20.991157906836669, "centroid_lon": 105.89334774565955, "legacy_district": "Hoàng Mai" }, "geometry": { "type": "Polygon", "coordinates": [ [ [ 105.89529368241827, 20.990550797964644 ], [ 105.89483191474875, 20.992405680676558 ], [ 105.892885960034903, 20.993012787612376 ], [ 105.89140177980623, 20.9917649977452 ], [ 105.891863576502288, 20.98991009922851 ], [ 105.893809524401107, 20.989303006383359 ], [ 105.89529368241827, 20.990550797964644 ] ] ] } },
{ "type": "Feature", "properties": { "h3_id": "89415cb443bffff", "h3_resolution": 9, "h3_parent_res8": "88415cb443fffff", "centroid_lat": 20.994901127041398, "centroid_lon": 105.89780025271497, "legacy_district": "Hoàng Mai" }, "geometry": { "type": "Polygon", "coordinates": [ [ [ 105.899746156037679, 20.994293970085742 ], [ 105.899284421588021, 20.996148799561308 ], [ 105.897338500308237, 20.996755954582 ], [ 105.89585432028791, 20.995508266033301 ], [ 105.896316083767886, 20.993653420745641 ], [ 105.898261998238539, 20.993046279818362 ], [ 105.899746156037679, 20.994293970085742 ] ] ] } },
{ "type": "Feature", "properties": { "h3_id": "89415cb4483ffff", "h3_resolution": 9, "h3_parent_res8": "88415cb449fffff", "centroid_lat": 20.985052853714404, "centroid_lon": 105.90743034481294, "legacy_district": "Hoàng Mai" }, "geometry": { "type": "Polygon", "coordinates": [ [ [ 105.909376059842884, 20.984445617257329 ], [ 105.908914424758109, 20.986300533105016 ], [ 105.906968691769023, 20.986907767647374 ], [ 105.905484600660955, 20.985660072229244 ], [ 105.905946264780795, 20.983805140554015 ], [ 105.907891990974306, 20.983197920124049 ], [ 105.909376059842884, 20.984445617257329 ] ] ] } },
{ "type": "Feature", "properties": { "h3_id": "89415cb4487ffff", "h3_resolution": 9, "h3_parent_res8": "88415cb449fffff", "centroid_lat": 20.984412343041846, "centroid_lon": 105.90400050946852, "legacy_district": "Hoàng Mai" }, "geometry": { "type": "Polygon", "coordinates": [ [ [ 105.905946264780795, 20.983805140554015 ], [ 105.905484600660955, 20.985660072229244 ], [ 105.903538827390761, 20.986267272799225 ], [ 105.902054725041282, 20.985019527584903 ], [ 105.902516418193727, 20.983164580087703 ], [ 105.9044621846637, 20.982557393626379 ], [ 105.905946264780795, 20.983805140554015 ] ] ] } },
{ "type": "Feature", "properties": { "h3_id": "89415cb448fffff", "h3_resolution": 9, "h3_parent_res8": "88415cb449fffff", "centroid_lat": 20.987514984244772, "centroid_lon": 105.90502292965849, "legacy_district": "Hoàng Mai" }, "geometry": { "type": "Polygon", "coordinates": [ [ [ 105.906968691769023, 20.986907767647374 ], [ 105.90650703184248, 20.988762661919026 ], [ 105.904561251773345, 20.989369876596644 ], [ 105.903077138430348, 20.988122182894557 ], [ 105.903538827390761, 20.986267272799225 ], [ 105.905484600660955, 20.985660072229244 ], [ 105.906968691769023, 20.986907767647374 ] ] ] } },
{ "type": "Feature", "properties": { "h3_id": "89415cb4497ffff", "h3_resolution": 9, "h3_parent_res8": "88415cb449fffff", "centroid_lat": 20.981950189223014, "centroid_lon": 105.90640792201816, "legacy_district": "Hoàng Mai" }, "geometry": { "type": "Polygon", "coordinates": [ [ [ 105.908353630253245, 20.981342966880248 ], [ 105.907891990974306, 20.983197920124049 ], [ 105.905946264780795, 20.983805140554015 ], [ 105.9044621846637, 20.982557393626379 ], [ 105.904923852976424, 20.98070242455675 ], [ 105.906869572373111, 20.98009521824018 ], [ 105.908353630253245, 20.981342966880248 ] ] ] } },
{ "type": "Feature", "properties": { "h3_id": "89415cb44a3ffff", "h3_resolution": 9, "h3_parent_res8": "88415cb44bfffff", "centroid_lat": 20.986233842826081, "centroid_lon": 105.89816306885734, "legacy_district": "Hoàng Mai" }, "geometry": { "type": "Polygon", "coordinates": [ [ [ 105.900108911502954, 20.985626694180532 ], [ 105.899647193511143, 20.987481620093966 ], [ 105.897701332909364, 20.988088766813437 ], [ 105.8962171971083, 20.986840973518909 ], [ 105.896678944129036, 20.984986031792953 ], [ 105.898624797922551, 20.984378899173642 ], [ 105.900108911502954, 20.985626694180532 ] ] ] } },
{ "type": "Feature", "properties": { "h3_id": "89415cb44a7ffff", "h3_resolution": 9, "h3_parent_res8": "88415cb44bfffff", "centroid_lat": 20.985593146459639, "centroid_lon": 105.89473306123533, "legacy_district": "Hoàng Mai" }, "geometry": { "type": "Polygon", "coordinates": [ [ [ 105.896678944129036, 20.984986031792953 ], [ 105.8962171971083, 20.986840973518909 ], [ 105.89427129625966, 20.987448086256364 ], [ 105.892787149245265, 20.986200243171044 ], [ 105.893248925292426, 20.984345285638152 ], [ 105.895194819328182, 20.983738186997112 ], [ 105.896678944129036, 20.984986031792953 ] ] ] } },
{ "type": "Feature", "properties": { "h3_id": "89415cb44abffff", "h3_resolution": 9, "h3_parent_res8": "88415cb44bfffff", "centroid_lat": 20.989336526340711, "centroid_lon": 105.89918546863653, "legacy_district": "Hoàng Mai" }, "geometry": { "type": "Polygon", "coordinates": [ [ [ 105.901131318088403, 20.988729363594086 ], [ 105.900669604287785, 20.990584252098188 ], [ 105.898723736879035, 20.991191412916827 ], [ 105.897239590078541, 20.989943671131776 ], [ 105.897701332909364, 20.988088766813437 ], [ 105.899647193511143, 20.987481620093966 ], [ 105.901131318088403, 20.988729363594086 ] ] ] } },
{ "type": "Feature", "properties": { "h3_id": "89415cb44afffff", "h3_resolution": 9, "h3_parent_res8": "88415cb44bfffff", "centroid_lat": 20.988695895577457, "centroid_lon": 105.89575544320475, "legacy_district": "Hoàng Mai" }, "geometry": { "type": "Polygon", "coordinates": [ [ [ 105.897701332909364, 20.988088766813437 ], [ 105.897239590078541, 20.989943671131776 ], [ 105.89529368241827, 20.990550797964644 ], [ 105.893809524401107, 20.989303006383359 ], [ 105.89427129625966, 20.987448086256364 ], [ 105.8962171971083, 20.986840973518909 ], [ 105.897701332909364, 20.988088766813437 ] ] ] } },
{ "type": "Feature", "properties": { "h3_id": "89415cb44b3ffff", "h3_resolution": 9, "h3_parent_res8": "88415cb44bfffff", "centroid_lat": 20.983771748604344, "centroid_lon": 105.90057062261207, "legacy_district": "Hoàng Mai" }, "geometry": { "type": "Polygon", "coordinates": [ [ [ 105.902516418193727, 20.983164580087703 ], [ 105.902054725041282, 20.985019527584903 ], [ 105.900108911502954, 20.985626694180532 ], [ 105.898624797922551, 20.984378899173642 ], [ 105.899086520105087, 20.982523935860062 ], [ 105.901032326838589, 20.981916783369343 ], [ 105.902516418193727, 20.983164580087703 ] ] ] } },
{ "type": "Feature", "properties": { "h3_id": "89415cb44b7ffff", "h3_resolution": 9, "h3_parent_res8": "88415cb44bfffff", "centroid_lat": 20.98313107040353, "centroid_lon": 105.89714068426701, "legacy_district": "Hoàng Mai" }, "geometry": { "type": "Polygon", "coordinates": [ [ [ 105.899086520105087, 20.982523935860062 ], [ 105.898624797922551, 20.984378899173642 ], [ 105.896678944129036, 20.984986031792953 ], [ 105.895194819328182, 20.983738186997112 ], [ 105.895656570538321, 20.981883207872723 ], [ 105.89760241752235, 20.98127608935458 ], [ 105.899086520105087, 20.982523935860062 ] ] ] } },
{ "type": "Feature", "properties": { "h3_id": "89415cb44bbffff", "h3_resolution": 9, "h3_parent_res8": "88415cb44bfffff", "centroid_lat": 20.986874455421681, "centroid_lon": 105.90159302500621, "legacy_district": "Hoàng Mai" }, "geometry": { "type": "Polygon", "coordinates": [ [ [ 105.903538827390761, 20.986267272799225 ], [ 105.903077138430348, 20.988122182894557 ], [ 105.901131318088403, 20.988729363594086 ], [ 105.899647193511143, 20.987481620093966 ], [ 105.900108911502954, 20.985626694180532 ], [ 105.902054725041282, 20.985019527584903 ], [ 105.903538827390761, 20.986267272799225 ] ] ] } },
{ "type": "Feature", "properties": { "h3_id": "89415cb4503ffff", "h3_resolution": 9, "h3_parent_res8": "88415cb451fffff", "centroid_lat": 20.988594473231949, "centroid_lon": 105.87962685265049, "legacy_district": "Hoàng Mai" }, "geometry": { "type": "Polygon", "coordinates": [ [ [ 105.881572950257279, 20.987987500332807 ], [ 105.881111066496587, 20.989842446230369 ], [ 105.879164950939568, 20.990449417180706 ], [ 105.87768072597747, 20.989201428157383 ], [ 105.878142638754724, 20.987346466477355 ], [ 105.880088747478155, 20.98673950960271 ], [ 105.881572950257279, 20.987987500332807 ] ] ] } },
{ "type": "Feature", "properties": { "h3_id": "89415cb4507ffff", "h3_resolution": 9, "h3_parent_res8": "88415cb451fffff", "centroid_lat": 20.987953405378377, "centroid_lon": 105.87619650096832, "legacy_district": "Hoàng Mai" }, "geometry": { "type": "Polygon", "coordinates": [ [ [ 105.878142638754724, 20.987346466477355 ], [ 105.87768072597747, 20.989201428157383 ], [ 105.875734570242074, 20.989808365106448 ], [ 105.874250334122792, 20.988560326303151 ], [ 105.874712275914121, 20.98670534884625 ], [ 105.876658424811296, 20.986098425969125 ], [ 105.878142638754724, 20.987346466477355 ] ] ] } },
{ "type": "Feature", "properties": { "h3_id": "89415cb450bffff", "h3_resolution": 9, "h3_parent_res8": "88415cb451fffff", "centroid_lat": 20.991697372445842, "centroid_lon": 105.88064917585262, "legacy_district": "Hoàng Mai" }, "geometry": { "type": "Polygon", "coordinates": [ [ [ 105.882595280291042, 20.991090385470088 ], [ 105.88213340071465, 20.992945293950253 ], [ 105.880187278325309, 20.993552278975287 ], [ 105.878703042345307, 20.992304341445049 ], [ 105.879164950939568, 20.990449417180706 ], [ 105.881111066496587, 20.989842446230369 ], [ 105.882595280291042, 20.991090385470088 ] ] ] } },
{ "type": "Feature", "properties": { "h3_id": "89415cb450fffff", "h3_resolution": 9, "h3_parent_res8": "88415cb451fffff", "centroid_lat": 20.991056370154592, "centroid_lon": 105.8772188063169, "legacy_district": "Hoàng Mai" }, "geometry": { "type": "Polygon", "coordinates": [ [ [ 105.879164950939568, 20.990449417180706 ], [ 105.878703042345307, 20.992304341445049 ], [ 105.876756879772941, 20.992911292465063 ], [ 105.875272632632445, 20.991663305149377 ], [ 105.875734570242074, 20.989808365106448 ], [ 105.87768072597747, 20.989201428157383 ], [ 105.879164950939568, 20.990449417180706 ] ] ] } },
{ "type": "Feature", "properties": { "h3_id": "89415cb4513ffff", "h3_resolution": 9, "h3_parent_res8": "88415cb451fffff", "centroid_lat": 20.98613253475709, "centroid_lon": 105.88203482713479, "legacy_district": "Hoàng Mai" }, "geometry": { "type": "Polygon", "coordinates": [ [ [ 105.883980877720788, 20.985525541943137 ], [ 105.883519018794019, 20.987380509462604 ], [ 105.881572950257279, 20.987987500332807 ], [ 105.880088747478155, 20.98673950960271 ], [ 105.880550635422694, 20.984884526296931 ], [ 105.882496697129227, 20.984277549507162 ], [ 105.883980877720788, 20.985525541943137 ] ] ] } },
{ "type": "Feature", "properties": { "h3_id": "89415cb4517ffff", "h3_resolution": 9, "h3_parent_res8": "88415cb451fffff", "centroid_lat": 20.985491485118466, "centroid_lon": 105.87860454464877, "legacy_district": "Hoàng Mai" }, "geometry": { "type": "Polygon", "coordinates": [ [ [ 105.880550635422694, 20.984884526296931 ], [ 105.880088747478155, 20.98673950960271 ], [ 105.878142638754724, 20.987346466477355 ], [ 105.876658424811296, 20.986098425969125 ], [ 105.877120341771089, 20.984243426882603 ], [ 105.879066443659681, 20.983636484084649 ], [ 105.880550635422694, 20.984884526296931 ] ] ] } },
{ "type": "Feature", "properties": { "h3_id": "89415cb451bffff", "h3_resolution": 9, "h3_parent_res8": "88415cb451fffff", "centroid_lat": 20.989235457306222, "centroid_lon": 105.88305715298412, "legacy_district": "Hoàng Mai" }, "geometry": { "type": "Polygon", "coordinates": [ [ [ 105.885003210398352, 20.988628450410925 ], [ 105.884541355656722, 20.990483380520445 ], [ 105.882595280291042, 20.991090385470088 ], [ 105.881111066496587, 20.989842446230369 ], [ 105.881572950257279, 20.987987500332807 ], [ 105.883519018794019, 20.987380509462604 ], [ 105.885003210398352, 20.988628450410925 ] ] ] } },
{ "type": "Feature", "properties": { "h3_id": "89415cb4523ffff", "h3_resolution": 9, "h3_parent_res8": "88415cb453fffff", "centroid_lat": 20.989774114213272, "centroid_lon": 105.87035791326971, "legacy_district": "Hoàng Mai" }, "geometry": { "type": "Polygon", "coordinates": [ [ [ 105.872304138221978, 20.989167229248988 ], [ 105.871842171599482, 20.991022185064924 ], [ 105.869895928699961, 20.991629068069035 ], [ 105.868411659269867, 20.990380981193358 ], [ 105.868873654902742, 20.988526009609995 ], [ 105.870819890956014, 20.987919140669334 ], [ 105.872304138221978, 20.989167229248988 ] ] ] } },
{ "type": "Feature", "properties": { "h3_id": "89415cb4527ffff", "h3_resolution": 9, "h3_parent_res8": "88415cb453fffff", "centroid_lat": 20.989132860566542, "centroid_lon": 105.86692738980514, "legacy_district": "Hoàng Mai" }, "geometry": { "type": "Polygon", "coordinates": [ [ [ 105.868873654902742, 20.988526009609995 ], [ 105.868411659269867, 20.990380981193358 ], [ 105.86646537622623, 20.990987830186576 ], [ 105.864981095667048, 20.989739693536336 ], [ 105.865443120307816, 20.987884706191146 ], [ 105.867389396500542, 20.987277871257614 ], [ 105.868873654902742, 20.988526009609995 ] ] ] } },
{ "type": "Feature", "properties": { "h3_id": "89415cb452bffff", "h3_resolution": 9, "h3_parent_res8": "88415cb453fffff", "centroid_lat": 20.992877121191064, "centroid_lon": 105.87138019809348, "legacy_district": "Hoàng Mai" }, "geometry": { "type": "Polygon", "coordinates": [ [ [ 105.873326429890014, 20.992270222162421 ], [ 105.87286446744838, 20.994125140556928 ], [ 105.87091821770386, 20.994732037623493 ], [ 105.86943393724664, 20.99348400223268 ], [ 105.869895928699961, 20.991629068069035 ], [ 105.871842171599482, 20.991022185064924 ], [ 105.873326429890014, 20.992270222162421 ] ] ] } },
{ "type": "Feature", "properties": { "h3_id": "89415cb452fffff", "h3_resolution": 9, "h3_parent_res8": "88415cb453fffff", "centroid_lat": 20.992235933086207, "centroid_lon": 105.86794965675344, "legacy_district": "Hoàng Mai" }, "geometry": { "type": "Polygon", "coordinates": [ [ [ 105.869895928699961, 20.991629068069035 ], [ 105.86943393724664, 20.99348400223268 ], [ 105.867487647353386, 20.994090865284623 ], [ 105.866003355763723, 20.992842780113786 ], [ 105.86646537622623, 20.990987830186576 ], [ 105.868411659269867, 20.990380981193358 ], [ 105.869895928699961, 20.991629068069035 ] ] ] } },
{ "type": "Feature", "properties": { "h3_id": "89415cb4533ffff", "h3_resolution": 9, "h3_parent_res8": "88415cb453fffff", "centroid_lat": 20.987312253747202, "centroid_lon": 105.87276609796108, "legacy_district": "Hoàng Mai" }, "geometry": { "type": "Polygon", "coordinates": [ [ [ 105.874712275914121, 20.98670534884625 ], [ 105.874250334122792, 20.988560326303151 ], [ 105.872304138221978, 20.989167229248988 ], [ 105.870819890956014, 20.987919140669334 ], [ 105.871281861758888, 20.986064147441148 ], [ 105.873228050816834, 20.985457258563496 ], [ 105.874712275914121, 20.98670534884625 ] ] ] } },
{ "type": "Feature", "properties": { "h3_id": "89415cb4537ffff", "h3_resolution": 9, "h3_parent_res8": "88415cb453fffff", "centroid_lat": 20.986671018340068, "centroid_lon": 105.86933564365218, "legacy_district": "Hoàng Mai" }, "geometry": { "type": "Polygon", "coordinates": [ [ [ 105.871281861758888, 20.986064147441148 ], [ 105.870819890956014, 20.987919140669334 ], [ 105.868873654902742, 20.988526009609995 ], [ 105.867389396500542, 20.987277871257614 ], [ 105.867851396312503, 20.985422862263722 ], [ 105.86979762551826, 20.984816007387508 ], [ 105.871281861758888, 20.986064147441148 ] ] ] } },
{ "type": "Feature", "properties": { "h3_id": "89415cb453bffff", "h3_resolution": 9, "h3_parent_res8": "88415cb453fffff", "centroid_lat": 20.990415284076512, "centroid_lon": 105.87378838544812, "legacy_district": "Hoàng Mai" }, "geometry": { "type": "Polygon", "coordinates": [ [ [ 105.875734570242074, 20.989808365106448 ], [ 105.875272632632445, 20.991663305149377 ], [ 105.873326429890014, 20.992270222162421 ], [ 105.871842171599482, 20.991022185064924 ], [ 105.872304138221978, 20.989167229248988 ], [ 105.874250334122792, 20.988560326303151 ], [ 105.875734570242074, 20.989808365106448 ] ] ] } },
{ "type": "Feature", "properties": { "h3_id": "89415cb4543ffff", "h3_resolution": 9, "h3_parent_res8": "88415cb455fffff", "centroid_lat": 20.995441035666833, "centroid_lon": 105.88510185027762, "legacy_district": "Hoàng Mai" }, "geometry": { "type": "Polygon", "coordinates": [ [ [ 105.887047921344561, 20.994834000611835 ], [ 105.886586074974602, 20.996688855873952 ], [ 105.88463998595482, 20.997295888979462 ], [ 105.883155750132033, 20.996048052745017 ], [ 105.883617625523655, 20.994193181691433 ], [ 105.885563707717026, 20.993586162663348 ], [ 105.887047921344561, 20.994834000611835 ] ] ] } },
{ "type": "Feature", "properties": { "h3_id": "89415cb4547ffff", "h3_resolution": 9, "h3_parent_res8": "88415cb455fffff", "centroid_lat": 20.994800182742782, "centroid_lon": 105.88167151425488, "legacy_district": "Hoàng Mai" }, "geometry": { "type": "Polygon", "coordinates": [ [ [ 105.883617625523655, 20.994193181691433 ], [ 105.883155750132033, 20.996048052745017 ], [ 105.881209620911605, 20.996655051843728 ], [ 105.879725373914525, 20.995407165814761 ], [ 105.880187278325309, 20.993552278975287 ], [ 105.88213340071465, 20.992945293950253 ], [ 105.883617625523655, 20.994193181691433 ] ] ] } },
{ "type": "Feature", "properties": { "h3_id": "89415cb454bffff", "h3_resolution": 9, "h3_parent_res8": "88415cb455fffff", "centroid_lat": 20.998543691443587, "centroid_lon": 105.88612422172118, "legacy_district": "Hoàng Mai" }, "geometry": { "type": "Polygon", "coordinates": [ [ [ 105.888070299612579, 20.997936642310247 ], [ 105.887608457429181, 20.999791460134887 ], [ 105.885662361584195, 21.000398507316838 ], [ 105.884178114748451, 20.999150722597296 ], [ 105.88463998595482, 20.997295888979462 ], [ 105.886586074974602, 20.996688855873952 ], [ 105.888070299612579, 20.997936642310247 ] ] ] } },
{ "type": "Feature", "properties": { "h3_id": "89415cb454fffff", "h3_resolution": 9, "h3_parent_res8": "88415cb455fffff", "centroid_lat": 20.997902904105416, "centroid_lon": 105.8826938678569, "legacy_district": "Hoàng Mai" }, "geometry": { "type": "Polygon", "coordinates": [ [ [ 105.88463998595482, 20.997295888979462 ], [ 105.884178114748451, 20.999150722597296 ], [ 105.882231978698186, 20.999757735768686 ], [ 105.880747720684766, 20.998509901249161 ], [ 105.881209620911605, 20.996655051843728 ], [ 105.883155750132033, 20.996048052745017 ], [ 105.88463998595482, 20.997295888979462 ] ] ] } },
{ "type": "Feature", "properties": { "h3_id": "89415cb4553ffff", "h3_resolution": 9, "h3_parent_res8": "88415cb455fffff", "centroid_lat": 20.992979125661183, "centroid_lon": 105.88750976083112, "legacy_district": "Hoàng Mai" }, "geometry": { "type": "Polygon", "coordinates": [ [ [ 105.88945578486215, 20.992372070687583 ], [ 105.888993963328957, 20.994226947582664 ], [ 105.887047921344561, 20.994834000611835 ], [ 105.885563707717026, 20.993586162663348 ], [ 105.886025558273047, 20.991731269972938 ], [ 105.887971593434401, 20.991124231025939 ], [ 105.88945578486215, 20.992372070687583 ] ] ] } },
{ "type": "Feature", "properties": { "h3_id": "89415cb4557ffff", "h3_resolution": 9, "h3_parent_res8": "88415cb455fffff", "centroid_lat": 20.992338290948595, "centroid_lon": 105.88407949403184, "legacy_district": "Hoàng Mai" }, "geometry": { "type": "Polygon", "coordinates": [ [ [ 105.886025558273047, 20.991731269972938 ], [ 105.885563707717026, 20.993586162663348 ], [ 105.883617625523655, 20.994193181691433 ], [ 105.88213340071465, 20.992945293950253 ], [ 105.882595280291042, 20.991090385470088 ], [ 105.884541355656722, 20.990483380520445 ], [ 105.886025558273047, 20.991731269972938 ] ] ] } },
{ "type": "Feature", "properties": { "h3_id": "89415cb455bffff", "h3_resolution": 9, "h3_parent_res8": "88415cb455fffff", "centroid_lat": 20.996081804791526, "centroid_lon": 105.88853213491248, "legacy_district": "Hoàng Mai" }, "geometry": { "type": "Polygon", "coordinates": [ [ [ 105.890478165764563, 20.995474735734831 ], [ 105.890016348418783, 20.997329575199895 ], [ 105.888070299612579, 20.997936642310247 ], [ 105.886586074974602, 20.996688855873952 ], [ 105.887047921344561, 20.994834000611835 ], [ 105.888993963328957, 20.994226947582664 ], [ 105.890478165764563, 20.995474735734831 ] ] ] } },
{ "type": "Feature", "properties": { "h3_id": "89415cb4563ffff", "h3_resolution": 9, "h3_parent_res8": "88415cb457fffff", "centroid_lat": 20.996621078009998, "centroid_lon": 105.87583300603443, "legacy_district": "Hoàng Mai" }, "geometry": { "type": "Polygon", "coordinates": [ [ [ 105.877779204506425, 20.996014130904715 ], [ 105.877317275261589, 20.997868996092166 ], [ 105.875371058839704, 20.998475941236602 ], [ 105.873886778502381, 20.997228007127973 ], [ 105.874348736762698, 20.995373126164075 ], [ 105.876294946345482, 20.994766195084839 ], [ 105.877779204506425, 20.996014130904715 ] ] ] } },
{ "type": "Feature", "properties": { "h3_id": "89415cb4567ffff", "h3_resolution": 9, "h3_parent_res8": "88415cb457fffff", "centroid_lat": 20.995980039256093, "centroid_lon": 105.87240249812311, "legacy_district": "Hai Bà Trưng" }, "geometry": { "type": "Polygon", "coordinates": [ [ [ 105.874348736762698, 20.995373126164075 ], [ 105.873886778502381, 20.997228007127973 ], [ 105.871940521914112, 20.997834918255986 ], [ 105.870456230430563, 20.996586934358245 ], [ 105.87091821770386, 20.994732037623493 ], [ 105.87286446744838, 20.994125140556928 ], [ 105.874348736762698, 20.995373126164075 ] ] ] } },
{ "type": "Feature", "properties": { "h3_id": "89415cb456bffff", "h3_resolution": 9, "h3_parent_res8": "88415cb457fffff", "centroid_lat": 20.999723841579456, "centroid_lon": 105.87685533913307, "legacy_district": "Hai Bà Trưng" }, "geometry": { "type": "Polygon", "coordinates": [ [ [ 105.878801544442197, 20.999116880408057 ], [ 105.878339619380483, 21.000971708154012 ], [ 105.876393396120719, 21.00157866736264 ], [ 105.874909104761187, 21.000330784760713 ], [ 105.875371058839704, 20.998475941236602 ], [ 105.877317275261589, 20.997868996092166 ], [ 105.878801544442197, 20.999116880408057 ] ] ] } },
{ "type": "Feature", "properties": { "h3_id": "89415cb456fffff", "h3_resolution": 9, "h3_parent_res8": "88415cb457fffff", "centroid_lat": 20.999082868390978, "centroid_lon": 105.87342481335833, "legacy_district": "Hai Bà Trưng" }, "geometry": { "type": "Polygon", "coordinates": [ [ [ 105.875371058839704, 20.998475941236602 ], [ 105.874909104761187, 21.000330784760713 ], [ 105.87296284133042, 21.000937709949167 ], [ 105.871478538821322, 20.999689777552661 ], [ 105.871940521914112, 20.997834918255986 ], [ 105.873886778502381, 20.997228007127973 ], [ 105.875371058839704, 20.998475941236602 ] ] ] } },
{ "type": "Feature", "properties": { "h3_id": "89415cb4573ffff", "h3_resolution": 9, "h3_parent_res8": "88415cb457fffff", "centroid_lat": 20.994159246021024, "centroid_lon": 105.87824112686762, "legacy_district": "Hoàng Mai" }, "geometry": { "type": "Polygon", "coordinates": [ [ [ 105.880187278325309, 20.993552278975287 ], [ 105.879725373914525, 20.995407165814761 ], [ 105.877779204506425, 20.996014130904715 ], [ 105.876294946345482, 20.994766195084839 ], [ 105.876756879772941, 20.992911292465063 ], [ 105.878703042345307, 20.992304341445049 ], [ 105.880187278325309, 20.993552278975287 ] ] ] } },
{ "type": "Feature", "properties": { "h3_id": "89415cb4577ffff", "h3_resolution": 9, "h3_parent_res8": "88415cb457fffff", "centroid_lat": 20.99351822550323, "centroid_lon": 105.87481068813935, "legacy_district": "Hoàng Mai" }, "geometry": { "type": "Polygon", "coordinates": [ [ [ 105.876756879772941, 20.992911292465063 ], [ 105.876294946345482, 20.994766195084839 ], [ 105.874348736762698, 20.995373126164075 ], [ 105.87286446744838, 20.994125140556928 ], [ 105.873326429890014, 20.992270222162421 ], [ 105.875272632632445, 20.991663305149377 ], [ 105.876756879772941, 20.992911292465063 ] ] ] } },
{ "type": "Feature", "properties": { "h3_id": "89415cb457bffff", "h3_resolution": 9, "h3_parent_res8": "88415cb457fffff", "centroid_lat": 20.997262032960325, "centroid_lon": 105.87926346262019, "legacy_district": "Hoàng Mai" }, "geometry": { "type": "Polygon", "coordinates": [ [ [ 105.881209620911605, 20.996655051843728 ], [ 105.880747720684766, 20.998509901249161 ], [ 105.878801544442197, 20.999116880408057 ], [ 105.877317275261589, 20.997868996092166 ], [ 105.877779204506425, 20.996014130904715 ], [ 105.879725373914525, 20.995407165814761 ], [ 105.881209620911605, 20.996655051843728 ] ] ] } },
{ "type": "Feature", "properties": { "h3_id": "89415cb4583ffff", "h3_resolution": 9, "h3_parent_res8": "88415cb459fffff", "centroid_lat": 20.980567520000399, "centroid_lon": 105.88342041646922, "legacy_district": "Hoàng Mai" }, "geometry": { "type": "Polygon", "coordinates": [ [ [ 105.885366413203386, 20.9799605213692 ], [ 105.884904574925386, 20.981815547892499 ], [ 105.882958560240681, 20.982422544586957 ], [ 105.88147439066266, 20.9811745006715 ], [ 105.881936257958316, 20.979319458359722 ], [ 105.883882265814975, 20.978712475751465 ], [ 105.885366413203386, 20.9799605213692 ] ] ] } },
{ "type": "Feature", "properties": { "h3_id": "89415cb4587ffff", "h3_resolution": 9, "h3_parent_res8": "88415cb459fffff", "centroid_lat": 20.979926423007967, "centroid_lon": 105.87999022103254, "legacy_district": "Hoàng Mai" }, "geometry": { "type": "Polygon", "coordinates": [ [ [ 105.881936257958316, 20.979319458359722 ], [ 105.88147439066266, 20.9811745006715 ], [ 105.879528335787583, 20.981781463379839 ], [ 105.878044155041465, 20.980533369693543 ], [ 105.878506051352261, 20.978678311598884 ], [ 105.88045209939466, 20.978071362972983 ], [ 105.881936257958316, 20.979319458359722 ] ] ] } },
{ "type": "Feature", "properties": { "h3_id": "89415cb458bffff", "h3_resolution": 9, "h3_parent_res8": "88415cb459fffff", "centroid_lat": 20.983670554751793, "centroid_lon": 105.88444272976454, "legacy_district": "Hoàng Mai" }, "geometry": { "type": "Polygon", "coordinates": [ [ [ 105.886388733324807, 20.983063542033484 ], [ 105.885926899232302, 20.984918531163501 ], [ 105.883980877720788, 20.985525541943137 ], [ 105.882496697129227, 20.984277549507162 ], [ 105.882958560240681, 20.982422544586957 ], [ 105.884904574925386, 20.981815547892499 ], [ 105.886388733324807, 20.983063542033484 ] ] ] } },
{ "type": "Feature", "properties": { "h3_id": "89415cb458fffff", "h3_resolution": 9, "h3_parent_res8": "88415cb459fffff", "centroid_lat": 20.98302952331855, "centroid_lon": 105.88101251648415, "legacy_district": "Hoàng Mai" }, "geometry": { "type": "Polygon", "coordinates": [ [ [ 105.882958560240681, 20.982422544586957 ], [ 105.882496697129227, 20.984277549507162 ], [ 105.880550635422694, 20.984884526296931 ], [ 105.879066443659681, 20.983636484084649 ], [ 105.879528335787583, 20.981781463379839 ], [ 105.88147439066266, 20.9811745006715 ], [ 105.882958560240681, 20.982422544586957 ] ] ] } },
{ "type": "Feature", "properties": { "h3_id": "89415cb4593ffff", "h3_resolution": 9, "h3_parent_res8": "88415cb459fffff", "centroid_lat": 20.978105475185821, "centroid_lon": 105.88582824459866, "legacy_district": "Hoàng Mai" }, "geometry": { "type": "Polygon", "coordinates": [ [ [ 105.88777419430555, 20.977498456665465 ], [ 105.887312380861346, 20.97935350478053 ], [ 105.885366413203386, 20.9799605213692 ], [ 105.883882265814975, 20.978712475751465 ], [ 105.884344108278015, 20.976857411844065 ], [ 105.886290069111297, 20.976250409346324 ], [ 105.88777419430555, 20.977498456665465 ] ] ] } },
{ "type": "Feature", "properties": { "h3_id": "89415cb4597ffff", "h3_resolution": 9, "h3_parent_res8": "88415cb459fffff", "centroid_lat": 20.977464396387166, "centroid_lon": 105.8823981183712, "legacy_district": "Hoàng Mai" }, "geometry": { "type": "Polygon", "coordinates": [ [ [ 105.884344108278015, 20.976857411844065 ], [ 105.883882265814975, 20.978712475751465 ], [ 105.881936257958316, 20.979319458359722 ], [ 105.88045209939466, 20.978071362972983 ], [ 105.880913970874019, 20.976216283278831 ], [ 105.882859971901382, 20.975609314757758 ], [ 105.884344108278015, 20.976857411844065 ] ] ] } },
{ "type": "Feature", "properties": { "h3_id": "89415cb459bffff", "h3_resolution": 9, "h3_parent_res8": "88415cb459fffff", "centroid_lat": 20.981208533237844, "centroid_lon": 105.88685056053446, "legacy_district": "Hoàng Mai" }, "geometry": { "type": "Polygon", "coordinates": [ [ [ 105.888796517064037, 20.980601500625628 ], [ 105.888334707806166, 20.982456511354879 ], [ 105.886388733324807, 20.983063542033484 ], [ 105.884904574925386, 20.981815547892499 ], [ 105.885366413203386, 20.9799605213692 ], [ 105.887312380861346, 20.97935350478053 ], [ 105.888796517064037, 20.980601500625628 ] ] ] } },
{ "type": "Feature", "properties": { "h3_id": "89415cb45a3ffff", "h3_resolution": 9, "h3_parent_res8": "88415cb45bfffff", "centroid_lat": 20.981747209166112, "centroid_lon": 105.8741519358788, "legacy_district": "Hoàng Mai" }, "geometry": { "type": "Polygon", "coordinates": [ [ [ 105.876098059988948, 20.981140298413802 ], [ 105.875636138847099, 20.982995334897641 ], [ 105.873689996789395, 20.983602243701821 ], [ 105.8722057827149, 20.982354101947809 ], [ 105.872667732868209, 20.98049904969054 ], [ 105.874613868085191, 20.979892154960307 ], [ 105.876098059988948, 20.981140298413802 ] ] ] } },
{ "type": "Feature", "properties": { "h3_id": "89415cb45a7ffff", "h3_resolution": 9, "h3_parent_res8": "88415cb45bfffff", "centroid_lat": 20.981105926450262, "centroid_lon": 105.87072156860071, "legacy_district": "Hoàng Mai" }, "geometry": { "type": "Polygon", "coordinates": [ [ [ 105.872667732868209, 20.98049904969054 ], [ 105.8722057827149, 20.982354101947809 ], [ 105.870259600501072, 20.98296097675626 ], [ 105.86877537528656, 20.98171278523683 ], [ 105.869237354448813, 20.979857717211704 ], [ 105.871183529817301, 20.979250856473453 ], [ 105.872667732868209, 20.98049904969054 ] ] ] } },
{ "type": "Feature", "properties": { "h3_id": "89415cb45abffff", "h3_resolution": 9, "h3_parent_res8": "88415cb45bfffff", "centroid_lat": 20.984850351709774, "centroid_lon": 105.87517421082218, "legacy_district": "Hoàng Mai" }, "geometry": { "type": "Polygon", "coordinates": [ [ [ 105.877120341771089, 20.984243426882603 ], [ 105.876658424811296, 20.986098425969125 ], [ 105.874712275914121, 20.98670534884625 ], [ 105.873228050816834, 20.985457258563496 ], [ 105.873689996789395, 20.983602243701821 ], [ 105.875636138847099, 20.982995334897641 ], [ 105.877120341771089, 20.984243426882603 ] ] ] } },
{ "type": "Feature", "properties": { "h3_id": "89415cb45afffff", "h3_resolution": 9, "h3_parent_res8": "88415cb45bfffff", "centroid_lat": 20.984209134532655, "centroid_lon": 105.87174382567849, "legacy_district": "Hoàng Mai" }, "geometry": { "type": "Polygon", "coordinates": [ [ [ 105.873689996789395, 20.983602243701821 ], [ 105.873228050816834, 20.985457258563496 ], [ 105.871281861758888, 20.986064147441148 ], [ 105.86979762551826, 20.984816007387508 ], [ 105.870259600501072, 20.98296097675626 ], [ 105.8722057827149, 20.982354101947809 ], [ 105.873689996789395, 20.983602243701821 ] ] ] } },
{ "type": "Feature", "properties": { "h3_id": "89415cb45b3ffff", "h3_resolution": 9, "h3_parent_res8": "88415cb45bfffff", "centroid_lat": 20.979285242262197, "centroid_lon": 105.87655997424781, "legacy_district": "Hoàng Mai" }, "geometry": { "type": "Polygon", "coordinates": [ [ [ 105.878506051352261, 20.978678311598884 ], [ 105.878044155041465, 20.980533369693543 ], [ 105.876098059988948, 20.981140298413802 ], [ 105.874613868085191, 20.979892154960307 ], [ 105.875075793408641, 20.978037081088338 ], [ 105.877021881623804, 20.977430166446773 ], [ 105.878506051352261, 20.978678311598884 ] ] ] } },
{ "type": "Feature", "properties": { "h3_id": "89415cb45b7ffff", "h3_resolution": 9, "h3_parent_res8": "88415cb45bfffff", "centroid_lat": 20.978643977764786, "centroid_lon": 105.8731296761385, "legacy_district": "Hoàng Mai" }, "geometry": { "type": "Polygon", "coordinates": [ [ [ 105.875075793408641, 20.978037081088338 ], [ 105.874613868085191, 20.979892154960307 ], [ 105.872667732868209, 20.98049904969054 ], [ 105.871183529817301, 20.979250856473453 ], [ 105.871645484150889, 20.977395766829769 ], [ 105.8735916125259, 20.976788886174479 ], [ 105.875075793408641, 20.978037081088338 ] ] ] } },
{ "type": "Feature", "properties": { "h3_id": "89415cb45bbffff", "h3_resolution": 9, "h3_parent_res8": "88415cb45bfffff", "centroid_lat": 20.982388408122766, "centroid_lon": 105.87758225184777, "legacy_district": "Hoàng Mai" }, "geometry": { "type": "Polygon", "coordinates": [ [ [ 105.879528335787583, 20.981781463379839 ], [ 105.879066443659681, 20.983636484084649 ], [ 105.877120341771089, 20.984243426882603 ], [ 105.875636138847099, 20.982995334897641 ], [ 105.876098059988948, 20.981140298413802 ], [ 105.878044155041465, 20.980533369693543 ], [ 105.879528335787583, 20.981781463379839 ] ] ] } },
{ "type": "Feature", "properties": { "h3_id": "89415cb45c3ffff", "h3_resolution": 9, "h3_parent_res8": "88415cb45dfffff", "centroid_lat": 20.987414382717422, "centroid_lon": 105.88889523799148, "legacy_district": "Hoàng Mai" }, "geometry": { "type": "Polygon", "coordinates": [ [ [ 105.890841208162712, 20.986807321924516 ], [ 105.890379407278914, 20.988662257854578 ], [ 105.888433419154495, 20.989269316710043 ], [ 105.886949238735411, 20.9880214255471 ], [ 105.887411068641939, 20.986166473819555 ], [ 105.889357049945446, 20.985559429052017 ], [ 105.890841208162712, 20.986807321924516 ] ] ] } },
{ "type": "Feature", "properties": { "h3_id": "89415cb45c7ffff", "h3_resolution": 9, "h3_parent_res8": "88415cb45dfffff", "centroid_lat": 20.986773500623961, "centroid_lon": 105.88546505825684, "legacy_district": "Hoàng Mai" }, "geometry": { "type": "Polygon", "coordinates": [ [ [ 105.887411068641939, 20.986166473819555 ], [ 105.886949238735411, 20.9880214255471 ], [ 105.885003210398352, 20.988628450410925 ], [ 105.883519018794019, 20.987380509462604 ], [ 105.883980877720788, 20.985525541943137 ], [ 105.885926899232302, 20.984918531163501 ], [ 105.887411068641939, 20.986166473819555 ] ] ] } },
{ "type": "Feature", "properties": { "h3_id": "89415cb45cbffff", "h3_resolution": 9, "h3_parent_res8": "88415cb45dfffff", "centroid_lat": 20.990517174110245, "centroid_lon": 105.8899175995121, "legacy_district": "Hoàng Mai" }, "geometry": { "type": "Polygon", "coordinates": [ [ [ 105.891863576502288, 20.98991009922851 ], [ 105.89140177980623, 20.9917649977452 ], [ 105.88945578486215, 20.992372070687583 ], [ 105.887971593434401, 20.991124231025939 ], [ 105.888433419154495, 20.989269316710043 ], [ 105.890379407278914, 20.988662257854578 ], [ 105.891863576502288, 20.98991009922851 ] ] ] } },
{ "type": "Feature", "properties": { "h3_id": "89415cb45cfffff", "h3_resolution": 9, "h3_parent_res8": "88415cb45dfffff", "centroid_lat": 20.989876357599549, "centroid_lon": 105.88648740194581, "legacy_district": "Hoàng Mai" }, "geometry": { "type": "Polygon", "coordinates": [ [ [ 105.888433419154495, 20.989269316710043 ], [ 105.887971593434401, 20.991124231025939 ], [ 105.886025558273047, 20.991731269972938 ], [ 105.884541355656722, 20.990483380520445 ], [ 105.885003210398352, 20.988628450410925 ], [ 105.886949238735411, 20.9880214255471 ], [ 105.888433419154495, 20.989269316710043 ] ] ] } },
{ "type": "Feature", "properties": { "h3_id": "89415cb45d3ffff", "h3_resolution": 9, "h3_parent_res8": "88415cb45dfffff", "centroid_lat": 20.984952366324009, "centroid_lon": 105.89130300216357, "legacy_district": "Hoàng Mai" }, "geometry": { "type": "Polygon", "coordinates": [ [ [ 105.893248925292426, 20.984345285638152 ], [ 105.892787149245265, 20.986200243171044 ], [ 105.890841208162712, 20.986807321924516 ], [ 105.889357049945446, 20.985559429052017 ], [ 105.889818855016529, 20.983704455717771 ], [ 105.891764789281552, 20.983097391056972 ], [ 105.893248925292426, 20.984345285638152 ] ] ] } },
{ "type": "Feature", "properties": { "h3_id": "89415cb45d7ffff", "h3_resolution": 9, "h3_parent_res8": "88415cb45dfffff", "centroid_lat": 20.984311502420834, "centroid_lon": 105.88787289166549, "legacy_district": "Hoàng Mai" }, "geometry": { "type": "Polygon", "coordinates": [ [ [ 105.889818855016529, 20.983704455717771 ], [ 105.889357049945446, 20.985559429052017 ], [ 105.887411068641939, 20.986166473819555 ], [ 105.885926899232302, 20.984918531163501 ], [ 105.886388733324807, 20.983063542033484 ], [ 105.888334707806166, 20.982456511354879 ], [ 105.889818855016529, 20.983704455717771 ] ] ] } },
{ "type": "Feature", "properties": { "h3_id": "89415cb45dbffff", "h3_resolution": 9, "h3_parent_res8": "88415cb45dfffff", "centroid_lat": 20.988055181035808, "centroid_lon": 105.89232536631526, "legacy_district": "Hoàng Mai" }, "geometry": { "type": "Polygon", "coordinates": [ [ [ 105.89427129625966, 20.987448086256364 ], [ 105.893809524401107, 20.989303006383359 ], [ 105.891863576502288, 20.98991009922851 ], [ 105.890379407278914, 20.988662257854578 ], [ 105.890841208162712, 20.986807321924516 ], [ 105.892787149245265, 20.986200243171044 ], [ 105.89427129625966, 20.987448086256364 ] ] ] } },
{ "type": "Feature", "properties": { "h3_id": "89415cb4803ffff", "h3_resolution": 9, "h3_parent_res8": "88415cb481fffff", "centroid_lat": 21.018566210426808, "centroid_lon": 105.82188735965549, "legacy_district": "Đống Đa" }, "geometry": { "type": "Polygon", "coordinates": [ [ [ 105.823834395202582, 21.017959756018843 ], [ 105.823371960858111, 21.019814508001279 ], [ 105.821424907376667, 21.020420960367478 ], [ 105.819940295153941, 21.019172646767849 ], [ 105.820402758480753, 21.01731787909619 ], [ 105.822349805048617, 21.016711440712971 ], [ 105.823834395202582, 21.017959756018843 ] ] ] } },
{ "type": "Feature", "properties": { "h3_id": "89415cb4807ffff", "h3_resolution": 9, "h3_parent_res8": "88415cb481fffff", "centroid_lat": 21.017924299412563, "centroid_lon": 105.81845568296168, "legacy_district": "Đống Đa" }, "geometry": { "type": "Polygon", "coordinates": [ [ [ 105.820402758480753, 21.01731787909619 ], [ 105.819940295153941, 21.019172646767849 ], [ 105.817993201701768, 21.019779065039302 ], [ 105.816508578495274, 21.018530701659461 ], [ 105.81697107080187, 21.016675918304152 ], [ 105.81891815733583, 21.016069514011924 ], [ 105.820402758480753, 21.01731787909619 ] ] ] } },
{ "type": "Feature", "properties": { "h3_id": "89415cb480bffff", "h3_resolution": 9, "h3_parent_res8": "88415cb481fffff", "centroid_lat": 21.021669240208919, "centroid_lon": 105.82290951962786, "legacy_district": "Đống Đa" }, "geometry": { "type": "Polygon", "coordinates": [ [ [ 105.824856562086552, 21.021062771817046 ], [ 105.824394131905521, 21.022917486289646 ], [ 105.822447071511775, 21.023523952637838 ], [ 105.820962448212015, 21.022275690531021 ], [ 105.821424907376667, 21.020420960367478 ], [ 105.823371960858111, 21.019814508001279 ], [ 105.824856562086552, 21.021062771817046 ] ] ] } },
{ "type": "Feature", "properties": { "h3_id": "89415cb480fffff", "h3_resolution": 9, "h3_parent_res8": "88415cb481fffff", "centroid_lat": 21.021027394663999, "centroid_lon": 105.81947782494136, "legacy_district": "Ba Đình" }, "geometry": { "type": "Polygon", "coordinates": [ [ [ 105.821424907376667, 21.020420960367478 ], [ 105.820962448212015, 21.022275690531021 ], [ 105.819015347842864, 21.022882122780707 ], [ 105.817530713555996, 21.021633810888201 ], [ 105.817993201701768, 21.019779065039302 ], [ 105.819940295153941, 21.019172646767849 ], [ 105.821424907376667, 21.020420960367478 ] ] ] } },
{ "type": "Feature", "properties": { "h3_id": "89415cb4813ffff", "h3_resolution": 9, "h3_parent_res8": "88415cb481fffff", "centroid_lat": 21.01610498426556, "centroid_lon": 105.82429682266141, "legacy_district": "Đống Đa" }, "geometry": { "type": "Polygon", "coordinates": [ [ [ 105.826243811315308, 21.01549850975659 ], [ 105.825781401791346, 21.01735328354658 ], [ 105.823834395202582, 21.017959756018843 ], [ 105.822349805048617, 21.016711440712971 ], [ 105.8228122435561, 21.014856651229884 ], [ 105.824759243234681, 21.014250192745354 ], [ 105.826243811315308, 21.01549850975659 ] ] ] } },
{ "type": "Feature", "properties": { "h3_id": "89415cb4817ffff", "h3_resolution": 9, "h3_parent_res8": "88415cb481fffff", "centroid_lat": 21.015463091652961, "centroid_lon": 105.82086521492187, "legacy_district": "Đống Đa" }, "geometry": { "type": "Polygon", "coordinates": [ [ [ 105.8228122435561, 21.014856651229884 ], [ 105.822349805048617, 21.016711440712971 ], [ 105.820402758480753, 21.01731787909619 ], [ 105.81891815733583, 21.016069514011924 ], [ 105.819380624824333, 21.01421470884134 ], [ 105.82132766447738, 21.013608284442089 ], [ 105.8228122435561, 21.014856651229884 ] ] ] } },
{ "type": "Feature", "properties": { "h3_id": "89415cb481bffff", "h3_resolution": 9, "h3_parent_res8": "88415cb481fffff", "centroid_lat": 21.019208037568045, "centroid_lon": 105.82531898538178, "legacy_district": "Đống Đa" }, "geometry": { "type": "Polygon", "coordinates": [ [ [ 105.827265980943892, 21.018601549070421 ], [ 105.826803575584236, 21.020456285358051 ], [ 105.824856562086552, 21.021062771817046 ], [ 105.823371960858111, 21.019814508001279 ], [ 105.823834395202582, 21.017959756018843 ], [ 105.825781401791346, 21.01735328354658 ], [ 105.827265980943892, 21.018601549070421 ] ] ] } },
{ "type": "Feature", "properties": { "h3_id": "89415cb4823ffff", "h3_resolution": 9, "h3_parent_res8": "88415cb483fffff", "centroid_lat": 21.0197434519342, "centroid_lon": 105.81261428273574, "legacy_district": "Ba Đình" }, "geometry": { "type": "Polygon", "coordinates": [ [ [ 105.814561445085317, 21.01913708583421 ], [ 105.814098927960941, 21.02099184736289 ], [ 105.812151747680019, 21.021598211409735 ], [ 105.810667091450355, 21.020349799956776 ], [ 105.811129637550835, 21.018495022753918 ], [ 105.813076810905514, 21.017888672677792 ], [ 105.814561445085317, 21.01913708583421 ] ] ] } },
{ "type": "Feature", "properties": { "h3_id": "89415cb4827ffff", "h3_resolution": 9, "h3_parent_res8": "88415cb483fffff", "centroid_lat": 21.019101354752724, "centroid_lon": 105.80918243526361, "legacy_district": "Đống Đa" }, "geometry": { "type": "Polygon", "coordinates": [ [ [ 105.811129637550835, 21.018495022753918 ], [ 105.810667091450355, 21.020349799956776 ], [ 105.808719871233023, 21.020956129899304 ], [ 105.807235204047714, 21.019707668671579 ], [ 105.807697779121781, 21.017852875800106 ], [ 105.809644992408209, 21.017246559824567 ], [ 105.811129637550835, 21.018495022753918 ] ] ] } },
{ "type": "Feature", "properties": { "h3_id": "89415cb482bffff", "h3_resolution": 9, "h3_parent_res8": "88415cb483fffff", "centroid_lat": 21.022846589109076, "centroid_lon": 105.81363640395058, "legacy_district": "Ba Đình" }, "geometry": { "type": "Polygon", "coordinates": [ [ [ 105.815583573224458, 21.022240209037442 ], [ 105.815121060260083, 21.024094933052258 ], [ 105.81317387305414, 21.024701311068839 ], [ 105.811689205738233, 21.02345295110046 ], [ 105.812151747680019, 21.021598211409735 ], [ 105.814098927960941, 21.02099184736289 ], [ 105.815583573224458, 21.022240209037442 ] ] ] } },
{ "type": "Feature", "properties": { "h3_id": "89415cb482fffff", "h3_resolution": 9, "h3_parent_res8": "88415cb483fffff", "centroid_lat": 21.022204557376433, "centroid_lon": 105.81020453846386, "legacy_district": "Đống Đa" }, "geometry": { "type": "Polygon", "coordinates": [ [ [ 105.812151747680019, 21.021598211409735 ], [ 105.811689205738233, 21.02345295110046 ], [ 105.809741978591248, 21.024059295008961 ], [ 105.808257300316342, 21.022810885260334 ], [ 105.808719871233023, 21.020956129899304 ], [ 105.810667091450355, 21.020349799956776 ], [ 105.812151747680019, 21.021598211409735 ] ] ] } },
{ "type": "Feature", "properties": { "h3_id": "89415cb4833ffff", "h3_resolution": 9, "h3_parent_res8": "88415cb483fffff", "centroid_lat": 21.017282304526987, "centroid_lon": 105.81502395532381, "legacy_district": "Ba Đình" }, "geometry": { "type": "Polygon", "coordinates": [ [ [ 105.81697107080187, 21.016675918304152 ], [ 105.816508578495274, 21.018530701659461 ], [ 105.814561445085317, 21.01913708583421 ], [ 105.813076810905514, 21.017888672677792 ], [ 105.813539332189436, 21.016033873644435 ], [ 105.815486458676503, 21.015427503445149 ], [ 105.81697107080187, 21.016675918304152 ] ] ] } },
{ "type": "Feature", "properties": { "h3_id": "89415cb4837ffff", "h3_resolution": 9, "h3_parent_res8": "88415cb483fffff", "centroid_lat": 21.016640225771795, "centroid_lon": 105.81159217676539, "legacy_district": "Đống Đa" }, "geometry": { "type": "Polygon", "coordinates": [ [ [ 105.813539332189436, 21.016033873644435 ], [ 105.813076810905514, 21.017888672677792 ], [ 105.811129637550835, 21.018495022753918 ], [ 105.809644992408209, 21.017246559824567 ], [ 105.810107542666927, 21.015391745118738 ], [ 105.812054709094113, 21.014785409014326 ], [ 105.813539332189436, 21.016033873644435 ] ] ] } },
{ "type": "Feature", "properties": { "h3_id": "89415cb483bffff", "h3_resolution": 9, "h3_parent_res8": "88415cb483fffff", "centroid_lat": 21.020385465238533, "centroid_lon": 105.81604607930281, "legacy_district": "Ba Đình" }, "geometry": { "type": "Polygon", "coordinates": [ [ [ 105.817993201701768, 21.019779065039302 ], [ 105.817530713555996, 21.021633810888201 ], [ 105.815583573224458, 21.022240209037442 ], [ 105.814098927960941, 21.02099184736289 ], [ 105.814561445085317, 21.01913708583421 ], [ 105.816508578495274, 21.018530701659461 ], [ 105.817993201701768, 21.019779065039302 ] ] ] } },
{ "type": "Feature", "properties": { "h3_id": "89415cb4843ffff", "h3_resolution": 9, "h3_parent_res8": "88415cb485fffff", "centroid_lat": 21.025413877158847, "centroid_lon": 105.82736335653229, "legacy_district": "Đống Đa" }, "geometry": { "type": "Polygon", "coordinates": [ [ [ 105.829310365907062, 21.024807360686914 ], [ 105.828847968877412, 21.026662021942261 ], [ 105.826900941565626, 21.027268536371757 ], [ 105.825416318190562, 21.026020375560734 ], [ 105.825878744207671, 21.024165698607138 ], [ 105.82782576461301, 21.023559198162388 ], [ 105.829310365907062, 21.024807360686914 ] ] ] } },
{ "type": "Feature", "properties": { "h3_id": "89415cb4847ffff", "h3_resolution": 9, "h3_parent_res8": "88415cb485fffff", "centroid_lat": 21.02477218098192, "centroid_lon": 105.82393169483862, "legacy_district": "Đống Đa" }, "geometry": { "type": "Polygon", "coordinates": [ [ [ 105.825878744207671, 21.024165698607138 ], [ 105.825416318190562, 21.026020375560734 ], [ 105.823469250885751, 21.026626855889912 ], [ 105.821984616509738, 21.025378645284089 ], [ 105.822447071511775, 21.023523952637838 ], [ 105.824394131905521, 21.022917486289646 ], [ 105.825878744207671, 21.024165698607138 ] ] ] } },
{ "type": "Feature", "properties": { "h3_id": "89415cb484bffff", "h3_resolution": 9, "h3_parent_res8": "88415cb485fffff", "centroid_lat": 21.028516663412464, "centroid_lon": 105.82838556496179, "legacy_district": "Đống Đa" }, "geometry": { "type": "Polygon", "coordinates": [ [ [ 105.830332581241038, 21.027910132954855 ], [ 105.829870188377086, 21.029764756680315 ], [ 105.827923154160118, 21.030371285093565 ], [ 105.826438519712923, 21.029123175797171 ], [ 105.826900941565626, 21.027268536371757 ], [ 105.828847968877412, 21.026662021942261 ], [ 105.830332581241038, 21.027910132954855 ] ] ] } },
{ "type": "Feature", "properties": { "h3_id": "89415cb484fffff", "h3_resolution": 9, "h3_parent_res8": "88415cb485fffff", "centroid_lat": 21.027875032728456, "centroid_lon": 105.82495388528747, "legacy_district": "Đống Đa" }, "geometry": { "type": "Polygon", "coordinates": [ [ [ 105.826900941565626, 21.027268536371757 ], [ 105.826438519712923, 21.029123175797171 ], [ 105.824491445498296, 21.029729670106363 ], [ 105.823006800046812, 21.028481511009716 ], [ 105.823469250885751, 21.026626855889912 ], [ 105.825416318190562, 21.026020375560734 ], [ 105.826900941565626, 21.027268536371757 ] ] ] } },
{ "type": "Feature", "properties": { "h3_id": "89415cb4853ffff", "h3_resolution": 9, "h3_parent_res8": "88415cb485fffff", "centroid_lat": 21.022952679650331, "centroid_lon": 105.82977275605086, "legacy_district": "Đống Đa" }, "geometry": { "type": "Polygon", "coordinates": [ [ [ 105.831719718517306, 21.022346143073598 ], [ 105.831257346311048, 21.024200826147563 ], [ 105.829310365907062, 21.024807360686914 ], [ 105.82782576461301, 21.023559198162388 ], [ 105.828288165807919, 21.021704499386317 ], [ 105.830235139308868, 21.021097978836469 ], [ 105.831719718517306, 21.022346143073598 ] ] ] } },
{ "type": "Feature", "properties": { "h3_id": "89415cb4857ffff", "h3_resolution": 9, "h3_parent_res8": "88415cb485fffff", "centroid_lat": 21.0223110018716, "centroid_lon": 105.82634116333885, "legacy_district": "Đống Đa" }, "geometry": { "type": "Polygon", "coordinates": [ [ [ 105.828288165807919, 21.021704499386317 ], [ 105.82782576461301, 21.023559198162388 ], [ 105.825878744207671, 21.024165698607138 ], [ 105.824394131905521, 21.022917486289646 ], [ 105.824856562086552, 21.021062771817046 ], [ 105.826803575584236, 21.020456285358051 ], [ 105.828288165807919, 21.021704499386317 ] ] ] } },
{ "type": "Feature", "properties": { "h3_id": "89415cb485bffff", "h3_resolution": 9, "h3_parent_res8": "88415cb485fffff", "centroid_lat": 21.026055489442623, "centroid_lon": 105.83079496721899, "legacy_district": "Đống Đa" }, "geometry": { "type": "Polygon", "coordinates": [ [ [ 105.832741936586487, 21.025448938875478 ], [ 105.832279568546781, 21.027303584426999 ], [ 105.830332581241038, 21.027910132954855 ], [ 105.828847968877412, 21.026662021942261 ], [ 105.829310365907062, 21.024807360686914 ], [ 105.831257346311048, 21.024200826147563 ], [ 105.832741936586487, 21.025448938875478 ] ] ] } },
{ "type": "Feature", "properties": { "h3_id": "89415cb4863ffff", "h3_resolution": 9, "h3_parent_res8": "88415cb487fffff", "centroid_lat": 21.026591519660055, "centroid_lon": 105.81809037298788, "legacy_district": "Ba Đình" }, "geometry": { "type": "Polygon", "coordinates": [ [ [ 105.820037509224889, 21.025985091511014 ], [ 105.819575029402216, 21.027839762319605 ], [ 105.81762787523121, 21.028446188414836 ], [ 105.816143207802639, 21.027197929728562 ], [ 105.816605716606517, 21.025343243236758 ], [ 105.818552863858415, 21.024736831114041 ], [ 105.820037509224889, 21.025985091511014 ] ] ] } },
{ "type": "Feature", "properties": { "h3_id": "89415cb4867ffff", "h3_resolution": 9, "h3_parent_res8": "88415cb487fffff", "centroid_lat": 21.025949637279055, "centroid_lon": 105.8146585404096, "legacy_district": "Ba Đình" }, "geometry": { "type": "Polygon", "coordinates": [ [ [ 105.816605716606517, 21.025343243236758 ], [ 105.816143207802639, 21.027197929728562 ], [ 105.814196013672941, 21.02780432171388 ], [ 105.81271133527153, 21.02655601323826 ], [ 105.81317387305414, 21.024701311068839 ], [ 105.815121060260083, 21.024094933052258 ], [ 105.816605716606517, 21.025343243236758 ] ] ] } },
{ "type": "Feature", "properties": { "h3_id": "89415cb486bffff", "h3_resolution": 9, "h3_parent_res8": "88415cb487fffff", "centroid_lat": 21.029694413335342, "centroid_lon": 105.81911254269336, "legacy_district": "Ba Đình" }, "geometry": { "type": "Polygon", "coordinates": [ [ [ 105.821059685847487, 21.029087971212888 ], [ 105.820597210187074, 21.030942604487567 ], [ 105.81865004909821, 21.031549044554296 ], [ 105.81716537058827, 21.03030083737443 ], [ 105.81762787523121, 21.028446188414836 ], [ 105.819575029402216, 21.027839762319605 ], [ 105.821059685847487, 21.029087971212888 ] ] ] } },
{ "type": "Feature", "properties": { "h3_id": "89415cb486fffff", "h3_resolution": 9, "h3_parent_res8": "88415cb487fffff", "centroid_lat": 21.029052596426784, "centroid_lon": 105.81568069211251, "legacy_district": "Ba Đình" }, "geometry": { "type": "Polygon", "coordinates": [ [ [ 105.81762787523121, 21.028446188414836 ], [ 105.81716537058827, 21.03030083737443 ], [ 105.815218169536067, 21.030907243327508 ], [ 105.813733480049962, 21.029658986352821 ], [ 105.814196013672941, 21.02780432171388 ], [ 105.816143207802639, 21.027197929728562 ], [ 105.81762787523121, 21.028446188414836 ] ] ] } },
{ "type": "Feature", "properties": { "h3_id": "89415cb4873ffff", "h3_resolution": 9, "h3_parent_res8": "88415cb487fffff", "centroid_lat": 21.024130400913517, "centroid_lon": 105.82049998216145, "legacy_district": "Ba Đình" }, "geometry": { "type": "Polygon", "coordinates": [ [ [ 105.822447071511775, 21.023523952637838 ], [ 105.821984616509738, 21.025378645284089 ], [ 105.820037509224889, 21.025985091511014 ], [ 105.818552863858415, 21.024736831114041 ], [ 105.819015347842864, 21.022882122780707 ], [ 105.820962448212015, 21.022275690531021 ], [ 105.822447071511775, 21.023523952637838 ] ] ] } },
{ "type": "Feature", "properties": { "h3_id": "89415cb4877ffff", "h3_resolution": 9, "h3_parent_res8": "88415cb487fffff", "centroid_lat": 21.023488536955334, "centroid_lon": 105.81706821852427, "legacy_district": "Ba Đình" }, "geometry": { "type": "Polygon", "coordinates": [ [ [ 105.819015347842864, 21.022882122780707 ], [ 105.818552863858415, 21.024736831114041 ], [ 105.816605716606517, 21.025343243236758 ], [ 105.815121060260083, 21.024094933052258 ], [ 105.815583573224458, 21.022240209037442 ], [ 105.817530713555996, 21.021633810888201 ], [ 105.819015347842864, 21.022882122780707 ] ] ] } },
{ "type": "Feature", "properties": { "h3_id": "89415cb487bffff", "h3_resolution": 9, "h3_parent_res8": "88415cb487fffff", "centroid_lat": 21.027233318143757, "centroid_lon": 105.82152215462168, "legacy_district": "Ba Đình" }, "geometry": { "type": "Polygon", "coordinates": [ [ [ 105.823469250885751, 21.026626855889912 ], [ 105.823006800046812, 21.028481511009716 ], [ 105.821059685847487, 21.029087971212888 ], [ 105.819575029402216, 21.027839762319605 ], [ 105.820037509224889, 21.025985091511014 ], [ 105.821984616509738, 21.025378645284089 ], [ 105.823469250885751, 21.026626855889912 ] ] ] } },
{ "type": "Feature", "properties": { "h3_id": "89415cb4883ffff", "h3_resolution": 9, "h3_parent_res8": "88415cb489fffff", "centroid_lat": 21.010540550419911, "centroid_lon": 105.82568406372486, "legacy_district": "Đống Đa" }, "geometry": { "type": "Polygon", "coordinates": [ [ [ 105.827630998574548, 21.009934069814769 ], [ 105.827168609706803, 21.011788902886753 ], [ 105.825221656922466, 21.012395381462156 ], [ 105.823737099914524, 21.011147012971708 ], [ 105.824199517765678, 21.009292164204485 ], [ 105.82614646364199, 21.008685699622553 ], [ 105.827630998574548, 21.009934069814769 ] ] ] } },
{ "type": "Feature", "properties": { "h3_id": "89415cb4887ffff", "h3_resolution": 9, "h3_parent_res8": "88415cb489fffff", "centroid_lat": 21.009898610733185, "centroid_lon": 105.82225254293195, "legacy_district": "Đống Đa" }, "geometry": { "type": "Polygon", "coordinates": [ [ [ 105.824199517765678, 21.009292164204485 ], [ 105.823737099914524, 21.011147012971708 ], [ 105.821790107147365, 21.01175345746752 ], [ 105.820305539144684, 21.010505039205995 ], [ 105.820767985976715, 21.008650174749111 ], [ 105.822714971831203, 21.008043744243015 ], [ 105.824199517765678, 21.009292164204485 ] ] ] } },
{ "type": "Feature", "properties": { "h3_id": "89415cb488bffff", "h3_resolution": 9, "h3_parent_res8": "88415cb489fffff", "centroid_lat": 21.013643716201997, "centroid_lon": 105.82670621395376, "legacy_district": "Đống Đa" }, "geometry": { "type": "Polygon", "coordinates": [ [ [ 105.828653155709503, 21.01303722160247 ], [ 105.828190771006433, 21.014892017188703 ], [ 105.826243811315308, 21.01549850975659 ], [ 105.824759243234681, 21.014250192745354 ], [ 105.825221656922466, 21.012395381462156 ], [ 105.827168609706803, 21.011788902886753 ], [ 105.828653155709503, 21.01303722160247 ] ] ] } },
{ "type": "Feature", "properties": { "h3_id": "89415cb488fffff", "h3_resolution": 9, "h3_parent_res8": "88415cb489fffff", "centroid_lat": 21.013001841981477, "centroid_lon": 105.82327467517804, "legacy_district": "Đống Đa" }, "geometry": { "type": "Polygon", "coordinates": [ [ [ 105.825221656922466, 21.012395381462156 ], [ 105.824759243234681, 21.014250192745354 ], [ 105.8228122435561, 21.014856651229884 ], [ 105.82132766447738, 21.013608284442089 ], [ 105.821790107147365, 21.01175345746752 ], [ 105.823737099914524, 21.011147012971708 ], [ 105.825221656922466, 21.012395381462156 ] ] ] } },
{ "type": "Feature", "properties": { "h3_id": "89415cb4893ffff", "h3_resolution": 9, "h3_parent_res8": "88415cb489fffff", "centroid_lat": 21.008079216990009, "centroid_lon": 105.82809338055705, "legacy_district": "Đống Đa" }, "geometry": { "type": "Polygon", "coordinates": [ [ [ 105.83004026850702, 21.007472716309515 ], [ 105.829577904459711, 21.009327571158938 ], [ 105.827630998574548, 21.009934069814769 ], [ 105.82614646364199, 21.008685699622553 ], [ 105.826608856673914, 21.006830829074008 ], [ 105.828555755654449, 21.006224344416399 ], [ 105.83004026850702, 21.007472716309515 ] ] ] } },
{ "type": "Feature", "properties": { "h3_id": "89415cb4897ffff", "h3_resolution": 9, "h3_parent_res8": "88415cb489fffff", "centroid_lat": 21.007437295683768, "centroid_lon": 105.82466192873156, "legacy_district": "Đống Đa" }, "geometry": { "type": "Polygon", "coordinates": [ [ [ 105.826608856673914, 21.006830829074008 ], [ 105.82614646364199, 21.008685699622553 ], [ 105.824199517765678, 21.009292164204485 ], [ 105.822714971831203, 21.008043744243015 ], [ 105.823177393845242, 21.006188858000954 ], [ 105.825124332812294, 21.005582407413474 ], [ 105.826608856673914, 21.006830829074008 ] ] ] } },
{ "type": "Feature", "properties": { "h3_id": "89415cb489bffff", "h3_resolution": 9, "h3_parent_res8": "88415cb489fffff", "centroid_lat": 21.011182406257902, "centroid_lon": 105.82911553352723, "legacy_district": "Đống Đa" }, "geometry": { "type": "Polygon", "coordinates": [ [ [ 105.831062428379866, 21.010575891578274 ], [ 105.830600068498057, 21.01243070894941 ], [ 105.828653155709503, 21.01303722160247 ], [ 105.827168609706803, 21.011788902886753 ], [ 105.827630998574548, 21.009934069814769 ], [ 105.829577904459711, 21.009327571158938 ], [ 105.831062428379866, 21.010575891578274 ] ] ] } },
{ "type": "Feature", "properties": { "h3_id": "89415cb48a3ffff", "h3_resolution": 9, "h3_parent_res8": "88415cb48bfffff", "centroid_lat": 21.011717841973368, "centroid_lon": 105.81641144472489, "legacy_district": "Đống Đa" }, "geometry": { "type": "Polygon", "coordinates": [ [ [ 105.818358506407719, 21.011111449620262 ], [ 105.817896034758007, 21.012966292280623 ], [ 105.815948955143497, 21.013572682592635 ], [ 105.814464354100053, 21.012324216262652 ], [ 105.814926854726963, 21.010469357922087 ], [ 105.816873927420744, 21.00986298159129 ], [ 105.818358506407719, 21.011111449620262 ] ] ] } },
{ "type": "Feature", "properties": { "h3_id": "89415cb48a7ffff", "h3_resolution": 9, "h3_parent_res8": "88415cb48bfffff", "centroid_lat": 21.011075716189154, "centroid_lon": 105.81297975309442, "legacy_district": "Đống Đa" }, "geometry": { "type": "Polygon", "coordinates": [ [ [ 105.814926854726963, 21.010469357922087 ], [ 105.814464354100053, 21.012324216262652 ], [ 105.812517234537097, 21.012930572485477 ], [ 105.811032622527037, 21.011682056389869 ], [ 105.811495152128614, 21.009827182374689 ], [ 105.813442264766238, 21.009220840129316 ], [ 105.814926854726963, 21.010469357922087 ] ] ] } },
{ "type": "Feature", "properties": { "h3_id": "89415cb48abffff", "h3_resolution": 9, "h3_parent_res8": "88415cb48bfffff", "centroid_lat": 21.014821115176563, "centroid_lon": 105.81743355622275, "legacy_district": "Đống Đa" }, "geometry": { "type": "Polygon", "coordinates": [ [ [ 105.819380624824333, 21.01421470884134 ], [ 105.81891815733583, 21.016069514011924 ], [ 105.81697107080187, 21.016675918304152 ], [ 105.815486458676503, 21.015427503445149 ], [ 105.815948955143497, 21.013572682592635 ], [ 105.817896034758007, 21.012966292280623 ], [ 105.819380624824333, 21.01421470884134 ] ] ] } },
{ "type": "Feature", "properties": { "h3_id": "89415cb48afffff", "h3_resolution": 9, "h3_parent_res8": "88415cb48bfffff", "centroid_lat": 21.014179054838074, "centroid_lon": 105.81400184658759, "legacy_district": "Đống Đa" }, "geometry": { "type": "Polygon", "coordinates": [ [ [ 105.815948955143497, 21.013572682592635 ], [ 105.815486458676503, 21.015427503445149 ], [ 105.813539332189436, 21.016033873644435 ], [ 105.812054709094113, 21.014785409014326 ], [ 105.812517234537097, 21.012930572485477 ], [ 105.814464354100053, 21.012324216262652 ], [ 105.815948955143497, 21.013572682592635 ] ] ] } },
{ "type": "Feature", "properties": { "h3_id": "89415cb48b3ffff", "h3_resolution": 9, "h3_parent_res8": "88415cb48bfffff", "centroid_lat": 21.009256587199417, "centroid_lon": 105.81882097117196, "legacy_district": "Đống Đa" }, "geometry": { "type": "Polygon", "coordinates": [ [ [ 105.820767985976715, 21.008650174749111 ], [ 105.820305539144684, 21.010505039205995 ], [ 105.818358506407719, 21.011111449620262 ], [ 105.816873927420744, 21.00986298159129 ], [ 105.817336403231195, 21.008008101450347 ], [ 105.819283429050856, 21.00740170502203 ], [ 105.820767985976715, 21.008650174749111 ] ] ] } },
{ "type": "Feature", "properties": { "h3_id": "89415cb48b7ffff", "h3_resolution": 9, "h3_parent_res8": "88415cb48bfffff", "centroid_lat": 21.008614479820327, "centroid_lon": 105.81538934846837, "legacy_district": "Đống Đa" }, "geometry": { "type": "Polygon", "coordinates": [ [ [ 105.817336403231195, 21.008008101450347 ], [ 105.816873927420744, 21.00986298159129 ], [ 105.814926854726963, 21.010469357922087 ], [ 105.813442264766238, 21.009220840129316 ], [ 105.813904769552565, 21.007365944309889 ], [ 105.815851835324395, 21.006759581961298 ], [ 105.817336403231195, 21.008008101450347 ] ] ] } },
{ "type": "Feature", "properties": { "h3_id": "89415cb48bbffff", "h3_resolution": 9, "h3_parent_res8": "88415cb48bfffff", "centroid_lat": 21.012359883904704, "centroid_lon": 105.81984308542724, "legacy_district": "Đống Đa" }, "geometry": { "type": "Polygon", "coordinates": [ [ [ 105.821790107147365, 21.01175345746752 ], [ 105.82132766447738, 21.013608284442089 ], [ 105.819380624824333, 21.01421470884134 ], [ 105.817896034758007, 21.012966292280623 ], [ 105.818358506407719, 21.011111449620262 ], [ 105.820305539144684, 21.010505039205995 ], [ 105.821790107147365, 21.01175345746752 ] ] ] } },
{ "type": "Feature", "properties": { "h3_id": "89415cb48c3ffff", "h3_resolution": 9, "h3_parent_res8": "88415cb48dfffff", "centroid_lat": 21.017388517892595, "centroid_lon": 105.83115988516793, "legacy_district": "Đống Đa" }, "geometry": { "type": "Polygon", "coordinates": [ [ [ 105.833106793822168, 21.016781975217668 ], [ 105.832644442272766, 21.018636717604718 ], [ 105.830697515681194, 21.019243258249247 ], [ 105.829212947540569, 21.017995042511068 ], [ 105.82967532807848, 21.016140284419745 ], [ 105.831622247769161, 21.015533757770459 ], [ 105.833106793822168, 21.016781975217668 ] ] ] } },
{ "type": "Feature", "properties": { "h3_id": "89415cb48c7ffff", "h3_resolution": 9, "h3_parent_res8": "88415cb48dfffff", "centroid_lat": 21.016746793012668, "centroid_lon": 105.82772837941793, "legacy_district": "Đống Đa" }, "geometry": { "type": "Polygon", "coordinates": [ [ [ 105.82967532807848, 21.016140284419745 ], [ 105.829212947540569, 21.017995042511068 ], [ 105.827265980943892, 21.018601549070421 ], [ 105.825781401791346, 21.01735328354658 ], [ 105.826243811315308, 21.01549850975659 ], [ 105.828190771006433, 21.014892017188703 ], [ 105.82967532807848, 21.016140284419745 ] ] ] } },
{ "type": "Feature", "properties": { "h3_id": "89415cb48cbffff", "h3_resolution": 9, "h3_parent_res8": "88415cb48dfffff", "centroid_lat": 21.020491440224674, "centroid_lon": 105.83218208383784, "legacy_district": "Đống Đa" }, "geometry": { "type": "Polygon", "coordinates": [ [ [ 105.834128999390998, 21.019884883553598 ], [ 105.833666652008503, 21.021739588434837 ], [ 105.831719718517306, 21.022346143073598 ], [ 105.830235139308868, 21.021097978836469 ], [ 105.830697515681194, 21.019243258249247 ], [ 105.832644442272766, 21.018636717604718 ], [ 105.834128999390998, 21.019884883553598 ] ] ] } },
{ "type": "Feature", "properties": { "h3_id": "89415cb48cfffff", "h3_resolution": 9, "h3_parent_res8": "88415cb48dfffff", "centroid_lat": 21.019849780834562, "centroid_lon": 105.82875056011707, "legacy_district": "Đống Đa" }, "geometry": { "type": "Polygon", "coordinates": [ [ [ 105.830697515681194, 21.019243258249247 ], [ 105.830235139308868, 21.021097978836469 ], [ 105.828288165807919, 21.021704499386317 ], [ 105.826803575584236, 21.020456285358051 ], [ 105.827265980943892, 21.018601549070421 ], [ 105.829212947540569, 21.017995042511068 ], [ 105.830697515681194, 21.019243258249247 ] ] ] } },
{ "type": "Feature", "properties": { "h3_id": "89415cb48d3ffff", "h3_resolution": 9, "h3_parent_res8": "88415cb48dfffff", "centroid_lat": 21.014927213067455, "centroid_lon": 105.83356913848613, "legacy_district": "Đống Đa" }, "geometry": { "type": "Polygon", "coordinates": [ [ [ 105.83551600022551, 21.014320650313373 ], [ 105.835053673499402, 21.016175414488927 ], [ 105.833106793822168, 21.016781975217668 ], [ 105.831622247769161, 21.015533757770459 ], [ 105.832084603485015, 21.013678977886773 ], [ 105.834031476264755, 21.013072431158015 ], [ 105.83551600022551, 21.014320650313373 ] ] ] } },
{ "type": "Feature", "properties": { "h3_id": "89415cb48d7ffff", "h3_resolution": 9, "h3_parent_res8": "88415cb48dfffff", "centroid_lat": 21.014285506564555, "centroid_lon": 105.83013770173096, "legacy_district": "Đống Đa" }, "geometry": { "type": "Polygon", "coordinates": [ [ [ 105.832084603485015, 21.013678977886773 ], [ 105.831622247769161, 21.015533757770459 ], [ 105.82967532807848, 21.016140284419745 ], [ 105.828190771006433, 21.014892017188703 ], [ 105.828653155709503, 21.01303722160247 ], [ 105.830600068498057, 21.01243070894941 ], [ 105.832084603485015, 21.013678977886773 ] ] ] } },
{ "type": "Feature", "properties": { "h3_id": "89415cb48dbffff", "h3_resolution": 9, "h3_parent_res8": "88415cb48dfffff", "centroid_lat": 21.018030158903649, "centroid_lon": 105.83459133988794, "legacy_district": "Đống Đa" }, "geometry": { "type": "Polygon", "coordinates": [ [ [ 105.836538208522839, 21.017423582148666 ], [ 105.836075885964476, 21.019278308825868 ], [ 105.834128999390998, 21.019884883553598 ], [ 105.832644442272766, 21.018636717604718 ], [ 105.833106793822168, 21.016781975217668 ], [ 105.835053673499402, 21.016175414488927 ], [ 105.836538208522839, 21.017423582148666 ] ] ] } },
{ "type": "Feature", "properties": { "h3_id": "89415cb4903ffff", "h3_resolution": 9, "h3_parent_res8": "88415cb491fffff", "centroid_lat": 21.014071072088825, "centroid_lon": 105.79786455379592, "legacy_district": "Cầu Giấy" }, "geometry": { "type": "Polygon", "coordinates": [ [ [ 105.799811868873917, 21.013464856362813 ], [ 105.799349231705889, 21.015319718052517 ], [ 105.797401898702219, 21.01592593171469 ], [ 105.795917209813297, 21.014677269730079 ], [ 105.796379875946059, 21.012822392390262 ], [ 105.798327202003648, 21.012216192684765 ], [ 105.799811868873917, 21.013464856362813 ] ] ] } },
{ "type": "Feature", "properties": { "h3_id": "89415cb4907ffff", "h3_resolution": 9, "h3_parent_res8": "88415cb491fffff", "centroid_lat": 21.01342857401109, "centroid_lon": 105.7944325209871, "legacy_district": "Cầu Giấy" }, "geometry": { "type": "Polygon", "coordinates": [ [ [ 105.796379875946059, 21.012822392390262 ], [ 105.795917209813297, 21.014677269730079 ], [ 105.79396983692989, 21.015283449283928 ], [ 105.792485137130626, 21.014034737544613 ], [ 105.792947832225607, 21.012179844560269 ], [ 105.794895198158301, 21.011573678959348 ], [ 105.796379875946059, 21.012822392390262 ] ] ] } },
{ "type": "Feature", "properties": { "h3_id": "89415cb490bffff", "h3_resolution": 9, "h3_parent_res8": "88415cb491fffff", "centroid_lat": 21.01717455996241, "centroid_lon": 105.79888658765186, "legacy_district": "Cầu Giấy" }, "geometry": { "type": "Polygon", "coordinates": [ [ [ 105.800833909673983, 21.01656833027879 ], [ 105.800371276660272, 21.018423154470685 ], [ 105.798423936711757, 21.019029382088565 ], [ 105.796939236722451, 21.017780771558428 ], [ 105.797401898702219, 21.01592593171469 ], [ 105.799349231705889, 21.015319718052517 ], [ 105.800833909673983, 21.01656833027879 ] ] ] } },
{ "type": "Feature", "properties": { "h3_id": "89415cb490fffff", "h3_resolution": 9, "h3_parent_res8": "88415cb491fffff", "centroid_lat": 21.016532127289373, "centroid_lon": 105.79545453679449, "legacy_district": "Cầu Giấy" }, "geometry": { "type": "Polygon", "coordinates": [ [ [ 105.797401898702219, 21.01592593171469 ], [ 105.796939236722451, 21.017780771558428 ], [ 105.794991856889567, 21.018386965064213 ], [ 105.793507145986581, 21.017138304773905 ], [ 105.79396983692989, 21.015283449283928 ], [ 105.795917209813297, 21.014677269730079 ], [ 105.797401898702219, 21.01592593171469 ] ] ] } },
{ "type": "Feature", "properties": { "h3_id": "89415cb4913ffff", "h3_resolution": 9, "h3_parent_res8": "88415cb491fffff", "centroid_lat": 21.011609974897247, "centroid_lon": 105.80027449915602, "legacy_district": "Cầu Giấy" }, "geometry": { "type": "Polygon", "coordinates": [ [ [ 105.802221767399317, 21.011003739030343 ], [ 105.801759155043413, 21.012858622554678 ], [ 105.799811868873917, 21.013464856362813 ], [ 105.798327202003648, 21.012216192684765 ], [ 105.798789843325508, 21.010361293506442 ], [ 105.800737122552334, 21.009755073659743 ], [ 105.802221767399317, 21.011003739030343 ] ] ] } },
{ "type": "Feature", "properties": { "h3_id": "89415cb4917ffff", "h3_resolution": 9, "h3_parent_res8": "88415cb491fffff", "centroid_lat": 21.010967495273853, "centroid_lon": 105.79684253519288, "legacy_district": "Cầu Giấy" }, "geometry": { "type": "Polygon", "coordinates": [ [ [ 105.798789843325508, 21.010361293506442 ], [ 105.798327202003648, 21.012216192684765 ], [ 105.796379875946059, 21.012822392390262 ], [ 105.794895198158301, 21.011573678959348 ], [ 105.795357868443588, 21.009718764132632 ], [ 105.79730518755386, 21.009112578384809 ], [ 105.798789843325508, 21.010361293506442 ] ] ] } },
{ "type": "Feature", "properties": { "h3_id": "89415cb491bffff", "h3_resolution": 9, "h3_parent_res8": "88415cb491fffff", "centroid_lat": 21.014713486305475, "centroid_lon": 105.80129653580167, "legacy_district": "Cầu Giấy" }, "geometry": { "type": "Polygon", "coordinates": [ [ [ 105.803243810985663, 21.014107236476224 ], [ 105.8027812027849, 21.015962082510217 ], [ 105.800833909673983, 21.01656833027879 ], [ 105.799349231705889, 21.015319718052517 ], [ 105.799811868873917, 21.013464856362813 ], [ 105.801759155043413, 21.012858622554678 ], [ 105.803243810985663, 21.014107236476224 ] ] ] } },
{ "type": "Feature", "properties": { "h3_id": "89415cb4923ffff", "h3_resolution": 9, "h3_parent_res8": "88415cb493fffff", "centroid_lat": 21.015247010339174, "centroid_lon": 105.78859028274056, "legacy_district": "Cầu Giấy" }, "geometry": { "type": "Polygon", "coordinates": [ [ [ 105.790537724380485, 21.014640882988189 ], [ 105.790075004476165, 21.016495754118839 ], [ 105.78812754491355, 21.017101879394623 ], [ 105.78664281221468, 21.015853119594922 ], [ 105.78710556107751, 21.013998232829213 ], [ 105.789053013681382, 21.013392121497841 ], [ 105.790537724380485, 21.014640882988189 ] ] ] } },
{ "type": "Feature", "properties": { "h3_id": "89415cb492bffff", "h3_resolution": 9, "h3_parent_res8": "88415cb493fffff", "centroid_lat": 21.018350605461983, "centroid_lon": 105.78961227768561, "legacy_district": "Cầu Giấy" }, "geometry": { "type": "Polygon", "coordinates": [ [ [ 105.791559726282344, 21.017744464165652 ], [ 105.791097010528858, 21.019599297794485 ], [ 105.789149544008737, 21.020205437013701 ], [ 105.787664800200247, 21.018956728660243 ], [ 105.78812754491355, 21.017101879394623 ], [ 105.790075004476165, 21.016495754118839 ], [ 105.791559726282344, 21.017744464165652 ] ] ] } },
{ "type": "Feature", "properties": { "h3_id": "89415cb492fffff", "h3_resolution": 9, "h3_parent_res8": "88415cb493fffff", "centroid_lat": 21.017707986572432, "centroid_lon": 105.78618005646558, "legacy_district": "Cầu Giấy" }, "geometry": { "type": "Polygon", "coordinates": [ [ [ 105.78812754491355, 21.017101879394623 ], [ 105.787664800200247, 21.018956728660243 ], [ 105.785717293830118, 21.019562833757796 ], [ 105.784232539136113, 21.018314075649638 ], [ 105.784695312806718, 21.01645921075281 ], [ 105.78664281221468, 21.015853119594922 ], [ 105.78812754491355, 21.017101879394623 ] ] ] } },
{ "type": "Feature", "properties": { "h3_id": "89415cb4933ffff", "h3_resolution": 9, "h3_parent_res8": "88415cb493fffff", "centroid_lat": 21.012785992073979, "centroid_lon": 105.79100043739869, "legacy_district": "Cầu Giấy" }, "geometry": { "type": "Polygon", "coordinates": [ [ [ 105.792947832225607, 21.012179844560269 ], [ 105.792485137130626, 21.014034737544613 ], [ 105.790537724380485, 21.014640882988189 ], [ 105.789053013681382, 21.013392121497841 ], [ 105.789515737736082, 21.011537212874558 ], [ 105.791463143530862, 21.010931081380143 ], [ 105.792947832225607, 21.012179844560269 ] ] ] } },
{ "type": "Feature", "properties": { "h3_id": "89415cb493bffff", "h3_resolution": 9, "h3_parent_res8": "88415cb493fffff", "centroid_lat": 21.015889610747717, "centroid_lon": 105.79202243514956, "legacy_district": "Cầu Giấy" }, "geometry": { "type": "Polygon", "coordinates": [ [ [ 105.79396983692989, 21.015283449283928 ], [ 105.793507145986581, 21.017138304773905 ], [ 105.791559726282344, 21.017744464165652 ], [ 105.790075004476165, 21.016495754118839 ], [ 105.790537724380485, 21.014640882988189 ], [ 105.792485137130626, 21.014034737544613 ], [ 105.79396983692989, 21.015283449283928 ] ] ] } },
{ "type": "Feature", "properties": { "h3_id": "89415cb4943ffff", "h3_resolution": 9, "h3_parent_res8": "88415cb495fffff", "centroid_lat": 21.020920242258811, "centroid_lon": 105.80334065484529, "legacy_district": "Đống Đa" }, "geometry": { "type": "Polygon", "coordinates": [ [ [ 105.80528794390699, 21.020313964507817 ], [ 105.804825344017928, 21.022168735533587 ], [ 105.802878037027867, 21.022775011220084 ], [ 105.801393336866468, 21.021526501921912 ], [ 105.801855965725409, 21.019671715237003 ], [ 105.803803265776523, 21.019065453508976 ], [ 105.80528794390699, 21.020313964507817 ] ] ] } },
{ "type": "Feature", "properties": { "h3_id": "89415cb4947ffff", "h3_resolution": 9, "h3_parent_res8": "88415cb495fffff", "centroid_lat": 21.020277958877241, "centroid_lon": 105.79990863676043, "legacy_district": "Cầu Giấy" }, "geometry": { "type": "Polygon", "coordinates": [ [ [ 105.801855965725409, 21.019671715237003 ], [ 105.801393336866468, 21.021526501921912 ], [ 105.799445989974387, 21.022132743494502 ], [ 105.797961278885481, 21.02088418442704 ], [ 105.798423936711757, 21.019029382088565 ], [ 105.800371276660272, 21.018423154470685 ], [ 105.801855965725409, 21.019671715237003 ] ] ] } },
{ "type": "Feature", "properties": { "h3_id": "89415cb494bffff", "h3_resolution": 9, "h3_parent_res8": "88415cb495fffff", "centroid_lat": 21.024023486769188, "centroid_lon": 105.80436273724266, "legacy_district": "Đống Đa" }, "geometry": { "type": "Polygon", "coordinates": [ [ [ 105.806310033241317, 21.023417195058801 ], [ 105.805847437508817, 21.025271928566703 ], [ 105.803900123581087, 21.025878218210671 ], [ 105.80241541232418, 21.024629760388844 ], [ 105.802878037027867, 21.022775011220084 ], [ 105.804825344017928, 21.022168735533587 ], [ 105.806310033241317, 21.023417195058801 ] ] ] } },
{ "type": "Feature", "properties": { "h3_id": "89415cb494fffff", "h3_resolution": 9, "h3_parent_res8": "88415cb495fffff", "centroid_lat": 21.023381268815946, "centroid_lon": 105.80093070112127, "legacy_district": "Đống Đa" }, "geometry": { "type": "Polygon", "coordinates": [ [ [ 105.802878037027867, 21.022775011220084 ], [ 105.80241541232418, 21.024629760388844 ], [ 105.80046805848977, 21.025236015915141 ], [ 105.798983336302044, 21.023987508318545 ], [ 105.799445989974387, 21.022132743494502 ], [ 105.801393336866468, 21.021526501921912 ], [ 105.802878037027867, 21.022775011220084 ] ] ] } },
{ "type": "Feature", "properties": { "h3_id": "89415cb4953ffff", "h3_resolution": 9, "h3_parent_res8": "88415cb495fffff", "centroid_lat": 21.018459173695799, "centroid_lon": 105.80575053690993, "legacy_district": "Đống Đa" }, "geometry": { "type": "Polygon", "coordinates": [ [ [ 105.807697779121781, 21.017852875800106 ], [ 105.807235204047714, 21.019707668671579 ], [ 105.80528794390699, 21.020313964507817 ], [ 105.803803265776523, 21.019065453508976 ], [ 105.804265869821663, 21.017210644974501 ], [ 105.806213123026851, 21.016604363101468 ], [ 105.807697779121781, 21.017852875800106 ] ] ] } },
{ "type": "Feature", "properties": { "h3_id": "89415cb4957ffff", "h3_resolution": 9, "h3_parent_res8": "88415cb495fffff", "centroid_lat": 21.017816908765116, "centroid_lon": 105.8023185876982, "legacy_district": "Cầu Giấy" }, "geometry": { "type": "Polygon", "coordinates": [ [ [ 105.804265869821663, 21.017210644974501 ], [ 105.803803265776523, 21.019065453508976 ], [ 105.801855965725409, 21.019671715237003 ], [ 105.800371276660272, 21.018423154470685 ], [ 105.800833909673983, 21.01656833027879 ], [ 105.8027812027849, 21.015962082510217 ], [ 105.804265869821663, 21.017210644974501 ] ] ] } },
{ "type": "Feature", "properties": { "h3_id": "89415cb495bffff", "h3_resolution": 9, "h3_parent_res8": "88415cb495fffff", "centroid_lat": 21.021562441759116, "centroid_lon": 105.80677262208759, "legacy_district": "Đống Đa" }, "geometry": { "type": "Polygon", "coordinates": [ [ [ 105.808719871233023, 21.020956129899304 ], [ 105.808257300316342, 21.022810885260334 ], [ 105.806310033241317, 21.023417195058801 ], [ 105.804825344017928, 21.022168735533587 ], [ 105.80528794390699, 21.020313964507817 ], [ 105.807235204047714, 21.019707668671579 ], [ 105.808719871233023, 21.020956129899304 ] ] ] } },
{ "type": "Feature", "properties": { "h3_id": "89415cb4963ffff", "h3_resolution": 9, "h3_parent_res8": "88415cb497fffff", "centroid_lat": 21.022096581244785, "centroid_lon": 105.79406647642098, "legacy_district": "Cầu Giấy" }, "geometry": { "type": "Polygon", "coordinates": [ [ [ 105.796013892104369, 21.02149039188377 ], [ 105.795551209465842, 21.023345172357505 ], [ 105.793603775857093, 21.023951359642638 ], [ 105.79211903183915, 21.022702752507428 ], [ 105.792581743441303, 21.020847956389595 ], [ 105.794529170098428, 21.020241783050661 ], [ 105.796013892104369, 21.02149039188377 ] ] ] } },
{ "type": "Feature", "properties": { "h3_id": "89415cb4967ffff", "h3_resolution": 9, "h3_parent_res8": "88415cb497fffff", "centroid_lat": 21.021454111630273, "centroid_lon": 105.79063428788902, "legacy_district": "Cầu Giấy" }, "geometry": { "type": "Polygon", "coordinates": [ [ [ 105.792581743441303, 21.020847956389595 ], [ 105.79211903183915, 21.022702752507428 ], [ 105.790171558362758, 21.023308905669079 ], [ 105.78868680344543, 21.022060248770043 ], [ 105.789149544008737, 21.020205437013701 ], [ 105.791097010528858, 21.019599297794485 ], [ 105.792581743441303, 21.020847956389595 ] ] ] } },
{ "type": "Feature", "properties": { "h3_id": "89415cb496bffff", "h3_resolution": 9, "h3_parent_res8": "88415cb497fffff", "centroid_lat": 21.02519993303336, "centroid_lon": 105.7950885199409, "legacy_district": "Cầu Giấy" }, "geometry": { "type": "Polygon", "coordinates": [ [ [ 105.797035942573942, 21.024593729725229 ], [ 105.796573264088522, 21.026448472677064 ], [ 105.794625823529429, 21.027054673907415 ], [ 105.79314106840674, 21.025806118240297 ], [ 105.793603775857093, 21.023951359642638 ], [ 105.795551209465842, 21.023345172357505 ], [ 105.797035942573942, 21.024593729725229 ] ] ] } },
{ "type": "Feature", "properties": { "h3_id": "89415cb496fffff", "h3_resolution": 9, "h3_parent_res8": "88415cb497fffff", "centroid_lat": 21.02455752882668, "centroid_lon": 105.79165631335052, "legacy_district": "Cầu Giấy" }, "geometry": { "type": "Polygon", "coordinates": [ [ [ 105.793603775857093, 21.023951359642638 ], [ 105.79314106840674, 21.025806118240297 ], [ 105.791193587975329, 21.026412285343397 ], [ 105.789708821949944, 21.025163679906974 ], [ 105.790171558362758, 21.023308905669079 ], [ 105.79211903183915, 21.022702752507428 ], [ 105.793603775857093, 21.023951359642638 ] ] ] } },
{ "type": "Feature", "properties": { "h3_id": "89415cb4973ffff", "h3_resolution": 9, "h3_parent_res8": "88415cb497fffff", "centroid_lat": 21.019635591616101, "centroid_lon": 105.79647656785653, "legacy_district": "Cầu Giấy" }, "geometry": { "type": "Polygon", "coordinates": [ [ [ 105.798423936711757, 21.019029382088565 ], [ 105.797961278885481, 21.02088418442704 ], [ 105.796013892104369, 21.02149039188377 ], [ 105.794529170098428, 21.020241783050661 ], [ 105.794991856889567, 21.018386965064213 ], [ 105.796939236722451, 21.017780771558428 ], [ 105.798423936711757, 21.019029382088565 ] ] ] } },
{ "type": "Feature", "properties": { "h3_id": "89415cb4977ffff", "h3_resolution": 9, "h3_parent_res8": "88415cb497fffff", "centroid_lat": 21.018993140477114, "centroid_lon": 105.79304444815709, "legacy_district": "Cầu Giấy" }, "geometry": { "type": "Polygon", "coordinates": [ [ [ 105.794991856889567, 21.018386965064213 ], [ 105.794529170098428, 21.020241783050661 ], [ 105.792581743441303, 21.020847956389595 ], [ 105.791097010528858, 21.019599297794485 ], [ 105.791559726282344, 21.017744464165652 ], [ 105.793507145986581, 21.017138304773905 ], [ 105.794991856889567, 21.018386965064213 ] ] ] } },
{ "type": "Feature", "properties": { "h3_id": "89415cb497bffff", "h3_resolution": 9, "h3_parent_res8": "88415cb497fffff", "centroid_lat": 21.022738966973904, "centroid_lon": 105.79749861417289, "legacy_district": "Cầu Giấy" }, "geometry": { "type": "Polygon", "coordinates": [ [ [ 105.799445989974387, 21.022132743494502 ], [ 105.798983336302044, 21.023987508318545 ], [ 105.797035942573942, 21.024593729725229 ], [ 105.795551209465842, 21.023345172357505 ], [ 105.796013892104369, 21.02149039188377 ], [ 105.797961278885481, 21.02088418442704 ], [ 105.799445989974387, 21.022132743494502 ] ] ] } },
{ "type": "Feature", "properties": { "h3_id": "89415cb4983ffff", "h3_resolution": 9, "h3_parent_res8": "88415cb499fffff", "centroid_lat": 21.006045211884672, "centroid_lon": 105.80166234868786, "legacy_district": "Cầu Giấy" }, "geometry": { "type": "Polygon", "coordinates": [ [ [ 105.803609563152904, 21.005438969855426 ], [ 105.80314697145397, 21.007293912676776 ], [ 105.801199739062895, 21.007900152654237 ], [ 105.799715105311975, 21.006651435842759 ], [ 105.800177725976738, 21.004796477365272 ], [ 105.802124951427288, 21.004190251354988 ], [ 105.803609563152904, 21.005438969855426 ] ] ] } },
{ "type": "Feature", "properties": { "h3_id": "89415cb4987ffff", "h3_resolution": 9, "h3_parent_res8": "88415cb499fffff", "centroid_lat": 21.005402685304492, "centroid_lon": 105.79823047161864, "legacy_district": "Cầu Giấy" }, "geometry": { "type": "Polygon", "coordinates": [ [ [ 105.800177725976738, 21.004796477365272 ], [ 105.799715105311975, 21.006651435842759 ], [ 105.79776783302907, 21.00725764172704 ], [ 105.796283188356824, 21.006008875170007 ], [ 105.796745837984929, 21.004153901041978 ], [ 105.798693103322634, 21.003547709121111 ], [ 105.800177725976738, 21.004796477365272 ] ] ] } },
{ "type": "Feature", "properties": { "h3_id": "89415cb498bffff", "h3_resolution": 9, "h3_parent_res8": "88415cb499fffff", "centroid_lat": 21.009148835736397, "centroid_lon": 105.80268437286946, "legacy_district": "Cầu Giấy" }, "geometry": { "type": "Polygon", "coordinates": [ [ [ 105.80463159427309, 21.008542579739057 ], [ 105.804169006729666, 21.010397485086706 ], [ 105.802221767399317, 21.011003739030343 ], [ 105.800737122552334, 21.009755073659743 ], [ 105.801199739062895, 21.007900152654237 ], [ 105.80314697145397, 21.007293912676776 ], [ 105.80463159427309, 21.008542579739057 ] ] ] } },
{ "type": "Feature", "properties": { "h3_id": "89415cb498fffff", "h3_resolution": 9, "h3_parent_res8": "88415cb499fffff", "centroid_lat": 21.00850637455779, "centroid_lon": 105.79925247776158, "legacy_district": "Cầu Giấy" }, "geometry": { "type": "Polygon", "coordinates": [ [ [ 105.801199739062895, 21.007900152654237 ], [ 105.800737122552334, 21.009755073659743 ], [ 105.798789843325508, 21.010361293506442 ], [ 105.79730518755386, 21.009112578384809 ], [ 105.79776783302907, 21.00725764172704 ], [ 105.799715105311975, 21.006651435842759 ], [ 105.801199739062895, 21.007900152654237 ] ] ] } },
{ "type": "Feature", "properties": { "h3_id": "89415cb4993ffff", "h3_resolution": 9, "h3_parent_res8": "88415cb499fffff", "centroid_lat": 21.003584007276274, "centroid_lon": 105.80407214796638, "legacy_district": "Thanh Xuân" }, "geometry": { "type": "Polygon", "coordinates": [ [ [ 105.806019315590206, 21.002977745131769 ], [ 105.805556748703268, 21.004832709757657 ], [ 105.803609563152904, 21.005438969855426 ], [ 105.802124951427288, 21.004190251354988 ], [ 105.802587547281263, 21.002335271069111 ], [ 105.80453472589447, 21.001729024943259 ], [ 105.806019315590206, 21.002977745131769 ] ] ] } },
{ "type": "Feature", "properties": { "h3_id": "89415cb4997ffff", "h3_resolution": 9, "h3_parent_res8": "88415cb499fffff", "centroid_lat": 21.002941499129275, "centroid_lon": 105.80064033975601, "legacy_district": "Thanh Xuân" }, "geometry": { "type": "Polygon", "coordinates": [ [ [ 105.802587547281263, 21.002335271069111 ], [ 105.802124951427288, 21.004190251354988 ], [ 105.800177725976738, 21.004796477365272 ], [ 105.798693103322634, 21.003547709121111 ], [ 105.799155728141159, 21.00169271318083 ], [ 105.801102946649891, 21.001086501138701 ], [ 105.802587547281263, 21.002335271069111 ] ] ] } },
{ "type": "Feature", "properties": { "h3_id": "89415cb499bffff", "h3_resolution": 9, "h3_parent_res8": "88415cb499fffff", "centroid_lat": 21.006687654628056, "centroid_lon": 105.80509417493093, "legacy_district": "Thanh Xuân" }, "geometry": { "type": "Polygon", "coordinates": [ [ [ 105.807041349489921, 21.006081378510721 ], [ 105.806578786759346, 21.007936305670359 ], [ 105.80463159427309, 21.008542579739057 ], [ 105.80314697145397, 21.007293912676776 ], [ 105.803609563152904, 21.005438969855426 ], [ 105.805556748703268, 21.004832709757657 ], [ 105.807041349489921, 21.006081378510721 ] ] ] } },
{ "type": "Feature", "properties": { "h3_id": "89415cb49a3ffff", "h3_resolution": 9, "h3_parent_res8": "88415cb49bfffff", "centroid_lat": 21.007221200669335, "centroid_lon": 105.79238853513742, "legacy_district": "Cầu Giấy" }, "geometry": { "type": "Polygon", "coordinates": [ [ [ 105.79433587619512, 21.006615046959165 ], [ 105.793873201757776, 21.008469999263607 ], [ 105.791925842777061, 21.009076150910619 ], [ 105.790441165187573, 21.007827336297868 ], [ 105.790903868584536, 21.005972368352346 ], [ 105.792851220612022, 21.005366230660233 ], [ 105.79433587619512, 21.006615046959165 ] ] ] } },
{ "type": "Feature", "properties": { "h3_id": "89415cb49abffff", "h3_resolution": 9, "h3_parent_res8": "88415cb49bfffff", "centroid_lat": 21.010324931798614, "centroid_lon": 105.79341052043463, "legacy_district": "Cầu Giấy" }, "geometry": { "type": "Polygon", "coordinates": [ [ [ 105.795357868443588, 21.009718764132632 ], [ 105.794895198158301, 21.011573678959348 ], [ 105.792947832225607, 21.012179844560269 ], [ 105.791463143530862, 21.010931081380143 ], [ 105.791925842777061, 21.009076150910619 ], [ 105.793873201757776, 21.008469999263607 ], [ 105.795357868443588, 21.009718764132632 ] ] ] } },
{ "type": "Feature", "properties": { "h3_id": "89415cb49afffff", "h3_resolution": 9, "h3_parent_res8": "88415cb49bfffff", "centroid_lat": 21.00968228447325, "centroid_lon": 105.78997845490478, "legacy_district": "Cầu Giấy" }, "geometry": { "type": "Polygon", "coordinates": [ [ [ 105.791925842777061, 21.009076150910619 ], [ 105.791463143530862, 21.010931081380143 ], [ 105.789515737736082, 21.011537212874558 ], [ 105.788031038144794, 21.010288399948873 ], [ 105.788493766349433, 21.008433453842134 ], [ 105.790441165187573, 21.007827336297868 ], [ 105.791925842777061, 21.009076150910619 ] ] ] } },
{ "type": "Feature", "properties": { "h3_id": "89415cb49b3ffff", "h3_resolution": 9, "h3_parent_res8": "88415cb49bfffff", "centroid_lat": 21.004760074889234, "centroid_lon": 105.79479854374678, "legacy_district": "Cầu Giấy" }, "geometry": { "type": "Polygon", "coordinates": [ [ [ 105.796745837984929, 21.004153901041978 ], [ 105.796283188356824, 21.006008875170007 ], [ 105.79433587619512, 21.006615046959165 ], [ 105.792851220612022, 21.005366230660233 ], [ 105.793313899200967, 21.003511240887249 ], [ 105.795261204412839, 21.002905083057748 ], [ 105.796745837984929, 21.004153901041978 ] ] ] } },
{ "type": "Feature", "properties": { "h3_id": "89415cb49b7ffff", "h3_resolution": 9, "h3_parent_res8": "88415cb49bfffff", "centroid_lat": 21.004117380640615, "centroid_lon": 105.79136656509577, "legacy_district": "Cầu Giấy" }, "geometry": { "type": "Polygon", "coordinates": [ [ [ 105.793313899200967, 21.003511240887249 ], [ 105.792851220612022, 21.005366230660233 ], [ 105.790903868584536, 21.005972368352346 ], [ 105.789419202101101, 21.004723502315176 ], [ 105.789881909648344, 21.002868496902828 ], [ 105.791829254721364, 21.002262373166609 ], [ 105.793313899200967, 21.003511240887249 ] ] ] } },
{ "type": "Feature", "properties": { "h3_id": "89415cb49bbffff", "h3_resolution": 9, "h3_parent_res8": "88415cb49bfffff", "centroid_lat": 21.007863829534863, "centroid_lon": 105.79582053184306, "legacy_district": "Cầu Giấy" }, "geometry": { "type": "Polygon", "coordinates": [ [ [ 105.79776783302907, 21.00725764172704 ], [ 105.79730518755386, 21.009112578384809 ], [ 105.795357868443588, 21.009718764132632 ], [ 105.793873201757776, 21.008469999263607 ], [ 105.79433587619512, 21.006615046959165 ], [ 105.796283188356824, 21.006008875170007 ], [ 105.79776783302907, 21.00725764172704 ] ] ] } },
{ "type": "Feature", "properties": { "h3_id": "89415cb49c3ffff", "h3_resolution": 9, "h3_parent_res8": "88415cb49dfffff", "centroid_lat": 21.012894682581624, "centroid_lon": 105.80713827460301, "legacy_district": "Cầu Giấy" }, "geometry": { "type": "Polygon", "coordinates": [ [ [ 105.809085463028609, 21.012288378521575 ], [ 105.808622908612122, 21.014143230721174 ], [ 105.806675702257834, 21.014749532728768 ], [ 105.805191057254063, 21.013500968567392 ], [ 105.805653640641523, 21.011646100702624 ], [ 105.807600840062406, 21.011039812663991 ], [ 105.809085463028609, 21.012288378521575 ] ] ] } },
{ "type": "Feature", "properties": { "h3_id": "89415cb49c7ffff", "h3_resolution": 9, "h3_parent_res8": "88415cb49dfffff", "centroid_lat": 21.012252370667078, "centroid_lon": 105.80370641230057, "legacy_district": "Cầu Giấy" }, "geometry": { "type": "Polygon", "coordinates": [ [ [ 105.805653640641523, 21.011646100702624 ], [ 105.805191057254063, 21.013500968567392 ], [ 105.803243810985663, 21.014107236476224 ], [ 105.801759155043413, 21.012858622554678 ], [ 105.802221767399317, 21.011003739030343 ], [ 105.804169006729666, 21.010397485086706 ], [ 105.805653640641523, 21.011646100702624 ] ] ] } },
{ "type": "Feature", "properties": { "h3_id": "89415cb49cbffff", "h3_resolution": 9, "h3_parent_res8": "88415cb49dfffff", "centroid_lat": 21.015998063148668, "centroid_lon": 105.80816034730989, "legacy_district": "Đống Đa" }, "geometry": { "type": "Polygon", "coordinates": [ [ [ 105.810107542666927, 21.015391745118738 ], [ 105.809644992408209, 21.017246559824567 ], [ 105.807697779121781, 21.017852875800106 ], [ 105.806213123026851, 21.016604363101468 ], [ 105.806675702257834, 21.014749532728768 ], [ 105.808622908612122, 21.014143230721174 ], [ 105.810107542666927, 21.015391745118738 ] ] ] } },
{ "type": "Feature", "properties": { "h3_id": "89415cb49cfffff", "h3_resolution": 9, "h3_parent_res8": "88415cb49dfffff", "centroid_lat": 21.015355816659326, "centroid_lon": 105.80472846698082, "legacy_district": "Đống Đa" }, "geometry": { "type": "Polygon", "coordinates": [ [ [ 105.806675702257834, 21.014749532728768 ], [ 105.806213123026851, 21.016604363101468 ], [ 105.804265869821663, 21.017210644974501 ], [ 105.8027812027849, 21.015962082510217 ], [ 105.803243810985663, 21.014107236476224 ], [ 105.805191057254063, 21.013500968567392 ], [ 105.806675702257834, 21.014749532728768 ] ] ] } },
{ "type": "Feature", "properties": { "h3_id": "89415cb49d3ffff", "h3_resolution": 9, "h3_parent_res8": "88415cb49dfffff", "centroid_lat": 21.010433506553795, "centroid_lon": 105.8095480105594, "legacy_district": "Cầu Giấy" }, "geometry": { "type": "Polygon", "coordinates": [ [ [ 105.811495152128614, 21.009827182374689 ], [ 105.811032622527037, 21.011682056389869 ], [ 105.809085463028609, 21.012288378521575 ], [ 105.807600840062406, 21.011039812663991 ], [ 105.808063398636165, 21.009184922979777 ], [ 105.810010551204599, 21.008578614821765 ], [ 105.811495152128614, 21.009827182374689 ] ] ] } },
{ "type": "Feature", "properties": { "h3_id": "89415cb49d7ffff", "h3_resolution": 9, "h3_parent_res8": "88415cb49dfffff", "centroid_lat": 21.009791213068965, "centroid_lon": 105.80611621714324, "legacy_district": "Cầu Giấy" }, "geometry": { "type": "Polygon", "coordinates": [ [ [ 105.808063398636165, 21.009184922979777 ], [ 105.807600840062406, 21.011039812663991 ], [ 105.805653640641523, 21.011646100702624 ], [ 105.804169006729666, 21.010397485086706 ], [ 105.80463159427309, 21.008542579739057 ], [ 105.806578786759346, 21.007936305670359 ], [ 105.808063398636165, 21.009184922979777 ] ] ] } },
{ "type": "Feature", "properties": { "h3_id": "89415cb49dbffff", "h3_resolution": 9, "h3_parent_res8": "88415cb49dfffff", "centroid_lat": 21.013536910639193, "centroid_lon": 105.81057008603983, "legacy_district": "Đống Đa" }, "geometry": { "type": "Polygon", "coordinates": [ [ [ 105.812517234537097, 21.012930572485477 ], [ 105.812054709094113, 21.014785409014326 ], [ 105.810107542666927, 21.015391745118738 ], [ 105.808622908612122, 21.014143230721174 ], [ 105.809085463028609, 21.012288378521575 ], [ 105.811032622527037, 21.011682056389869 ], [ 105.812517234537097, 21.012930572485477 ] ] ] } },
{ "type": "Feature", "properties": { "h3_id": "89415cb4a03ffff", "h3_resolution": 9, "h3_parent_res8": "88415cb4a1fffff", "centroid_lat": 21.040285549103082, "centroid_lon": 105.82904279945764, "legacy_district": "Tây Hồ" }, "geometry": { "type": "Polygon", "coordinates": [ [ [ 105.830989883359706, 21.039678996828655 ], [ 105.83052747816933, 21.041533486049694 ], [ 105.828580376327892, 21.042140036268957 ], [ 105.827095686582325, 21.040892083290736 ], [ 105.827558120764195, 21.039037578368468 ], [ 105.829505215700806, 21.038431042125239 ], [ 105.830989883359706, 21.039678996828655 ] ] ] } },
{ "type": "Feature", "properties": { "h3_id": "89415cb4a07ffff", "h3_resolution": 9, "h3_parent_res8": "88415cb4a1fffff", "centroid_lat": 21.039644096525038, "centroid_lon": 105.82561099685763, "legacy_district": "Ba Đình" }, "geometry": { "type": "Polygon", "coordinates": [ [ [ 105.827558120764195, 21.039037578368468 ], [ 105.827095686582325, 21.040892083290736 ], [ 105.825148544737644, 21.041498599388998 ], [ 105.823663843984932, 21.04025059659228 ], [ 105.824126307155751, 21.038396075974351 ], [ 105.826073442090987, 21.037789573848386 ], [ 105.827558120764195, 21.039037578368468 ] ] ] } },
{ "type": "Feature", "properties": { "h3_id": "89415cb4a0bffff", "h3_resolution": 9, "h3_parent_res8": "88415cb4a1fffff", "centroid_lat": 21.04338795545716, "centroid_lon": 105.8300650660923, "legacy_district": "Tây Hồ" }, "geometry": { "type": "Polygon", "coordinates": [ [ [ 105.83201215689725, 21.042781389205778 ], [ 105.83154975587361, 21.044635840852816 ], [ 105.829602647128596, 21.045242405047109 ], [ 105.828117946311465, 21.043994503618936 ], [ 105.828580376327892, 21.042140036268957 ], [ 105.83052747816933, 21.041533486049694 ], [ 105.83201215689725, 21.042781389205778 ] ] ] } },
{ "type": "Feature", "properties": { "h3_id": "89415cb4a0fffff", "h3_resolution": 9, "h3_parent_res8": "88415cb4a1fffff", "centroid_lat": 21.042746568398719, "centroid_lon": 105.82663324551382, "legacy_district": "Tây Hồ" }, "geometry": { "type": "Polygon", "coordinates": [ [ [ 105.828580376327892, 21.042140036268957 ], [ 105.828117946311465, 21.043994503618936 ], [ 105.826170797558561, 21.044601033688465 ], [ 105.82468608573096, 21.043353082436337 ], [ 105.825148544737644, 21.041498599388998 ], [ 105.827095686582325, 21.040892083290736 ], [ 105.828580376327892, 21.042140036268957 ] ] ] } },
{ "type": "Feature", "properties": { "h3_id": "89415cb4a13ffff", "h3_resolution": 9, "h3_parent_res8": "88415cb4a1fffff", "centroid_lat": 21.037824487797973, "centroid_lon": 105.83145228166359, "legacy_district": "Ba Đình" }, "geometry": { "type": "Polygon", "coordinates": [ [ [ 105.833399318648702, 21.037217915389324 ], [ 105.832936938284718, 21.039072426470106 ], [ 105.830989883359706, 21.039678996828655 ], [ 105.829505215700806, 21.038431042125239 ], [ 105.829967625057463, 21.036576515339348 ], [ 105.831914673081044, 21.035969958961577 ], [ 105.833399318648702, 21.037217915389324 ] ] ] } },
{ "type": "Feature", "properties": { "h3_id": "89415cb4a17ffff", "h3_resolution": 9, "h3_parent_res8": "88415cb4a1fffff", "centroid_lat": 21.037183053635836, "centroid_lon": 105.82802054805951, "legacy_district": "Ba Đình" }, "geometry": { "type": "Polygon", "coordinates": [ [ [ 105.829967625057463, 21.036576515339348 ], [ 105.829505215700806, 21.038431042125239 ], [ 105.827558120764195, 21.039037578368468 ], [ 105.826073442090987, 21.037789573848386 ], [ 105.826535880437817, 21.035935031362982 ], [ 105.82848296846835, 21.035328509096768 ], [ 105.829967625057463, 21.036576515339348 ] ] ] } },
{ "type": "Feature", "properties": { "h3_id": "89415cb4a1bffff", "h3_resolution": 9, "h3_parent_res8": "88415cb4a1fffff", "centroid_lat": 21.040926917743569, "centroid_lon": 105.83247455103425, "legacy_district": "Ba Đình" }, "geometry": { "type": "Polygon", "coordinates": [ [ [ 105.834421594918837, 21.040320331353229 ], [ 105.833959218722413, 21.042174804867454 ], [ 105.83201215689725, 21.042781389205778 ], [ 105.83052747816933, 21.041533486049694 ], [ 105.830989883359706, 21.039678996828655 ], [ 105.832936938284718, 21.039072426470106 ], [ 105.834421594918837, 21.040320331353229 ] ] ] } },
{ "type": "Feature", "properties": { "h3_id": "89415cb4a23ffff", "h3_resolution": 9, "h3_parent_res8": "88415cb4a3fffff", "centroid_lat": 21.041463542448245, "centroid_lon": 105.81976945135663, "legacy_district": "Ba Đình" }, "geometry": { "type": "Polygon", "coordinates": [ [ [ 105.821716662149981, 21.040857078567566 ], [ 105.821254174155541, 21.042711577306683 ], [ 105.819306945425822, 21.043318039120845 ], [ 105.817822211608714, 21.042069988231678 ], [ 105.818284728588424, 21.04021547380637 ], [ 105.82023195040064, 21.039609025955993 ], [ 105.821716662149981, 21.040857078567566 ] ] ] } },
{ "type": "Feature", "properties": { "h3_id": "89415cb4a27ffff", "h3_resolution": 9, "h3_parent_res8": "88415cb4a3fffff", "centroid_lat": 21.040821903559589, "centroid_lon": 105.81633747782492, "legacy_district": "Ba Đình" }, "geometry": { "type": "Polygon", "coordinates": [ [ [ 105.818284728588424, 21.04021547380637 ], [ 105.817822211608714, 21.042069988231678 ], [ 105.815874942910085, 21.042676415915228 ], [ 105.814390198113969, 21.041428315213007 ], [ 105.814852744076418, 21.039573785107077 ], [ 105.816800005852883, 21.03896737138356 ], [ 105.818284728588424, 21.04021547380637 ] ] ] } },
{ "type": "Feature", "properties": { "h3_id": "89415cb4a2bffff", "h3_resolution": 9, "h3_parent_res8": "88415cb4a3fffff", "centroid_lat": 21.044566056224529, "centroid_lon": 105.82079167927425, "legacy_district": "Tây Hồ" }, "geometry": { "type": "Polygon", "coordinates": [ [ [ 105.82273889698314, 21.043959578379152 ], [ 105.822276413151997, 21.045814039540236 ], [ 105.820329177506011, 21.046420515317184 ], [ 105.818844432608103, 21.045172515969846 ], [ 105.819306945425822, 21.043318039120845 ], [ 105.821254174155541, 21.042711577306683 ], [ 105.82273889698314, 21.043959578379152 ] ] ] } },
{ "type": "Feature", "properties": { "h3_id": "89415cb4a2fffff", "h3_resolution": 9, "h3_parent_res8": "88415cb4a3fffff", "centroid_lat": 21.04392448283501, "centroid_lon": 105.81735968774213, "legacy_district": "Tây Hồ" }, "geometry": { "type": "Polygon", "coordinates": [ [ [ 105.819306945425822, 21.043318039120845 ], [ 105.818844432608103, 21.045172515969846 ], [ 105.816897156988574, 21.045778957612416 ], [ 105.815412401108318, 21.044530908446553 ], [ 105.815874942910085, 21.042676415915228 ], [ 105.817822211608714, 21.042069988231678 ], [ 105.819306945425822, 21.043318039120845 ] ] ] } },
{ "type": "Feature", "properties": { "h3_id": "89415cb4a33ffff", "h3_resolution": 9, "h3_parent_res8": "88415cb4a3fffff", "centroid_lat": 21.039002560011106, "centroid_lon": 105.8221791432577, "legacy_district": "Ba Đình" }, "geometry": { "type": "Polygon", "coordinates": [ [ [ 105.824126307155751, 21.038396075974351 ], [ 105.823663843984932, 21.04025059659228 ], [ 105.821716662149981, 21.040857078567566 ], [ 105.82023195040064, 21.039609025955993 ], [ 105.820694442557908, 21.037754489648002 ], [ 105.822641617478737, 21.03714802164124 ], [ 105.824126307155751, 21.038396075974351 ] ] ] } },
{ "type": "Feature", "properties": { "h3_id": "89415cb4a37ffff", "h3_resolution": 9, "h3_parent_res8": "88415cb4a3fffff", "centroid_lat": 21.038360939562992, "centroid_lon": 105.81874723868134, "legacy_district": "Ba Đình" }, "geometry": { "type": "Polygon", "coordinates": [ [ [ 105.820694442557908, 21.037754489648002 ], [ 105.82023195040064, 21.039609025955993 ], [ 105.818284728588424, 21.04021547380637 ], [ 105.816800005852883, 21.03896737138356 ], [ 105.817262526994114, 21.037112819391101 ], [ 105.819209741887576, 21.03650638550549 ], [ 105.820694442557908, 21.037754489648002 ] ] ] } },
{ "type": "Feature", "properties": { "h3_id": "89415cb4a3bffff", "h3_resolution": 9, "h3_parent_res8": "88415cb4a3fffff", "centroid_lat": 21.04210509739519, "centroid_lon": 105.82320137392743, "legacy_district": "Tây Hồ" }, "geometry": { "type": "Polygon", "coordinates": [ [ [ 105.825148544737644, 21.041498599388998 ], [ 105.82468608573096, 21.043353082436337 ], [ 105.82273889698314, 21.043959578379152 ], [ 105.821254174155541, 21.042711577306683 ], [ 105.821716662149981, 21.040857078567566 ], [ 105.823663843984932, 21.04025059659228 ], [ 105.825148544737644, 21.041498599388998 ] ] ] } },
{ "type": "Feature", "properties": { "h3_id": "89415cb4a43ffff", "h3_resolution": 9, "h3_parent_res8": "88415cb4a5fffff", "centroid_lat": 21.047131510256396, "centroid_lon": 105.8345191354788, "legacy_district": "Tây Hồ" }, "geometry": { "type": "Polygon", "coordinates": [ [ [ 105.836466193158543, 21.046524895905659 ], [ 105.836003825298718, 21.048379294259277 ], [ 105.834056749676947, 21.048985906554183 ], [ 105.832572048813333, 21.047738106517269 ], [ 105.833034445669767, 21.045883692453408 ], [ 105.834981514393846, 21.045277094136289 ], [ 105.836466193158543, 21.046524895905659 ] ] ] } },
{ "type": "Feature", "properties": { "h3_id": "89415cb4a47ffff", "h3_resolution": 9, "h3_parent_res8": "88415cb4a5fffff", "centroid_lat": 21.046490272680728, "centroid_lon": 105.83108734796322, "legacy_district": "Tây Hồ" }, "geometry": { "type": "Polygon", "coordinates": [ [ [ 105.833034445669767, 21.045883692453408 ], [ 105.832572048813333, 21.047738106517269 ], [ 105.830624933166021, 21.048344684685603 ], [ 105.829140221278095, 21.047096834815633 ], [ 105.829602647128596, 21.045242405047109 ], [ 105.83154975587361, 21.044635840852816 ], [ 105.833034445669767, 21.045883692453408 ] ] ] } },
{ "type": "Feature", "properties": { "h3_id": "89415cb4a4bffff", "h3_resolution": 9, "h3_parent_res8": "88415cb4a5fffff", "centroid_lat": 21.050233672788966, "centroid_lon": 105.83554145055207, "legacy_district": "Tây Hồ" }, "geometry": { "type": "Polygon", "coordinates": [ [ [ 105.837488515127532, 21.049627044459516 ], [ 105.837026151436689, 21.051481405219103 ], [ 105.835079068918503, 21.052088031490801 ], [ 105.833594356988215, 21.050840283025714 ], [ 105.834056749676947, 21.048985906554183 ], [ 105.836003825298718, 21.048379294259277 ], [ 105.837488515127532, 21.049627044459516 ] ] ] } },
{ "type": "Feature", "properties": { "h3_id": "89415cb4a4fffff", "h3_resolution": 9, "h3_parent_res8": "88415cb4a5fffff", "centroid_lat": 21.049592500756471, "centroid_lon": 105.83210964507005, "legacy_district": "Tây Hồ" }, "geometry": { "type": "Polygon", "coordinates": [ [ [ 105.834056749676947, 21.048985906554183 ], [ 105.833594356988215, 21.050840283025714 ], [ 105.831647234439828, 21.051446875167102 ], [ 105.830162511481888, 21.050199076863503 ], [ 105.830624933166021, 21.048344684685603 ], [ 105.832572048813333, 21.047738106517269 ], [ 105.834056749676947, 21.048985906554183 ] ] ] } },
{ "type": "Feature", "properties": { "h3_id": "89415cb4a53ffff", "h3_resolution": 9, "h3_parent_res8": "88415cb4a5fffff", "centroid_lat": 21.044670477732033, "centroid_lon": 105.83692855413166, "legacy_district": "Ba Đình" }, "geometry": { "type": "Polygon", "coordinates": [ [ [ 105.838875564879316, 21.044063843243279 ], [ 105.838413221848739, 21.045918263467687 ], [ 105.836466193158543, 21.046524895905659 ], [ 105.834981514393846, 21.045277094136289 ], [ 105.835443886422212, 21.043422658197777 ], [ 105.837390908218126, 21.042816039742345 ], [ 105.838875564879316, 21.044063843243279 ] ] ] } },
{ "type": "Feature", "properties": { "h3_id": "89415cb4a57ffff", "h3_resolution": 9, "h3_parent_res8": "88415cb4a5fffff", "centroid_lat": 21.044029258568816, "centroid_lon": 105.83349683563941, "legacy_district": "Tây Hồ" }, "geometry": { "type": "Polygon", "coordinates": [ [ [ 105.835443886422212, 21.043422658197777 ], [ 105.834981514393846, 21.045277094136289 ], [ 105.833034445669767, 21.045883692453408 ], [ 105.83154975587361, 21.044635840852816 ], [ 105.83201215689725, 21.042781389205778 ], [ 105.833959218722413, 21.042174804867454 ], [ 105.835443886422212, 21.043422658197777 ] ] ] } },
{ "type": "Feature", "properties": { "h3_id": "89415cb4a5bffff", "h3_resolution": 9, "h3_parent_res8": "88415cb4a5fffff", "centroid_lat": 21.047772663874397, "centroid_lon": 105.83795087193151, "legacy_district": "Ba Đình" }, "geometry": { "type": "Polygon", "coordinates": [ [ [ 105.839897889571489, 21.047166015402198 ], [ 105.839435550710746, 21.049020398040007 ], [ 105.837488515127532, 21.049627044459516 ], [ 105.836003825298718, 21.048379294259277 ], [ 105.836466193158543, 21.046524895905659 ], [ 105.838413221848739, 21.045918263467687 ], [ 105.839897889571489, 21.047166015402198 ] ] ] } },
{ "type": "Feature", "properties": { "h3_id": "89415cb4a63ffff", "h3_resolution": 9, "h3_parent_res8": "88415cb4a7fffff", "centroid_lat": 21.048309904797566, "centroid_lon": 105.82524588098748, "legacy_district": "Tây Hồ" }, "geometry": { "type": "Polygon", "coordinates": [ [ [ 105.827193065618232, 21.047703378855459 ], [ 105.826730614941212, 21.049557786734145 ], [ 105.824783412371431, 21.050164310609045 ], [ 105.823298667389679, 21.048916412639311 ], [ 105.823761147057056, 21.047061989065423 ], [ 105.825708342716482, 21.046455479156059 ], [ 105.827193065618232, 21.047703378855459 ] ] ] } },
{ "type": "Feature", "properties": { "h3_id": "89415cb4a67ffff", "h3_resolution": 9, "h3_parent_res8": "88415cb4a7fffff", "centroid_lat": 21.047668480874513, "centroid_lon": 105.82181392243388, "legacy_district": "Tây Hồ" }, "geometry": { "type": "Polygon", "coordinates": [ [ [ 105.823761147057056, 21.047061989065423 ], [ 105.823298667389679, 21.048916412639311 ], [ 105.821351424828691, 21.049522902378055 ], [ 105.819866668850764, 21.048274954580695 ], [ 105.820329177506011, 21.046420515317184 ], [ 105.822276413151997, 21.045814039540236 ], [ 105.823761147057056, 21.047061989065423 ] ] ] } },
{ "type": "Feature", "properties": { "h3_id": "89415cb4a6bffff", "h3_resolution": 9, "h3_parent_res8": "88415cb4a7fffff", "centroid_lat": 21.051412174781198, "centroid_lon": 105.82626815737716, "legacy_district": "Tây Hồ" }, "geometry": { "type": "Polygon", "coordinates": [ [ [ 105.828215348916316, 21.050805634872624 ], [ 105.827752902404853, 21.052660005153239 ], [ 105.82580569292594, 21.053266542992702 ], [ 105.82432093686829, 21.052018696586586 ], [ 105.824783412371431, 21.050164310609045 ], [ 105.826730614941212, 21.049557786734145 ], [ 105.828215348916316, 21.050805634872624 ] ] ] } },
{ "type": "Feature", "properties": { "h3_id": "89415cb4a6fffff", "h3_resolution": 9, "h3_parent_res8": "88415cb4a7fffff", "centroid_lat": 21.050770816380854, "centroid_lon": 105.82283618083521, "legacy_district": "Tây Hồ" }, "geometry": { "type": "Polygon", "coordinates": [ [ [ 105.824783412371431, 21.050164310609045 ], [ 105.82432093686829, 21.052018696586586 ], [ 105.822373687393551, 21.052625200286123 ], [ 105.820888920336373, 21.05137730404692 ], [ 105.821351424828691, 21.049522902378055 ], [ 105.823298667389679, 21.048916412639311 ], [ 105.824783412371431, 21.050164310609045 ] ] ] } },
{ "type": "Feature", "properties": { "h3_id": "89415cb4a73ffff", "h3_resolution": 9, "h3_parent_res8": "88415cb4a7fffff", "centroid_lat": 21.045848951149079, "centroid_lon": 105.82765550940827, "legacy_district": "Tây Hồ" }, "geometry": { "type": "Polygon", "coordinates": [ [ [ 105.829602647128596, 21.045242405047109 ], [ 105.829140221278095, 21.047096834815633 ], [ 105.827193065618232, 21.047703378855459 ], [ 105.825708342716482, 21.046455479156059 ], [ 105.826170797558561, 21.044601033688465 ], [ 105.828117946311465, 21.043994503618936 ], [ 105.829602647128596, 21.045242405047109 ] ] ] } },
{ "type": "Feature", "properties": { "h3_id": "89415cb4a77ffff", "h3_resolution": 9, "h3_parent_res8": "88415cb4a7fffff", "centroid_lat": 21.045207545663121, "centroid_lon": 105.82422361983745, "legacy_district": "Tây Hồ" }, "geometry": { "type": "Polygon", "coordinates": [ [ [ 105.826170797558561, 21.044601033688465 ], [ 105.825708342716482, 21.046455479156059 ], [ 105.823761147057056, 21.047061989065423 ], [ 105.822276413151997, 21.045814039540236 ], [ 105.82273889698314, 21.043959578379152 ], [ 105.82468608573096, 21.043353082436337 ], [ 105.826170797558561, 21.044601033688465 ] ] ] } },
{ "type": "Feature", "properties": { "h3_id": "89415cb4a7bffff", "h3_resolution": 9, "h3_parent_res8": "88415cb4a7fffff", "centroid_lat": 21.048951244758779, "centroid_lon": 105.82867778854069, "legacy_district": "Tây Hồ" }, "geometry": { "type": "Polygon", "coordinates": [ [ [ 105.830624933166021, 21.048344684685603 ], [ 105.830162511481888, 21.050199076863503 ], [ 105.828215348916316, 21.050805634872624 ], [ 105.826730614941212, 21.049557786734145 ], [ 105.827193065618232, 21.047703378855459 ], [ 105.829140221278095, 21.047096834815633 ], [ 105.830624933166021, 21.048344684685603 ] ] ] } },
{ "type": "Feature", "properties": { "h3_id": "89415cb4a83ffff", "h3_resolution": 9, "h3_parent_res8": "88415cb4a9fffff", "centroid_lat": 21.032260841887378, "centroid_lon": 105.83283943525704, "legacy_district": "Ba Đình" }, "geometry": { "type": "Polygon", "coordinates": [ [ [ 105.834786418422937, 21.031654263342382 ], [ 105.834324058717741, 21.033508833821532 ], [ 105.832377057612163, 21.034115410323398 ], [ 105.830892423111735, 21.032867402359198 ], [ 105.83135481180949, 21.031012816172801 ], [ 105.833301806015797, 21.030406253657446 ], [ 105.834786418422937, 21.031654263342382 ] ] ] } },
{ "type": "Feature", "properties": { "h3_id": "89415cb4a87ffff", "h3_resolution": 9, "h3_parent_res8": "88415cb4a9fffff", "centroid_lat": 21.031619360615078, "centroid_lon": 105.82940778862705, "legacy_district": "Đống Đa" }, "geometry": { "type": "Polygon", "coordinates": [ [ [ 105.83135481180949, 21.031012816172801 ], [ 105.830892423111735, 21.032867402359198 ], [ 105.828945381990849, 21.033473944755208 ], [ 105.827460736472304, 21.032225886981635 ], [ 105.827923154160118, 21.030371285093565 ], [ 105.829870188377086, 21.029764756680315 ], [ 105.83135481180949, 21.031012816172801 ] ] ] } },
{ "type": "Feature", "properties": { "h3_id": "89415cb4a8bffff", "h3_resolution": 9, "h3_parent_res8": "88415cb4a9fffff", "centroid_lat": 21.03536338450515, "centroid_lon": 105.83386169212635, "legacy_district": "Ba Đình" }, "geometry": { "type": "Polygon", "coordinates": [ [ [ 105.835808682189565, 21.034756791972733 ], [ 105.835346326652314, 21.036611324901934 ], [ 105.833399318648702, 21.037217915389324 ], [ 105.831914673081044, 21.035969958961577 ], [ 105.832377057612163, 21.034115410323398 ], [ 105.834324058717741, 21.033508833821532 ], [ 105.835808682189565, 21.034756791972733 ] ] ] } },
{ "type": "Feature", "properties": { "h3_id": "89415cb4a8fffff", "h3_resolution": 9, "h3_parent_res8": "88415cb4a9fffff", "centroid_lat": 21.034721968749363, "centroid_lon": 105.83043002752774, "legacy_district": "Ba Đình" }, "geometry": { "type": "Polygon", "coordinates": [ [ [ 105.832377057612163, 21.034115410323398 ], [ 105.831914673081044, 21.035969958961577 ], [ 105.829967625057463, 21.036576515339348 ], [ 105.82848296846835, 21.035328509096768 ], [ 105.828945381990849, 21.033473944755208 ], [ 105.830892423111735, 21.032867402359198 ], [ 105.832377057612163, 21.034115410323398 ] ] ] } },
{ "type": "Feature", "properties": { "h3_id": "89415cb4a93ffff", "h3_resolution": 9, "h3_parent_res8": "88415cb4a9fffff", "centroid_lat": 21.029799673071651, "centroid_lon": 105.83524877124208, "legacy_district": "Đống Đa" }, "geometry": { "type": "Polygon", "coordinates": [ [ [ 105.837195707484497, 21.029193074418078 ], [ 105.836733372605565, 21.03104766672687 ], [ 105.834786418422937, 21.031654263342382 ], [ 105.833301806015797, 21.030406253657446 ], [ 105.833764169888482, 21.028551645637521 ], [ 105.835711117175222, 21.027945063013259 ], [ 105.837195707484497, 21.029193074418078 ] ] ] } },
{ "type": "Feature", "properties": { "h3_id": "89415cb4a97ffff", "h3_resolution": 9, "h3_parent_res8": "88415cb4a9fffff", "centroid_lat": 21.029158210194083, "centroid_lon": 105.83181719362115, "legacy_district": "Đống Đa" }, "geometry": { "type": "Polygon", "coordinates": [ [ [ 105.833764169888482, 21.028551645637521 ], [ 105.833301806015797, 21.030406253657446 ], [ 105.83135481180949, 21.031012816172801 ], [ 105.829870188377086, 21.029764756680315 ], [ 105.830332581241038, 21.027910132954855 ], [ 105.832279568546781, 21.027303584426999 ], [ 105.833764169888482, 21.028551645637521 ] ] ] } },
{ "type": "Feature", "properties": { "h3_id": "89415cb4a9bffff", "h3_resolution": 9, "h3_parent_res8": "88415cb4a9fffff", "centroid_lat": 21.032902239246397, "centroid_lon": 105.83627103084061, "legacy_district": "Ba Đình" }, "geometry": { "type": "Polygon", "coordinates": [ [ [ 105.838217973976981, 21.032295626600643 ], [ 105.837755643266831, 21.03415018136695 ], [ 105.835808682189565, 21.034756791972733 ], [ 105.834324058717741, 21.033508833821532 ], [ 105.834786418422937, 21.031654263342382 ], [ 105.836733372605565, 21.03104766672687 ], [ 105.838217973976981, 21.032295626600643 ] ] ] } },
{ "type": "Feature", "properties": { "h3_id": "89415cb4aa3ffff", "h3_resolution": 9, "h3_parent_res8": "88415cb4abfffff", "centroid_lat": 21.033438885477022, "centroid_lon": 105.82356654526127, "legacy_district": "Ba Đình" }, "geometry": { "type": "Polygon", "coordinates": [ [ [ 105.825513655349084, 21.032832395269836 ], [ 105.825051212837735, 21.034686975309203 ], [ 105.823104084813238, 21.035293463461901 ], [ 105.82161940621269, 21.034045357600561 ], [ 105.822081877710374, 21.032190761868964 ], [ 105.824028998822911, 21.031584287690528 ], [ 105.825513655349084, 21.032832395269836 ] ] ] } },
{ "type": "Feature", "properties": { "h3_id": "89415cb4aa7ffff", "h3_resolution": 9, "h3_parent_res8": "88415cb4abfffff", "centroid_lat": 21.032797217963843, "centroid_lon": 105.82013472764035, "legacy_district": "Ba Đình" }, "geometry": { "type": "Polygon", "coordinates": [ [ [ 105.822081877710374, 21.032190761868964 ], [ 105.82161940621269, 21.034045357600561 ], [ 105.819672238207218, 21.034651811637801 ], [ 105.818187548616677, 21.033403655972521 ], [ 105.81865004909821, 21.031549044554296 ], [ 105.820597210187074, 21.030942604487567 ], [ 105.822081877710374, 21.032190761868964 ] ] ] } },
{ "type": "Feature", "properties": { "h3_id": "89415cb4aabffff", "h3_resolution": 9, "h3_parent_res8": "88415cb4abfffff", "centroid_lat": 21.036541535545354, "centroid_lon": 105.82458876344, "legacy_district": "Ba Đình" }, "geometry": { "type": "Polygon", "coordinates": [ [ [ 105.826535880437817, 21.035935031362982 ], [ 105.826073442090987, 21.037789573848386 ], [ 105.824126307155751, 21.038396075974351 ], [ 105.822641617478737, 21.03714802164124 ], [ 105.823104084813238, 21.035293463461901 ], [ 105.825051212837735, 21.034686975309203 ], [ 105.826535880437817, 21.035935031362982 ] ] ] } },
{ "type": "Feature", "properties": { "h3_id": "89415cb4aafffff", "h3_resolution": 9, "h3_parent_res8": "88415cb4abfffff", "centroid_lat": 21.03589993352821, "centroid_lon": 105.82115692782855, "legacy_district": "Ba Đình" }, "geometry": { "type": "Polygon", "coordinates": [ [ [ 105.823104084813238, 21.035293463461901 ], [ 105.822641617478737, 21.03714802164124 ], [ 105.820694442557908, 21.037754489648002 ], [ 105.819209741887576, 21.03650638550549 ], [ 105.819672238207218, 21.034651811637801 ], [ 105.82161940621269, 21.034045357600561 ], [ 105.823104084813238, 21.035293463461901 ] ] ] } },
{ "type": "Feature", "properties": { "h3_id": "89415cb4ab3ffff", "h3_resolution": 9, "h3_parent_res8": "88415cb4abfffff", "centroid_lat": 21.030977795431181, "centroid_lon": 105.82597609097412, "legacy_district": "Ba Đình" }, "geometry": { "type": "Polygon", "coordinates": [ [ [ 105.827923154160118, 21.030371285093565 ], [ 105.827460736472304, 21.032225886981635 ], [ 105.825513655349084, 21.032832395269836 ], [ 105.824028998822911, 21.031584287690528 ], [ 105.824491445498296, 21.029729670106363 ], [ 105.826438519712923, 21.029123175797171 ], [ 105.827923154160118, 21.030371285093565 ] ] ] } },
{ "type": "Feature", "properties": { "h3_id": "89415cb4ab7ffff", "h3_resolution": 9, "h3_parent_res8": "88415cb4abfffff", "centroid_lat": 21.030336146337365, "centroid_lon": 105.82254434232172, "legacy_district": "Ba Đình" }, "geometry": { "type": "Polygon", "coordinates": [ [ [ 105.824491445498296, 21.029729670106363 ], [ 105.824028998822911, 21.031584287690528 ], [ 105.822081877710374, 21.032190761868964 ], [ 105.820597210187074, 21.030942604487567 ], [ 105.821059685847487, 21.029087971212888 ], [ 105.823006800046812, 21.028481511009716 ], [ 105.824491445498296, 21.029729670106363 ] ] ] } },
{ "type": "Feature", "properties": { "h3_id": "89415cb4abbffff", "h3_resolution": 9, "h3_parent_res8": "88415cb4abfffff", "centroid_lat": 21.034080469072752, "centroid_lon": 105.82699831189822, "legacy_district": "Ba Đình" }, "geometry": { "type": "Polygon", "coordinates": [ [ [ 105.828945381990849, 21.033473944755208 ], [ 105.82848296846835, 21.035328509096768 ], [ 105.826535880437817, 21.035935031362982 ], [ 105.825051212837735, 21.034686975309203 ], [ 105.825513655349084, 21.032832395269836 ], [ 105.827460736472304, 21.032225886981635 ], [ 105.828945381990849, 21.033473944755208 ] ] ] } },
{ "type": "Feature", "properties": { "h3_id": "89415cb4ac3ffff", "h3_resolution": 9, "h3_parent_res8": "88415cb4adfffff", "centroid_lat": 21.039107104330483, "centroid_lon": 105.83831559573156, "legacy_district": "Ba Đình" }, "geometry": { "type": "Polygon", "coordinates": [ [ [ 105.840262552651993, 21.038500463703357 ], [ 105.839800230280858, 21.04035494335719 ], [ 105.837853255418068, 21.040961581940515 ], [ 105.836368609819218, 21.039713726881317 ], [ 105.836830961188042, 21.037859231511217 ], [ 105.838777929158681, 21.037252606916169 ], [ 105.840262552651993, 21.038500463703357 ] ] ] } },
{ "type": "Feature", "properties": { "h3_id": "89415cb4ac7ffff", "h3_resolution": 9, "h3_parent_res8": "88415cb4adfffff", "centroid_lat": 21.038465838030078, "centroid_lon": 105.83488396422877, "legacy_district": "Ba Đình" }, "geometry": { "type": "Polygon", "coordinates": [ [ [ 105.836830961188042, 21.037859231511217 ], [ 105.836368609819218, 21.039713726881317 ], [ 105.834421594918837, 21.040320331353229 ], [ 105.832936938284718, 21.039072426470106 ], [ 105.833399318648702, 21.037217915389324 ], [ 105.835346326652314, 21.036611324901934 ], [ 105.836830961188042, 21.037859231511217 ] ] ] } },
{ "type": "Feature", "properties": { "h3_id": "89415cb4acbffff", "h3_resolution": 9, "h3_parent_res8": "88415cb4adfffff", "centroid_lat": 21.042209403205142, "centroid_lon": 105.83933790102333, "legacy_district": "Ba Đình" }, "geometry": { "type": "Polygon", "coordinates": [ [ [ 105.841284864833938, 21.041602748588836 ], [ 105.840822546633007, 21.043457190672687 ], [ 105.838875564879316, 21.044063843243279 ], [ 105.837390908218126, 21.042816039742345 ], [ 105.837853255418068, 21.040961581940515 ], [ 105.839800230280858, 21.04035494335719 ], [ 105.841284864833938, 21.041602748588836 ] ] ] } },
{ "type": "Feature", "properties": { "h3_id": "89415cb4acfffff", "h3_resolution": 9, "h3_parent_res8": "88415cb4adfffff", "centroid_lat": 21.041568202444815, "centroid_lon": 105.83590625156397, "legacy_district": "Ba Đình" }, "geometry": { "type": "Polygon", "coordinates": [ [ [ 105.837853255418068, 21.040961581940515 ], [ 105.837390908218126, 21.042816039742345 ], [ 105.835443886422212, 21.043422658197777 ], [ 105.833959218722413, 21.042174804867454 ], [ 105.834421594918837, 21.040320331353229 ], [ 105.836368609819218, 21.039713726881317 ], [ 105.837853255418068, 21.040961581940515 ] ] ] } },
{ "type": "Feature", "properties": { "h3_id": "89415cb4ad3ffff", "h3_resolution": 9, "h3_parent_res8": "88415cb4adfffff", "centroid_lat": 21.03664596424758, "centroid_lon": 105.84072486813686, "legacy_district": "Ba Đình" }, "geometry": { "type": "Polygon", "coordinates": [ [ [ 105.842671778118714, 21.036039303508087 ], [ 105.842209480576699, 21.037893805002597 ], [ 105.840262552651993, 21.038500463703357 ], [ 105.838777929158681, 21.037252606916169 ], [ 105.839240255699579, 21.035398089701527 ], [ 105.841187176735545, 21.034791444993772 ], [ 105.842671778118714, 21.036039303508087 ] ] ] } },
{ "type": "Feature", "properties": { "h3_id": "89415cb4ad7ffff", "h3_resolution": 9, "h3_parent_res8": "88415cb4adfffff", "centroid_lat": 21.03600471633845, "centroid_lon": 105.83729330567054, "legacy_district": "Ba Đình" }, "geometry": { "type": "Polygon", "coordinates": [ [ [ 105.839240255699579, 21.035398089701527 ], [ 105.838777929158681, 21.037252606916169 ], [ 105.836830961188042, 21.037859231511217 ], [ 105.835346326652314, 21.036611324901934 ], [ 105.835808682189565, 21.034756791972733 ], [ 105.837755643266831, 21.03415018136695 ], [ 105.839240255699579, 21.035398089701527 ] ] ] } },
{ "type": "Feature", "properties": { "h3_id": "89415cb4adbffff", "h3_resolution": 9, "h3_parent_res8": "88415cb4adfffff", "centroid_lat": 21.039748286697492, "centroid_lon": 105.84174717614847, "legacy_district": "Ba Đình" }, "geometry": { "type": "Polygon", "coordinates": [ [ [ 105.843694093017092, 21.039141611964066 ], [ 105.843231799646148, 21.04099607589605 ], [ 105.841284864833938, 21.041602748588836 ], [ 105.839800230280858, 21.04035494335719 ], [ 105.840262552651993, 21.038500463703357 ], [ 105.842209480576699, 21.037893805002597 ], [ 105.843694093017092, 21.039141611964066 ] ] ] } },
{ "type": "Feature", "properties": { "h3_id": "89415cb4b03ffff", "h3_resolution": 9, "h3_parent_res8": "88415cb4b1fffff", "centroid_lat": 21.035793618462407, "centroid_lon": 105.80501911108148, "legacy_district": "Cầu Giấy" }, "geometry": { "type": "Polygon", "coordinates": [ [ [ 105.806966474742026, 21.035187305053924 ], [ 105.806503866664031, 21.037041904066346 ], [ 105.804556485072794, 21.037648215397613 ], [ 105.80307171849752, 21.036399913766278 ], [ 105.803534355549431, 21.034545299091715 ], [ 105.80548173020334, 21.033939001710209 ], [ 105.806966474742026, 21.035187305053924 ] ] ] } },
{ "type": "Feature", "properties": { "h3_id": "89415cb4b07ffff", "h3_resolution": 9, "h3_parent_res8": "88415cb4b1fffff", "centroid_lat": 21.035151578368701, "centroid_lon": 105.80158695197538, "legacy_district": "Cầu Giấy" }, "geometry": { "type": "Polygon", "coordinates": [ [ [ 105.803534355549431, 21.034545299091715 ], [ 105.80307171849752, 21.036399913766278 ], [ 105.801124296994018, 21.037006190962899 ], [ 105.799639519485055, 21.035757839538551 ], [ 105.800102185508351, 21.03390320920742 ], [ 105.802049600069878, 21.033296945956799 ], [ 105.803534355549431, 21.034545299091715 ] ] ] } },
{ "type": "Feature", "properties": { "h3_id": "89415cb4b0bffff", "h3_resolution": 9, "h3_parent_res8": "88415cb4b1fffff", "centroid_lat": 21.038896483260164, "centroid_lon": 105.80604125169917, "legacy_district": "Cầu Giấy" }, "geometry": { "type": "Polygon", "coordinates": [ [ [ 105.807988622295099, 21.038290155900999 ], [ 105.807526018374688, 21.040144717351417 ], [ 105.805578629847346, 21.040751042631438 ], [ 105.804093852177161, 21.039502792511875 ], [ 105.804556485072794, 21.037648215397613 ], [ 105.806503866664031, 21.037041904066346 ], [ 105.807988622295099, 21.038290155900999 ] ] ] } },
{ "type": "Feature", "properties": { "h3_id": "89415cb4b0fffff", "h3_resolution": 9, "h3_parent_res8": "88415cb4b1fffff", "centroid_lat": 21.03825450862152, "centroid_lon": 105.80260907455872, "legacy_district": "Cầu Giấy" }, "geometry": { "type": "Polygon", "coordinates": [ [ [ 105.804556485072794, 21.037648215397613 ], [ 105.804093852177161, 21.039502792511875 ], [ 105.802146423732935, 21.040109083653515 ], [ 105.800661635125692, 21.038860783735444 ], [ 105.801124296994018, 21.037006190962899 ], [ 105.80307171849752, 21.036399913766278 ], [ 105.804556485072794, 21.037648215397613 ] ] ] } },
{ "type": "Feature", "properties": { "h3_id": "89415cb4b13ffff", "h3_resolution": 9, "h3_parent_res8": "88415cb4b1fffff", "centroid_lat": 21.033332686226835, "centroid_lon": 105.80742907593327, "legacy_district": "Ba Đình" }, "geometry": { "type": "Polygon", "coordinates": [ [ [ 105.809376392735359, 21.032726352644239 ], [ 105.808913809475342, 21.034580973543484 ], [ 105.806966474742026, 21.035187305053924 ], [ 105.80548173020334, 21.033939001710209 ], [ 105.805944342438465, 21.032084365144939 ], [ 105.807891670237836, 21.031478047588998 ], [ 105.809376392735359, 21.032726352644239 ] ] ] } },
{ "type": "Feature", "properties": { "h3_id": "89415cb4b17ffff", "h3_resolution": 9, "h3_parent_res8": "88415cb4b1fffff", "centroid_lat": 21.032690664601752, "centroid_lon": 105.80399698571452, "legacy_district": "Ba Đình" }, "geometry": { "type": "Polygon", "coordinates": [ [ [ 105.805944342438465, 21.032084365144939 ], [ 105.80548173020334, 21.033939001710209 ], [ 105.803534355549431, 21.034545299091715 ], [ 105.802049600069878, 21.033296945956799 ], [ 105.802512241277597, 21.031442293731097 ], [ 105.804459608992943, 21.030836010300344 ], [ 105.805944342438465, 21.032084365144939 ] ] ] } },
{ "type": "Feature", "properties": { "h3_id": "89415cb4b1bffff", "h3_resolution": 9, "h3_parent_res8": "88415cb4b1fffff", "centroid_lat": 21.036435574630381, "centroid_lon": 105.80845121932862, "legacy_district": "Ba Đình" }, "geometry": { "type": "Polygon", "coordinates": [ [ [ 105.810398543062675, 21.035829227092357 ], [ 105.809935963961095, 21.037683810437045 ], [ 105.807988622295099, 21.038290155900999 ], [ 105.806503866664031, 21.037041904066346 ], [ 105.806966474742026, 21.035187305053924 ], [ 105.808913809475342, 21.034580973543484 ], [ 105.810398543062675, 21.035829227092357 ] ] ] } },
{ "type": "Feature", "properties": { "h3_id": "89415cb4b23ffff", "h3_resolution": 9, "h3_parent_res8": "88415cb4b3fffff", "centroid_lat": 21.036970307546195, "centroid_lon": 105.79574456777101, "legacy_district": "Cầu Giấy" }, "geometry": { "type": "Polygon", "coordinates": [ [ [ 105.797692058082319, 21.036364082598592 ], [ 105.797229367243816, 21.038218691023836 ], [ 105.795281859004817, 21.038824913882859 ], [ 105.793797048554993, 21.037576514378724 ], [ 105.794259768361172, 21.035721890306373 ], [ 105.796207269650154, 21.035115681384848 ], [ 105.797692058082319, 21.036364082598592 ] ] ] } },
{ "type": "Feature", "properties": { "h3_id": "89415cb4b27ffff", "h3_resolution": 9, "h3_parent_res8": "88415cb4b3fffff", "centroid_lat": 21.036328081112913, "centroid_lon": 105.79231223817078, "legacy_district": "Cầu Giấy" }, "geometry": { "type": "Polygon", "coordinates": [ [ [ 105.794259768361172, 21.035721890306373 ], [ 105.793797048554993, 21.037576514378724 ], [ 105.791849500438147, 21.038182703093529 ], [ 105.790364679082785, 21.036934253801824 ], [ 105.790827427854111, 21.035079614087962 ], [ 105.792774969016307, 21.034473439306897 ], [ 105.794259768361172, 21.035721890306373 ] ] ] } },
{ "type": "Feature", "properties": { "h3_id": "89415cb4b2bffff", "h3_resolution": 9, "h3_parent_res8": "88415cb4b3fffff", "centroid_lat": 21.040073279622778, "centroid_lon": 105.79676666951822, "legacy_district": "Cầu Giấy" }, "geometry": { "type": "Polygon", "coordinates": [ [ [ 105.798714166777572, 21.039467040736746 ], [ 105.798251480093214, 21.041321611595961 ], [ 105.796303964905448, 21.041927848391488 ], [ 105.794819143351475, 21.040679500390887 ], [ 105.795281859004817, 21.038824913882859 ], [ 105.797229367243816, 21.038218691023836 ], [ 105.798714166777572, 21.039467040736746 ] ] ] } },
{ "type": "Feature", "properties": { "h3_id": "89415cb4b2fffff", "h3_resolution": 9, "h3_parent_res8": "88415cb4b3fffff", "centroid_lat": 21.039431118624062, "centroid_lon": 105.79333432186171, "legacy_district": "Cầu Giấy" }, "geometry": { "type": "Polygon", "coordinates": [ [ [ 105.795281859004817, 21.038824913882859 ], [ 105.794819143351475, 21.040679500390887 ], [ 105.792871588281201, 21.041285703038444 ], [ 105.791386755818337, 21.040037305244798 ], [ 105.791849500438147, 21.038182703093529 ], [ 105.793797048554993, 21.037576514378724 ], [ 105.795281859004817, 21.038824913882859 ] ] ] } },
{ "type": "Feature", "properties": { "h3_id": "89415cb4b33ffff", "h3_resolution": 9, "h3_parent_res8": "88415cb4b3fffff", "centroid_lat": 21.034509454350985, "centroid_lon": 105.79815474203383, "legacy_district": "Cầu Giấy" }, "geometry": { "type": "Polygon", "coordinates": [ [ [ 105.800102185508351, 21.03390320920742 ], [ 105.799639519485055, 21.035757839538551 ], [ 105.797692058082319, 21.036364082598592 ], [ 105.796207269650154, 21.035115681384848 ], [ 105.796669964642334, 21.033261035402745 ], [ 105.798617419098449, 21.032654806284942 ], [ 105.800102185508351, 21.03390320920742 ] ] ] } },
{ "type": "Feature", "properties": { "h3_id": "89415cb4b37ffff", "h3_resolution": 9, "h3_parent_res8": "88415cb4b3fffff", "centroid_lat": 21.033867246410946, "centroid_lon": 105.79472248128033, "legacy_district": "Cầu Giấy" }, "geometry": { "type": "Polygon", "coordinates": [ [ [ 105.796669964642334, 21.033261035402745 ], [ 105.796207269650154, 21.035115681384848 ], [ 105.794259768361172, 21.035721890306373 ], [ 105.792774969016307, 21.034473439306897 ], [ 105.793237692974856, 21.032618777679403 ], [ 105.795185187312555, 21.03201258269636 ], [ 105.796669964642334, 21.033261035402745 ] ] ] } },
{ "type": "Feature", "properties": { "h3_id": "89415cb4b3bffff", "h3_resolution": 9, "h3_parent_res8": "88415cb4b3fffff", "centroid_lat": 21.037612450049636, "centroid_lon": 105.79917684657482, "legacy_district": "Cầu Giấy" }, "geometry": { "type": "Polygon", "coordinates": [ [ [ 105.801124296994018, 21.037006190962899 ], [ 105.800661635125692, 21.038860783735444 ], [ 105.798714166777572, 21.039467040736746 ], [ 105.797229367243816, 21.038218691023836 ], [ 105.797692058082319, 21.036364082598592 ], [ 105.799639519485055, 21.035757839538551 ], [ 105.801124296994018, 21.037006190962899 ] ] ] } },
{ "type": "Feature", "properties": { "h3_id": "89415cb4b43ffff", "h3_resolution": 9, "h3_parent_res8": "88415cb4b5fffff", "centroid_lat": 21.04264108420989, "centroid_lon": 105.81049555186516, "legacy_district": "Ba Đình" }, "geometry": { "type": "Polygon", "coordinates": [ [ [ 105.812442889459433, 21.042034708763993 ], [ 105.81198031867612, 21.043889216972062 ], [ 105.810032963148487, 21.044495590340073 ], [ 105.808548185335013, 21.043247441548068 ], [ 105.809010785097357, 21.04139291766883 ], [ 105.810958133694783, 21.040786558252346 ], [ 105.812442889459433, 21.042034708763993 ] ] ] } },
{ "type": "Feature", "properties": { "h3_id": "89415cb4b47ffff", "h3_resolution": 9, "h3_parent_res8": "88415cb4b5fffff", "centroid_lat": 21.041999258977679, "centroid_lon": 105.8070634075673, "legacy_district": "Ba Đình" }, "geometry": { "type": "Polygon", "coordinates": [ [ [ 105.809010785097357, 21.04139291766883 ], [ 105.808548185335013, 21.043247441548068 ], [ 105.806600789872832, 21.043853780775873 ], [ 105.805116001108502, 21.042605582176257 ], [ 105.805578629847346, 21.040751042631438 ], [ 105.807526018374688, 21.040144717351417 ], [ 105.809010785097357, 21.04139291766883 ] ] ] } },
{ "type": "Feature", "properties": { "h3_id": "89415cb4b4bffff", "h3_resolution": 9, "h3_parent_res8": "88415cb4b5fffff", "centroid_lat": 21.045743705351171, "centroid_lon": 105.81151774100573, "legacy_district": "Tây Hồ" }, "geometry": { "type": "Polygon", "coordinates": [ [ [ 105.813465085528222, 21.045137315952811 ], [ 105.813002518904767, 21.046991786578836 ], [ 105.811055156448191, 21.047598173897384 ], [ 105.80957036754468, 21.046350076638962 ], [ 105.810032963148487, 21.044495590340073 ], [ 105.81198031867612, 21.043889216972062 ], [ 105.813465085528222, 21.045137315952811 ] ] ] } },
{ "type": "Feature", "properties": { "h3_id": "89415cb4b4fffff", "h3_resolution": 9, "h3_parent_res8": "88415cb4b5fffff", "centroid_lat": 21.045101945597615, "centroid_lon": 105.80808557868556, "legacy_district": "Ba Đình" }, "geometry": { "type": "Polygon", "coordinates": [ [ [ 105.810032963148487, 21.044495590340073 ], [ 105.80957036754468, 21.046350076638962 ], [ 105.807622965148923, 21.046956429813555 ], [ 105.806138165291202, 21.045708282742048 ], [ 105.806600789872832, 21.043853780775873 ], [ 105.808548185335013, 21.043247441548068 ], [ 105.810032963148487, 21.044495590340073 ] ] ] } },
{ "type": "Feature", "properties": { "h3_id": "89415cb4b53ffff", "h3_resolution": 9, "h3_parent_res8": "88415cb4b5fffff", "centroid_lat": 21.040180180730886, "centroid_lon": 105.81290545335577, "legacy_district": "Ba Đình" }, "geometry": { "type": "Polygon", "coordinates": [ [ [ 105.814852744076418, 21.039573785107077 ], [ 105.814390198113969, 21.041428315213007 ], [ 105.812442889459433, 21.042034708763993 ], [ 105.810958133694783, 21.040786558252346 ], [ 105.811420708637485, 21.038932012471388 ], [ 105.813368010365224, 21.038325632876681 ], [ 105.814852744076418, 21.039573785107077 ] ] ] } },
{ "type": "Feature", "properties": { "h3_id": "89415cb4b57ffff", "h3_resolution": 9, "h3_parent_res8": "88415cb4b5fffff", "centroid_lat": 21.039538373963847, "centroid_lon": 105.80947337797268, "legacy_district": "Ba Đình" }, "geometry": { "type": "Polygon", "coordinates": [ [ [ 105.811420708637485, 21.038932012471388 ], [ 105.810958133694783, 21.040786558252346 ], [ 105.809010785097357, 21.04139291766883 ], [ 105.807526018374688, 21.040144717351417 ], [ 105.807988622295099, 21.038290155900999 ], [ 105.809935963961095, 21.037683810437045 ], [ 105.811420708637485, 21.038932012471388 ] ] ] } },
{ "type": "Feature", "properties": { "h3_id": "89415cb4b5bffff", "h3_resolution": 9, "h3_parent_res8": "88415cb4b5fffff", "centroid_lat": 21.043282825496235, "centroid_lon": 105.8139276452646, "legacy_district": "Ba Đình" }, "geometry": { "type": "Polygon", "coordinates": [ [ [ 105.815874942910085, 21.042676415915228 ], [ 105.815412401108318, 21.044530908446553 ], [ 105.813465085528222, 21.045137315952811 ], [ 105.81198031867612, 21.043889216972062 ], [ 105.812442889459433, 21.042034708763993 ], [ 105.814390198113969, 21.041428315213007 ], [ 105.815874942910085, 21.042676415915228 ] ] ] } },
{ "type": "Feature", "properties": { "h3_id": "89415cb4b63ffff", "h3_resolution": 9, "h3_parent_res8": "88415cb4b7fffff", "centroid_lat": 21.043818174232001, "centroid_lon": 105.80122110142001, "legacy_district": "Cầu Giấy" }, "geometry": { "type": "Polygon", "coordinates": [ [ [ 105.803168565724775, 21.043211887261904 ], [ 105.802705912167838, 21.045066404889798 ], [ 105.800758429932699, 21.04567268977064 ], [ 105.799273608198064, 21.044424443083898 ], [ 105.799736290727822, 21.042569909799873 ], [ 105.801683766020048, 21.041963638858313 ], [ 105.803168565724775, 21.043211887261904 ] ] ] } },
{ "type": "Feature", "properties": { "h3_id": "89415cb4b67ffff", "h3_resolution": 9, "h3_parent_res8": "88415cb4b7fffff", "centroid_lat": 21.043176162623336, "centroid_lon": 105.79778878652164, "legacy_district": "Cầu Giấy" }, "geometry": { "type": "Polygon", "coordinates": [ [ [ 105.799736290727822, 21.042569909799873 ], [ 105.799273608198064, 21.044424443083898 ], [ 105.797326086062768, 21.045030693814951 ], [ 105.795841253405399, 21.043782397326051 ], [ 105.796303964905448, 21.041927848391488 ], [ 105.798251480093214, 21.041321611595961 ], [ 105.799736290727822, 21.042569909799873 ] ] ] } },
{ "type": "Feature", "properties": { "h3_id": "89415cb4b6bffff", "h3_resolution": 9, "h3_parent_res8": "88415cb4b7fffff", "centroid_lat": 21.046920902681023, "centroid_lon": 105.80224325172358, "legacy_district": "Cầu Giấy" }, "geometry": { "type": "Polygon", "coordinates": [ [ [ 105.804190722969253, 21.046314601770739 ], [ 105.803728073568692, 21.048169081812549 ], [ 105.801780584391949, 21.048775380631682 ], [ 105.800295751558025, 21.047527185470287 ], [ 105.800758429932699, 21.04567268977064 ], [ 105.802705912167838, 21.045066404889798 ], [ 105.804190722969253, 21.046314601770739 ] ] ] } },
{ "type": "Feature", "properties": { "h3_id": "89415cb4b6fffff", "h3_resolution": 9, "h3_parent_res8": "88415cb4b7fffff", "centroid_lat": 21.046278956530532, "centroid_lon": 105.79881091878097, "legacy_district": "Cầu Giấy" }, "geometry": { "type": "Polygon", "coordinates": [ [ [ 105.800758429932699, 21.04567268977064 ], [ 105.800295751558025, 21.047527185470287 ], [ 105.798348222476477, 21.048133450135868 ], [ 105.796863378716509, 21.046885205166848 ], [ 105.797326086062768, 21.045030693814951 ], [ 105.799273608198064, 21.044424443083898 ], [ 105.800758429932699, 21.04567268977064 ] ] ] } },
{ "type": "Feature", "properties": { "h3_id": "89415cb4b73ffff", "h3_resolution": 9, "h3_parent_res8": "88415cb4b7fffff", "centroid_lat": 21.041357349801284, "centroid_lon": 105.80363121239452, "legacy_district": "Cầu Giấy" }, "geometry": { "type": "Polygon", "coordinates": [ [ [ 105.805578629847346, 21.040751042631438 ], [ 105.805116001108502, 21.042605582176257 ], [ 105.803168565724775, 21.043211887261904 ], [ 105.801683766020048, 21.041963638858313 ], [ 105.802146423732935, 21.040109083653515 ], [ 105.804093852177161, 21.039502792511875 ], [ 105.805578629847346, 21.040751042631438 ] ] ] } },
{ "type": "Feature", "properties": { "h3_id": "89415cb4b77ffff", "h3_resolution": 9, "h3_parent_res8": "88415cb4b7fffff", "centroid_lat": 21.040715356682419, "centroid_lon": 105.80019896637032, "legacy_district": "Cầu Giấy" }, "geometry": { "type": "Polygon", "coordinates": [ [ [ 105.802146423732935, 21.040109083653515 ], [ 105.801683766020048, 21.041963638858313 ], [ 105.799736290727822, 21.042569909799873 ], [ 105.798251480093214, 21.041321611595961 ], [ 105.798714166777572, 21.039467040736746 ], [ 105.800661635125692, 21.038860783735444 ], [ 105.802146423732935, 21.040109083653515 ] ] ] } },
{ "type": "Feature", "properties": { "h3_id": "89415cb4b7bffff", "h3_resolution": 9, "h3_parent_res8": "88415cb4b7fffff", "centroid_lat": 21.04446010189066, "centroid_lon": 105.80465336548248, "legacy_district": "Cầu Giấy" }, "geometry": { "type": "Polygon", "coordinates": [ [ [ 105.806600789872832, 21.043853780775873 ], [ 105.806138165291202, 21.045708282742048 ], [ 105.804190722969253, 21.046314601770739 ], [ 105.802705912167838, 21.045066404889798 ], [ 105.803168565724775, 21.043211887261904 ], [ 105.805116001108502, 21.042605582176257 ], [ 105.806600789872832, 21.043853780775873 ] ] ] } },
{ "type": "Feature", "properties": { "h3_id": "89415cb4b83ffff", "h3_resolution": 9, "h3_parent_res8": "88415cb4b9fffff", "centroid_lat": 21.027768710896861, "centroid_lon": 105.80881683818734, "legacy_district": "Ba Đình" }, "geometry": { "type": "Polygon", "coordinates": [ [ [ 105.810764101196156, 21.027162371111743 ], [ 105.810301538595681, 21.029017051424432 ], [ 105.808354257655822, 21.029623389144366 ], [ 105.80686954624889, 21.028375032590954 ], [ 105.807332137824375, 21.026520336610108 ], [ 105.809279411832435, 21.025914012850404 ], [ 105.810764101196156, 21.027162371111743 ] ] ] } },
{ "type": "Feature", "properties": { "h3_id": "89415cb4b87ffff", "h3_resolution": 9, "h3_parent_res8": "88415cb4b9fffff", "centroid_lat": 21.027126642278876, "centroid_lon": 105.80538483488998, "legacy_district": "Đống Đa" }, "geometry": { "type": "Polygon", "coordinates": [ [ [ 105.807332137824375, 21.026520336610108 ], [ 105.80686954624889, 21.028375032590954 ], [ 105.804922225384715, 21.028981336191407 ], [ 105.803437503033109, 21.02773292985411 ], [ 105.803900123581087, 21.025878218210671 ], [ 105.805847437508817, 21.025271928566703 ], [ 105.807332137824375, 21.026520336610108 ] ] ] } },
{ "type": "Feature", "properties": { "h3_id": "89415cb4b8bffff", "h3_resolution": 9, "h3_parent_res8": "88415cb4b9fffff", "centroid_lat": 21.03087171193657, "centroid_lon": 105.80983896910878, "legacy_district": "Ba Đình" }, "geometry": { "type": "Polygon", "coordinates": [ [ [ 105.811786239047436, 21.030265358190295 ], [ 105.811323680605767, 21.032120000965048 ], [ 105.809376392735359, 21.032726352644239 ], [ 105.807891670237836, 21.031478047588998 ], [ 105.808354257655822, 21.029623389144366 ], [ 105.810301538595681, 21.029017051424432 ], [ 105.811786239047436, 21.030265358190295 ] ] ] } },
{ "type": "Feature", "properties": { "h3_id": "89415cb4b8fffff", "h3_resolution": 9, "h3_parent_res8": "88415cb4b9fffff", "centroid_lat": 21.030229708770552, "centroid_lon": 105.80640694778695, "legacy_district": "Ba Đình" }, "geometry": { "type": "Polygon", "coordinates": [ [ [ 105.808354257655822, 21.029623389144366 ], [ 105.807891670237836, 21.031478047588998 ], [ 105.805944342438465, 21.032084365144939 ], [ 105.804459608992943, 21.030836010300344 ], [ 105.804922225384715, 21.028981336191407 ], [ 105.80686954624889, 21.028375032590954 ], [ 105.808354257655822, 21.029623389144366 ] ] ] } },
{ "type": "Feature", "properties": { "h3_id": "89415cb4b93ffff", "h3_resolution": 9, "h3_parent_res8": "88415cb4b9fffff", "centroid_lat": 21.025307671002448, "centroid_lon": 105.81122665691031, "legacy_district": "Ba Đình" }, "geometry": { "type": "Polygon", "coordinates": [ [ [ 105.81317387305414, 21.024701311068839 ], [ 105.81271133527153, 21.02655601323826 ], [ 105.810764101196156, 21.027162371111743 ], [ 105.809279411832435, 21.025914012850404 ], [ 105.809741978591248, 21.024059295008961 ], [ 105.811689205738233, 21.02345295110046 ], [ 105.81317387305414, 21.024701311068839 ] ] ] } },
{ "type": "Feature", "properties": { "h3_id": "89415cb4b97ffff", "h3_resolution": 9, "h3_parent_res8": "88415cb4b9fffff", "centroid_lat": 21.024665620831914, "centroid_lon": 105.80779472251349, "legacy_district": "Đống Đa" }, "geometry": { "type": "Polygon", "coordinates": [ [ [ 105.809741978591248, 21.024059295008961 ], [ 105.809279411832435, 21.025914012850404 ], [ 105.807332137824375, 21.026520336610108 ], [ 105.805847437508817, 21.025271928566703 ], [ 105.806310033241317, 21.023417195058801 ], [ 105.808257300316342, 21.022810885260334 ], [ 105.809741978591248, 21.024059295008961 ] ] ] } },
{ "type": "Feature", "properties": { "h3_id": "89415cb4b9bffff", "h3_resolution": 9, "h3_parent_res8": "88415cb4b9fffff", "centroid_lat": 21.028410695613388, "centroid_lon": 105.81224879060267, "legacy_district": "Ba Đình" }, "geometry": { "type": "Polygon", "coordinates": [ [ [ 105.814196013672941, 21.02780432171388 ], [ 105.813733480049962, 21.029658986352821 ], [ 105.811786239047436, 21.030265358190295 ], [ 105.810301538595681, 21.029017051424432 ], [ 105.810764101196156, 21.027162371111743 ], [ 105.81271133527153, 21.02655601323826 ], [ 105.814196013672941, 21.02780432171388 ] ] ] } },
{ "type": "Feature", "properties": { "h3_id": "89415cb4ba3ffff", "h3_resolution": 9, "h3_parent_res8": "88415cb4bbfffff", "centroid_lat": 21.028945450713305, "centroid_lon": 105.79954275256735, "legacy_district": "Cầu Giấy" }, "geometry": { "type": "Polygon", "coordinates": [ [ [ 105.801490142257606, 21.028339199333129 ], [ 105.801027496894548, 21.030193889100776 ], [ 105.799080089276245, 21.030800138404409 ], [ 105.797595333966157, 21.029551683991997 ], [ 105.798058008298, 21.027696978571225 ], [ 105.800005408971813, 21.027090743215574 ], [ 105.801490142257606, 21.028339199333129 ] ] ] } },
{ "type": "Feature", "properties": { "h3_id": "89415cb4ba7ffff", "h3_resolution": 9, "h3_parent_res8": "88415cb4bbfffff", "centroid_lat": 21.02830319582549, "centroid_lon": 105.79611057871655, "legacy_district": "Cầu Giấy" }, "geometry": { "type": "Polygon", "coordinates": [ [ [ 105.798058008298, 21.027696978571225 ], [ 105.797595333966157, 21.029551683991997 ], [ 105.795647886457928, 21.030157899166571 ], [ 105.794163120231303, 21.028909394975727 ], [ 105.794625823529429, 21.027054673907415 ], [ 105.796573264088522, 21.026448472677064 ], [ 105.798058008298, 21.027696978571225 ] ] ] } },
{ "type": "Feature", "properties": { "h3_id": "89415cb4babffff", "h3_resolution": 9, "h3_parent_res8": "88415cb4bbfffff", "centroid_lat": 21.032048559060179, "centroid_lon": 105.80056484464482, "legacy_district": "Cầu Giấy" }, "geometry": { "type": "Polygon", "coordinates": [ [ [ 105.802512241277597, 21.031442293731097 ], [ 105.802049600069878, 21.033296945956799 ], [ 105.800102185508351, 21.03390320920742 ], [ 105.798617419098449, 21.032654806284942 ], [ 105.799080089276245, 21.030800138404409 ], [ 105.801027496894548, 21.030193889100776 ], [ 105.802512241277597, 21.031442293731097 ] ] ] } },
{ "type": "Feature", "properties": { "h3_id": "89415cb4bafffff", "h3_resolution": 9, "h3_parent_res8": "88415cb4bbfffff", "centroid_lat": 21.031406369603822, "centroid_lon": 105.79713265274764, "legacy_district": "Cầu Giấy" }, "geometry": { "type": "Polygon", "coordinates": [ [ [ 105.799080089276245, 21.030800138404409 ], [ 105.798617419098449, 21.032654806284942 ], [ 105.796669964642334, 21.033261035402745 ], [ 105.795185187312555, 21.03201258269636 ], [ 105.795647886457928, 21.030157899166571 ], [ 105.797595333966157, 21.029551683991997 ], [ 105.799080089276245, 21.030800138404409 ] ] ] } },
{ "type": "Feature", "properties": { "h3_id": "89415cb4bb3ffff", "h3_resolution": 9, "h3_parent_res8": "88415cb4bbfffff", "centroid_lat": 21.026484489761174, "centroid_lon": 105.80195278073414, "legacy_district": "Đống Đa" }, "geometry": { "type": "Polygon", "coordinates": [ [ [ 105.803900123581087, 21.025878218210671 ], [ 105.803437503033109, 21.02773292985411 ], [ 105.801490142257606, 21.028339199333129 ], [ 105.800005408971813, 21.027090743215574 ], [ 105.80046805848977, 21.025236015915141 ], [ 105.80241541232418, 21.024629760388844 ], [ 105.803900123581087, 21.025878218210671 ] ] ] } },
{ "type": "Feature", "properties": { "h3_id": "89415cb4bb7ffff", "h3_resolution": 9, "h3_parent_res8": "88415cb4bbfffff", "centroid_lat": 21.025842253345427, "centroid_lon": 105.79852067574326, "legacy_district": "Cầu Giấy" }, "geometry": { "type": "Polygon", "coordinates": [ [ [ 105.80046805848977, 21.025236015915141 ], [ 105.800005408971813, 21.027090743215574 ], [ 105.798058008298, 21.027696978571225 ], [ 105.796573264088522, 21.026448472677064 ], [ 105.797035942573942, 21.024593729725229 ], [ 105.798983336302044, 21.023987508318545 ], [ 105.80046805848977, 21.025236015915141 ] ] ] } },
{ "type": "Feature", "properties": { "h3_id": "89415cb4bbbffff", "h3_resolution": 9, "h3_parent_res8": "88415cb4bbfffff", "centroid_lat": 21.029587621695562, "centroid_lon": 105.80297487559864, "legacy_district": "Ba Đình" }, "geometry": { "type": "Polygon", "coordinates": [ [ [ 105.804922225384715, 21.028981336191407 ], [ 105.804459608992943, 21.030836010300344 ], [ 105.802512241277597, 21.031442293731097 ], [ 105.801027496894548, 21.030193889100776 ], [ 105.801490142257606, 21.028339199333129 ], [ 105.803437503033109, 21.02773292985411 ], [ 105.804922225384715, 21.028981336191407 ] ] ] } },
{ "type": "Feature", "properties": { "h3_id": "89415cb4bc3ffff", "h3_resolution": 9, "h3_parent_res8": "88415cb4bdfffff", "centroid_lat": 21.0346164777207, "centroid_lon": 105.81429310372384, "legacy_district": "Ba Đình" }, "geometry": { "type": "Polygon", "coordinates": [ [ [ 105.816240340643219, 21.034010075892358 ], [ 105.815777815340951, 21.035864665442819 ], [ 105.813830560487887, 21.036471065205308 ], [ 105.812345837862381, 21.035222861454915 ], [ 105.812808392144774, 21.033368256227273 ], [ 105.814755640073201, 21.032761870426786 ], [ 105.816240340643219, 21.034010075892358 ] ] ] } },
{ "type": "Feature", "properties": { "h3_id": "89415cb4bc7ffff", "h3_resolution": 9, "h3_parent_res8": "88415cb4bdfffff", "centroid_lat": 21.033974623933712, "centroid_lon": 105.81086111527755, "legacy_district": "Ba Đình" }, "geometry": { "type": "Polygon", "coordinates": [ [ [ 105.812808392144774, 21.033368256227273 ], [ 105.812345837862381, 21.035222861454915 ], [ 105.810398543062675, 21.035829227092357 ], [ 105.808913809475342, 21.034580973543484 ], [ 105.809376392735359, 21.032726352644239 ], [ 105.811323680605767, 21.032120000965048 ], [ 105.812808392144774, 21.033368256227273 ] ] ] } },
{ "type": "Feature", "properties": { "h3_id": "89415cb4bcbffff", "h3_resolution": 9, "h3_parent_res8": "88415cb4bdfffff", "centroid_lat": 21.037719235182369, "centroid_lon": 105.81531528315205, "legacy_district": "Ba Đình" }, "geometry": { "type": "Polygon", "coordinates": [ [ [ 105.817262526994114, 21.037112819391101 ], [ 105.816800005852883, 21.03896737138356 ], [ 105.814852744076418, 21.039573785107077 ], [ 105.813368010365224, 21.038325632876681 ], [ 105.813830560487887, 21.036471065205308 ], [ 105.815777815340951, 21.035864665442819 ], [ 105.817262526994114, 21.037112819391101 ] ] ] } },
{ "type": "Feature", "properties": { "h3_id": "89415cb4bcfffff", "h3_resolution": 9, "h3_parent_res8": "88415cb4bdfffff", "centroid_lat": 21.037077446870931, "centroid_lon": 105.81188327669331, "legacy_district": "Ba Đình" }, "geometry": { "type": "Polygon", "coordinates": [ [ [ 105.813830560487887, 21.036471065205308 ], [ 105.813368010365224, 21.038325632876681 ], [ 105.811420708637485, 21.038932012471388 ], [ 105.809935963961095, 21.037683810437045 ], [ 105.810398543062675, 21.035829227092357 ], [ 105.812345837862381, 21.035222861454915 ], [ 105.813830560487887, 21.036471065205308 ] ] ] } },
{ "type": "Feature", "properties": { "h3_id": "89415cb4bd3ffff", "h3_resolution": 9, "h3_parent_res8": "88415cb4bdfffff", "centroid_lat": 21.032155466534917, "centroid_lon": 105.81670285905898, "legacy_district": "Ba Đình" }, "geometry": { "type": "Polygon", "coordinates": [ [ [ 105.81865004909821, 21.031549044554296 ], [ 105.818187548616677, 21.033403655972521 ], [ 105.816240340643219, 21.034010075892358 ], [ 105.814755640073201, 21.032761870426786 ], [ 105.815218169536067, 21.030907243327508 ], [ 105.81716537058827, 21.03030083737443 ], [ 105.81865004909821, 21.031549044554296 ] ] ] } },
{ "type": "Feature", "properties": { "h3_id": "89415cb4bd7ffff", "h3_resolution": 9, "h3_parent_res8": "88415cb4bdfffff", "centroid_lat": 21.03151363119192, "centroid_lon": 105.81327093954062, "legacy_district": "Ba Đình" }, "geometry": { "type": "Polygon", "coordinates": [ [ [ 105.815218169536067, 21.030907243327508 ], [ 105.814755640073201, 21.032761870426786 ], [ 105.812808392144774, 21.033368256227273 ], [ 105.811323680605767, 21.032120000965048 ], [ 105.811786239047436, 21.030265358190295 ], [ 105.813733480049962, 21.029658986352821 ], [ 105.815218169536067, 21.030907243327508 ] ] ] } },
{ "type": "Feature", "properties": { "h3_id": "89415cb4bdbffff", "h3_resolution": 9, "h3_parent_res8": "88415cb4bdfffff", "centroid_lat": 21.035258247586096, "centroid_lon": 105.81772504124868, "legacy_district": "Ba Đình" }, "geometry": { "type": "Polygon", "coordinates": [ [ [ 105.819672238207218, 21.034651811637801 ], [ 105.819209741887576, 21.03650638550549 ], [ 105.817262526994114, 21.037112819391101 ], [ 105.815777815340951, 21.035864665442819 ], [ 105.816240340643219, 21.034010075892358 ], [ 105.818187548616677, 21.033403655972521 ], [ 105.819672238207218, 21.034651811637801 ] ] ] } },
{ "type": "Feature", "properties": { "h3_id": "89415cb4c03ffff", "h3_resolution": 9, "h3_parent_res8": "88415cb4c1fffff", "centroid_lat": 21.001336748111697, "centroid_lon": 105.83875209452593, "legacy_district": "Đống Đa" }, "geometry": { "type": "Polygon", "coordinates": [ [ [ 105.840698801716599, 21.000730153216111 ], [ 105.840236541123417, 21.002585057613622 ], [ 105.838289815994742, 21.003191650502899 ], [ 105.836805358349736, 21.001943324978026 ], [ 105.837267647933629, 21.000088404864211 ], [ 105.839214366172484, 20.999481825991154 ], [ 105.840698801716599, 21.000730153216111 ] ] ] } },
{ "type": "Feature", "properties": { "h3_id": "89415cb4c07ffff", "h3_resolution": 9, "h3_parent_res8": "88415cb4c1fffff", "centroid_lat": 21.000694965708107, "centroid_lon": 105.83532090071253, "legacy_district": "Đống Đa" }, "geometry": { "type": "Polygon", "coordinates": [ [ [ 105.837267647933629, 21.000088404864211 ], [ 105.836805358349736, 21.001943324978026 ], [ 105.834858593191882, 21.002549883812456 ], [ 105.833374124513014, 21.001301508520193 ], [ 105.833836443085119, 20.999446572695664 ], [ 105.835783201348519, 20.998840027873694 ], [ 105.837267647933629, 21.000088404864211 ] ] ] } },
{ "type": "Feature", "properties": { "h3_id": "89415cb4c0bffff", "h3_resolution": 9, "h3_parent_res8": "88415cb4c1fffff", "centroid_lat": 21.00443994228019, "centroid_lon": 105.83977427364559, "legacy_district": "Đống Đa" }, "geometry": { "type": "Polygon", "coordinates": [ [ [ 105.841720987724102, 21.003833333367464 ], [ 105.841258731300243, 21.005688200307365 ], [ 105.839311999283012, 21.006294807211859 ], [ 105.837827530578863, 21.005046533160815 ], [ 105.838289815994742, 21.003191650502899 ], [ 105.840236541123417, 21.002585057613622 ], [ 105.841720987724102, 21.003833333367464 ] ] ] } },
{ "type": "Feature", "properties": { "h3_id": "89415cb4c0fffff", "h3_resolution": 9, "h3_parent_res8": "88415cb4c1fffff", "centroid_lat": 21.003798225360175, "centroid_lon": 105.83634306188115, "legacy_district": "Đống Đa" }, "geometry": { "type": "Polygon", "coordinates": [ [ [ 105.838289815994742, 21.003191650502899 ], [ 105.837827530578863, 21.005046533160815 ], [ 105.835880758527807, 21.005653106006712 ], [ 105.834396278786485, 21.004404782182807 ], [ 105.834858593191882, 21.002549883812456 ], [ 105.836805358349736, 21.001943324978026 ], [ 105.838289815994742, 21.003191650502899 ] ] ] } },
{ "type": "Feature", "properties": { "h3_id": "89415cb4c13ffff", "h3_resolution": 9, "h3_parent_res8": "88415cb4c1fffff", "centroid_lat": 20.998875229091563, "centroid_lon": 105.84116105542523, "legacy_district": "Đống Đa" }, "geometry": { "type": "Polygon", "coordinates": [ [ [ 105.843107715688049, 20.998268614168101 ], [ 105.842645479917906, 21.000123540293899 ], [ 105.840698801716599, 21.000730153216111 ], [ 105.839214366172484, 20.999481825991154 ], [ 105.83967663093452, 20.997626884145195 ], [ 105.841623302249403, 20.997020285243941 ], [ 105.843107715688049, 20.998268614168101 ] ] ] } },
{ "type": "Feature", "properties": { "h3_id": "89415cb4c17ffff", "h3_resolution": 9, "h3_parent_res8": "88415cb4c1fffff", "centroid_lat": 20.998233465022661, "centroid_lon": 105.83772993063295, "legacy_district": "Thanh Xuân" }, "geometry": { "type": "Polygon", "coordinates": [ [ [ 105.83967663093452, 20.997626884145195 ], [ 105.839214366172484, 20.999481825991154 ], [ 105.837267647933629, 21.000088404864211 ], [ 105.835783201348519, 20.998840027873694 ], [ 105.836245495099973, 20.996985070313155 ], [ 105.838192206447758, 20.996378505457304 ], [ 105.83967663093452, 20.997626884145195 ] ] ] } },
{ "type": "Feature", "properties": { "h3_id": "89415cb4c1bffff", "h3_resolution": 9, "h3_parent_res8": "88415cb4c1fffff", "centroid_lat": 21.001978446694999, "centroid_lon": 105.8421832372633, "legacy_district": "Hai Bà Trưng" }, "geometry": { "type": "Polygon", "coordinates": [ [ [ 105.844129904410565, 21.001371817749657 ], [ 105.843667672810597, 21.003226706425284 ], [ 105.841720987724102, 21.003833333367464 ], [ 105.840236541123417, 21.002585057613622 ], [ 105.840698801716599, 21.000730153216111 ], [ 105.842645479917906, 21.000123540293899 ], [ 105.844129904410565, 21.001371817749657 ] ] ] } },
{ "type": "Feature", "properties": { "h3_id": "89415cb4c23ffff", "h3_resolution": 9, "h3_parent_res8": "88415cb4c3fffff", "centroid_lat": 21.002514540038359, "centroid_lon": 105.8294804851942, "legacy_district": "Đống Đa" }, "geometry": { "type": "Polygon", "coordinates": [ [ [ 105.831427319338957, 21.00190803329782 ], [ 105.830964975946557, 21.003762947375016 ], [ 105.829018123866788, 21.004369452097862 ], [ 105.827533622082569, 21.003121028739145 ], [ 105.827995994459485, 21.001266098960688 ], [ 105.829942839636757, 21.000659608241804 ], [ 105.831427319338957, 21.00190803329782 ] ] ] } },
{ "type": "Feature", "properties": { "h3_id": "89415cb4c27ffff", "h3_resolution": 9, "h3_parent_res8": "88415cb4c3fffff", "centroid_lat": 21.001872571639932, "centroid_lon": 105.82604912031861, "legacy_district": "Đống Đa" }, "geometry": { "type": "Polygon", "coordinates": [ [ [ 105.827995994459485, 21.001266098960688 ], [ 105.827533622082569, 21.003121028739145 ], [ 105.825586730007942, 21.003727499397552 ], [ 105.824102217218012, 21.002479026276887 ], [ 105.824564618576915, 21.000624080802762 ], [ 105.826511503744413, 21.000017624144554 ], [ 105.827995994459485, 21.001266098960688 ] ] ] } },
{ "type": "Feature", "properties": { "h3_id": "89415cb4c2bffff", "h3_resolution": 9, "h3_parent_res8": "88415cb4c3fffff", "centroid_lat": 21.005617841713569, "centroid_lon": 105.83050262566927, "legacy_district": "Đống Đa" }, "geometry": { "type": "Polygon", "coordinates": [ [ [ 105.832449466714564, 21.005011320968148 ], [ 105.83198712748802, 21.006866197583701 ], [ 105.83004026850702, 21.007472716309515 ], [ 105.828555755654449, 21.006224344416399 ], [ 105.829018123866788, 21.004369452097862 ], [ 105.830964975946557, 21.003762947375016 ], [ 105.832449466714564, 21.005011320968148 ] ] ] } },
{ "type": "Feature", "properties": { "h3_id": "89415cb4c2fffff", "h3_resolution": 9, "h3_parent_res8": "88415cb4c3fffff", "centroid_lat": 21.004975938778227, "centroid_lon": 105.82707124282075, "legacy_district": "Đống Đa" }, "geometry": { "type": "Polygon", "coordinates": [ [ [ 105.829018123866788, 21.004369452097862 ], [ 105.828555755654449, 21.006224344416399 ], [ 105.826608856673914, 21.006830829074008 ], [ 105.825124332812294, 21.005582407413474 ], [ 105.825586730007942, 21.003727499397552 ], [ 105.827533622082569, 21.003121028739145 ], [ 105.829018123866788, 21.004369452097862 ] ] ] } },
{ "type": "Feature", "properties": { "h3_id": "89415cb4c33ffff", "h3_resolution": 9, "h3_parent_res8": "88415cb4c3fffff", "centroid_lat": 21.00005309948591, "centroid_lon": 105.8318896558466, "legacy_district": "Thanh Xuân" }, "geometry": { "type": "Polygon", "coordinates": [ [ [ 105.833836443085119, 20.999446572695664 ], [ 105.833374124513014, 21.001301508520193 ], [ 105.831427319338957, 21.00190803329782 ], [ 105.829942839636757, 21.000659608241804 ], [ 105.830405187194572, 20.998804656712146 ], [ 105.832351985469515, 20.998198145943221 ], [ 105.833836443085119, 20.999446572695664 ] ] ] } },
{ "type": "Feature", "properties": { "h3_id": "89415cb4c37ffff", "h3_resolution": 9, "h3_parent_res8": "88415cb4c3fffff", "centroid_lat": 20.999411149446807, "centroid_lon": 105.82845835995158, "legacy_district": "Thanh Xuân" }, "geometry": { "type": "Polygon", "coordinates": [ [ [ 105.830405187194572, 20.998804656712146 ], [ 105.829942839636757, 21.000659608241804 ], [ 105.827995994459485, 21.001266098960688 ], [ 105.826511503744413, 21.000017624144554 ], [ 105.826973880285408, 20.998162656915365 ], [ 105.828920718558933, 20.997556180201421 ], [ 105.830405187194572, 20.998804656712146 ] ] ] } },
{ "type": "Feature", "properties": { "h3_id": "89415cb4c3bffff", "h3_resolution": 9, "h3_parent_res8": "88415cb4c3fffff", "centroid_lat": 21.003156424612342, "centroid_lon": 105.83291179905621, "legacy_district": "Đống Đa" }, "geometry": { "type": "Polygon", "coordinates": [ [ [ 105.834858593191882, 21.002549883812456 ], [ 105.834396278786485, 21.004404782182807 ], [ 105.832449466714564, 21.005011320968148 ], [ 105.830964975946557, 21.003762947375016 ], [ 105.831427319338957, 21.00190803329782 ], [ 105.833374124513014, 21.001301508520193 ], [ 105.834858593191882, 21.002549883812456 ] ] ] } },
{ "type": "Feature", "properties": { "h3_id": "89415cb4c43ffff", "h3_resolution": 9, "h3_parent_res8": "88415cb4c5fffff", "centroid_lat": 21.008184615101264, "centroid_lon": 105.84422764661308, "legacy_district": "Hai Bà Trưng" }, "geometry": { "type": "Polygon", "coordinates": [ [ [ 105.846174327525517, 21.007577958115146 ], [ 105.84571210426725, 21.009432771862933 ], [ 105.843765405414175, 21.010039426842045 ], [ 105.842280936702664, 21.008791254054994 ], [ 105.842743188956746, 21.006936424581898 ], [ 105.844689880927149, 21.00632978362075 ], [ 105.846174327525517, 21.007577958115146 ] ] ] } },
{ "type": "Feature", "properties": { "h3_id": "89415cb4c47ffff", "h3_resolution": 9, "h3_parent_res8": "88415cb4c5fffff", "centroid_lat": 21.007543047510762, "centroid_lon": 105.84079646799161, "legacy_district": "Đống Đa" }, "geometry": { "type": "Polygon", "coordinates": [ [ [ 105.842743188956746, 21.006936424581898 ], [ 105.842280936702664, 21.008791254054994 ], [ 105.840334197798114, 21.009397874973715 ], [ 105.838849718035618, 21.008149652404697 ], [ 105.839311999283012, 21.006294807211859 ], [ 105.841258731300243, 21.005688200307365 ], [ 105.842743188956746, 21.006936424581898 ] ] ] } },
{ "type": "Feature", "properties": { "h3_id": "89415cb4c4bffff", "h3_resolution": 9, "h3_parent_res8": "88415cb4c5fffff", "centroid_lat": 21.011287565869374, "centroid_lon": 105.84524987412415, "legacy_district": "Hai Bà Trưng" }, "geometry": { "type": "Polygon", "coordinates": [ [ [ 105.847196561917301, 21.010680894864375 ], [ 105.846734342830601, 21.012535671134451 ], [ 105.844787637096104, 21.013142340130553 ], [ 105.843303157330354, 21.011894218839178 ], [ 105.843765405414175, 21.010039426842045 ], [ 105.84571210426725, 21.009432771862933 ], [ 105.847196561917301, 21.010680894864375 ] ] ] } },
{ "type": "Feature", "properties": { "h3_id": "89415cb4c4fffff", "h3_resolution": 9, "h3_parent_res8": "88415cb4c5fffff", "centroid_lat": 21.010646063786055, "centroid_lon": 105.84181867756369, "legacy_district": "Hai Bà Trưng" }, "geometry": { "type": "Polygon", "coordinates": [ [ [ 105.843765405414175, 21.010039426842045 ], [ 105.843303157330354, 21.011894218839178 ], [ 105.841356411539749, 21.012500853771126 ], [ 105.839871920719673, 21.011252682692291 ], [ 105.840334197798114, 21.009397874973715 ], [ 105.842280936702664, 21.008791254054994 ], [ 105.843765405414175, 21.010039426842045 ] ] ] } },
{ "type": "Feature", "properties": { "h3_id": "89415cb4c53ffff", "h3_resolution": 9, "h3_parent_res8": "88415cb4c5fffff", "centroid_lat": 21.00572312462997, "centroid_lon": 105.846636543899, "legacy_district": "Hai Bà Trưng" }, "geometry": { "type": "Polygon", "coordinates": [ [ [ 105.848583177868434, 21.005116447612185 ], [ 105.848120979436104, 21.006971283099293 ], [ 105.846174327525517, 21.007577958115146 ], [ 105.844689880927149, 21.00632978362075 ], [ 105.845152108356501, 21.004474932404456 ], [ 105.847098753387812, 21.003868271411321 ], [ 105.848583177868434, 21.005116447612185 ] ] ] } },
{ "type": "Feature", "properties": { "h3_id": "89415cb4c57ffff", "h3_resolution": 9, "h3_parent_res8": "88415cb4c5fffff", "centroid_lat": 21.005081575370689, "centroid_lon": 105.84320543432602, "legacy_district": "Hai Bà Trưng" }, "geometry": { "type": "Polygon", "coordinates": [ [ [ 105.845152108356501, 21.004474932404456 ], [ 105.844689880927149, 21.00632978362075 ], [ 105.842743188956746, 21.006936424581898 ], [ 105.841258731300243, 21.005688200307365 ], [ 105.841720987724102, 21.003833333367464 ], [ 105.843667672810597, 21.003226706425284 ], [ 105.845152108356501, 21.004474932404456 ] ] ] } },
{ "type": "Feature", "properties": { "h3_id": "89415cb4c5bffff", "h3_resolution": 9, "h3_parent_res8": "88415cb4c5fffff", "centroid_lat": 21.00882609885134, "centroid_lon": 105.84765877411911, "legacy_district": "Hai Bà Trưng" }, "geometry": { "type": "Polygon", "coordinates": [ [ [ 105.849605414965851, 21.008219407809921 ], [ 105.849143220705926, 21.010074205826797 ], [ 105.847196561917301, 21.010680894864375 ], [ 105.84571210426725, 21.009432771862933 ], [ 105.846174327525517, 21.007577958115146 ], [ 105.848120979436104, 21.006971283099293 ], [ 105.849605414965851, 21.008219407809921 ] ] ] } },
{ "type": "Feature", "properties": { "h3_id": "89415cb4c63ffff", "h3_resolution": 9, "h3_parent_res8": "88415cb4c7fffff", "centroid_lat": 21.009362808077206, "centroid_lon": 105.83495613116641, "legacy_district": "Đống Đa" }, "geometry": { "type": "Polygon", "coordinates": [ [ [ 105.836902939092596, 21.008756239261061 ], [ 105.836440633022022, 21.010611062695499 ], [ 105.834493807158154, 21.011217629493292 ], [ 105.833009294260876, 21.009969358850487 ], [ 105.833471629321068, 21.00811451970576 ], [ 105.835418448289587, 21.0075079669137 ], [ 105.836902939092596, 21.008756239261061 ] ] ] } },
{ "type": "Feature", "properties": { "h3_id": "89415cb4c67ffff", "h3_resolution": 9, "h3_parent_res8": "88415cb4c7fffff", "centroid_lat": 21.008721054455055, "centroid_lon": 105.83152478137649, "legacy_district": "Đống Đa" }, "geometry": { "type": "Polygon", "coordinates": [ [ [ 105.833471629321068, 21.00811451970576 ], [ 105.833009294260876, 21.009969358850487 ], [ 105.831062428379866, 21.010575891578274 ], [ 105.829577904459711, 21.009327571158938 ], [ 105.83004026850702, 21.007472716309515 ], [ 105.83198712748802, 21.006866197583701 ], [ 105.833471629321068, 21.00811451970576 ] ] ] } },
{ "type": "Feature", "properties": { "h3_id": "89415cb4c6bffff", "h3_resolution": 9, "h3_parent_res8": "88415cb4c7fffff", "centroid_lat": 21.012465866380921, "centroid_lon": 105.83597832006636, "legacy_district": "Đống Đa" }, "geometry": { "type": "Polygon", "coordinates": [ [ [ 105.83792513488595, 21.011859283558131 ], [ 105.837462832983476, 21.013714069510865 ], [ 105.83551600022551, 21.014320650313373 ], [ 105.834031476264755, 21.013072431158015 ], [ 105.834493807158154, 21.011217629493292 ], [ 105.836440633022022, 21.010611062695499 ], [ 105.83792513488595, 21.011859283558131 ] ] ] } },
{ "type": "Feature", "properties": { "h3_id": "89415cb4c6fffff", "h3_resolution": 9, "h3_parent_res8": "88415cb4c7fffff", "centroid_lat": 21.011824178245472, "centroid_lon": 105.83254695231555, "legacy_district": "Đống Đa" }, "geometry": { "type": "Polygon", "coordinates": [ [ [ 105.834493807158154, 21.011217629493292 ], [ 105.834031476264755, 21.013072431158015 ], [ 105.832084603485015, 21.013678977886773 ], [ 105.830600068498057, 21.01243070894941 ], [ 105.831062428379866, 21.010575891578274 ], [ 105.833009294260876, 21.009969358850487 ], [ 105.834493807158154, 21.011217629493292 ] ] ] } },
{ "type": "Feature", "properties": { "h3_id": "89415cb4c73ffff", "h3_resolution": 9, "h3_parent_res8": "88415cb4c7fffff", "centroid_lat": 21.006901396081513, "centroid_lon": 105.83736523827817, "legacy_district": "Đống Đa" }, "geometry": { "type": "Polygon", "coordinates": [ [ [ 105.839311999283012, 21.006294807211859 ], [ 105.838849718035618, 21.008149652404697 ], [ 105.836902939092596, 21.008756239261061 ], [ 105.835418448289587, 21.0075079669137 ], [ 105.835880758527807, 21.005653106006712 ], [ 105.837827530578863, 21.005046533160815 ], [ 105.839311999283012, 21.006294807211859 ] ] ] } },
{ "type": "Feature", "properties": { "h3_id": "89415cb4c77ffff", "h3_resolution": 9, "h3_parent_res8": "88415cb4c7fffff", "centroid_lat": 21.006259660815214, "centroid_lon": 105.83393395749624, "legacy_district": "Đống Đa" }, "geometry": { "type": "Polygon", "coordinates": [ [ [ 105.835880758527807, 21.005653106006712 ], [ 105.835418448289587, 21.0075079669137 ], [ 105.833471629321068, 21.00811451970576 ], [ 105.83198712748802, 21.006866197583701 ], [ 105.832449466714564, 21.005011320968148 ], [ 105.834396278786485, 21.004404782182807 ], [ 105.835880758527807, 21.005653106006712 ] ] ] } },
{ "type": "Feature", "properties": { "h3_id": "89415cb4c7bffff", "h3_resolution": 9, "h3_parent_res8": "88415cb4c7fffff", "centroid_lat": 21.010004477854768, "centroid_lon": 105.83838742990329, "legacy_district": "Đống Đa" }, "geometry": { "type": "Polygon", "coordinates": [ [ [ 105.840334197798114, 21.009397874973715 ], [ 105.839871920719673, 21.011252682692291 ], [ 105.83792513488595, 21.011859283558131 ], [ 105.836440633022022, 21.010611062695499 ], [ 105.836902939092596, 21.008756239261061 ], [ 105.838849718035618, 21.008149652404697 ], [ 105.840334197798114, 21.009397874973715 ] ] ] } },
{ "type": "Feature", "properties": { "h3_id": "89415cb4c83ffff", "h3_resolution": 9, "h3_parent_res8": "88415cb4c9fffff", "centroid_lat": 20.993310338395194, "centroid_lon": 105.84254777524475, "legacy_district": "Hai Bà Trưng" }, "geometry": { "type": "Polygon", "coordinates": [ [ [ 105.844494381692428, 20.992703717481938 ], [ 105.844032166575218, 20.994558702758187 ], [ 105.842085542189224, 20.99516532167717 ], [ 105.840601139805401, 20.993916941292795 ], [ 105.841063383914417, 20.992061940294235 ], [ 105.843010001416118, 20.991455335401948 ], [ 105.844494381692428, 20.992703717481938 ] ] ] } },
{ "type": "Feature", "properties": { "h3_id": "89415cb4c87ffff", "h3_resolution": 9, "h3_parent_res8": "88415cb4c9fffff", "centroid_lat": 20.992668527170942, "centroid_lon": 105.83911673742426, "legacy_district": "Thanh Xuân" }, "geometry": { "type": "Polygon", "coordinates": [ [ [ 105.841063383914417, 20.992061940294235 ], [ 105.840601139805401, 20.993916941292795 ], [ 105.838654475378164, 20.994523526172088 ], [ 105.83717006194955, 20.993275096029453 ], [ 105.837632335047871, 20.991420079314167 ], [ 105.839578992586155, 20.990813508457819 ], [ 105.841063383914417, 20.992061940294235 ] ] ] } },
{ "type": "Feature", "properties": { "h3_id": "89415cb4c8bffff", "h3_resolution": 9, "h3_parent_res8": "88415cb4c9fffff", "centroid_lat": 20.996413668321548, "centroid_lon": 105.84356994457377, "legacy_district": "Hai Bà Trưng" }, "geometry": { "type": "Polygon", "coordinates": [ [ [ 105.84551655790375, 20.995807033380665 ], [ 105.845054346957056, 20.997661981223409 ], [ 105.843107715688049, 20.998268614168101 ], [ 105.841623302249403, 20.997020285243941 ], [ 105.842085542189224, 20.99516532167717 ], [ 105.844032166575218, 20.994558702758187 ], [ 105.84551655790375, 20.995807033380665 ] ] ] } },
{ "type": "Feature", "properties": { "h3_id": "89415cb4c8fffff", "h3_resolution": 9, "h3_parent_res8": "88415cb4c9fffff", "centroid_lat": 20.995771922577763, "centroid_lon": 105.84013888881212, "legacy_district": "Thanh Xuân" }, "geometry": { "type": "Polygon", "coordinates": [ [ [ 105.842085542189224, 20.99516532167717 ], [ 105.841623302249403, 20.997020285243941 ], [ 105.83967663093452, 20.997626884145195 ], [ 105.838192206447758, 20.996378505457304 ], [ 105.838654475378164, 20.994523526172088 ], [ 105.840601139805401, 20.993916941292795 ], [ 105.842085542189224, 20.99516532167717 ] ] ] } },
{ "type": "Feature", "properties": { "h3_id": "89415cb4c93ffff", "h3_resolution": 9, "h3_parent_res8": "88415cb4c9fffff", "centroid_lat": 20.990848712496746, "centroid_lon": 105.84495658992554, "legacy_district": "Hoàng Mai" }, "geometry": { "type": "Polygon", "coordinates": [ [ [ 105.846903149438845, 20.990242071581264 ], [ 105.846440959144559, 20.992097078555663 ], [ 105.844494381692428, 20.992703717481938 ], [ 105.843010001416118, 20.991455335401948 ], [ 105.843472220703404, 20.989600312701373 ], [ 105.845418791274639, 20.988993687806548 ], [ 105.846903149438845, 20.990242071581264 ] ] ] } },
{ "type": "Feature", "properties": { "h3_id": "89415cb4c97ffff", "h3_resolution": 9, "h3_parent_res8": "88415cb4c9fffff", "centroid_lat": 20.990206919586008, "centroid_lon": 105.8415256211393, "legacy_district": "Hoàng Mai" }, "geometry": { "type": "Polygon", "coordinates": [ [ [ 105.843472220703404, 20.989600312701373 ], [ 105.843010001416118, 20.991455335401948 ], [ 105.841063383914417, 20.992061940294235 ], [ 105.839578992586155, 20.990813508457819 ], [ 105.84004124086394, 20.988958470036653 ], [ 105.841987851480113, 20.988351879172068 ], [ 105.843472220703404, 20.989600312701373 ] ] ] } },
{ "type": "Feature", "properties": { "h3_id": "89415cb4c9bffff", "h3_resolution": 9, "h3_parent_res8": "88415cb4c9fffff", "centroid_lat": 20.993952065823439, "centroid_lon": 105.84597876196622, "legacy_district": "Hai Bà Trưng" }, "geometry": { "type": "Polygon", "coordinates": [ [ [ 105.847925328358457, 20.993345410875584 ], [ 105.847463142235526, 20.995200380423928 ], [ 105.84551655790375, 20.995807033380665 ], [ 105.844032166575218, 20.994558702758187 ], [ 105.844494381692428, 20.992703717481938 ], [ 105.846440959144559, 20.992097078555663 ], [ 105.847925328358457, 20.993345410875584 ] ] ] } },
{ "type": "Feature", "properties": { "h3_id": "89415cb4ca3ffff", "h3_resolution": 9, "h3_parent_res8": "88415cb4cbfffff", "centroid_lat": 20.994488179681259, "centroid_lon": 105.83327662406171, "legacy_district": "Thanh Xuân" }, "geometry": { "type": "Polygon", "coordinates": [ [ [ 105.835223357494073, 20.993881646867109 ], [ 105.834761059575555, 20.995736641865179 ], [ 105.832814308207858, 20.996343172673694 ], [ 105.8313298616563, 20.995094694469266 ], [ 105.831792188560399, 20.993239683763921 ], [ 105.833738933031142, 20.992633166969856 ], [ 105.835223357494073, 20.993881646867109 ] ] ] } },
{ "type": "Feature", "properties": { "h3_id": "89415cb4ca7ffff", "h3_resolution": 9, "h3_parent_res8": "88415cb4cbfffff", "centroid_lat": 20.993846182531929, "centroid_lon": 105.82984541511988, "legacy_district": "Thanh Xuân" }, "geometry": { "type": "Polygon", "coordinates": [ [ [ 105.831792188560399, 20.993239683763921 ], [ 105.8313298616563, 20.995094694469266 ], [ 105.829383070281679, 20.995701191228495 ], [ 105.827898612713426, 20.994452663271261 ], [ 105.828360968600634, 20.992597636864222 ], [ 105.83030775307364, 20.991991154115695 ], [ 105.831792188560399, 20.993239683763921 ] ] ] } },
{ "type": "Feature", "properties": { "h3_id": "89415cb4cabffff", "h3_resolution": 9, "h3_parent_res8": "88415cb4cbfffff", "centroid_lat": 20.997591617142682, "centroid_lon": 105.8342987547726, "legacy_district": "Thanh Xuân" }, "geometry": { "type": "Polygon", "coordinates": [ [ [ 105.836245495099973, 20.996985070313155 ], [ 105.835783201348519, 20.998840027873694 ], [ 105.833836443085119, 20.999446572695664 ], [ 105.832351985469515, 20.998198145943221 ], [ 105.832814308207858, 20.996343172673694 ], [ 105.834761059575555, 20.995736641865179 ], [ 105.836245495099973, 20.996985070313155 ] ] ] } },
{ "type": "Feature", "properties": { "h3_id": "89415cb4cafffff", "h3_resolution": 9, "h3_parent_res8": "88415cb4cbfffff", "centroid_lat": 20.996949685453316, "centroid_lon": 105.83086752786772, "legacy_district": "Thanh Xuân" }, "geometry": { "type": "Polygon", "coordinates": [ [ [ 105.832814308207858, 20.996343172673694 ], [ 105.832351985469515, 20.998198145943221 ], [ 105.830405187194572, 20.998804656712146 ], [ 105.828920718558933, 20.997556180201421 ], [ 105.829383070281679, 20.995701191228495 ], [ 105.8313298616563, 20.995094694469266 ], [ 105.832814308207858, 20.996343172673694 ] ] ] } },
{ "type": "Feature", "properties": { "h3_id": "89415cb4cb3ffff", "h3_resolution": 9, "h3_parent_res8": "88415cb4cbfffff", "centroid_lat": 20.992026632152378, "centroid_lon": 105.83568564852824, "legacy_district": "Thanh Xuân" }, "geometry": { "type": "Polygon", "coordinates": [ [ [ 105.837632335047871, 20.991420079314167 ], [ 105.83717006194955, 20.993275096029453 ], [ 105.835223357494073, 20.993881646867109 ], [ 105.833738933031142, 20.992633166969856 ], [ 105.834201235116254, 20.990778134543426 ], [ 105.836147932678173, 20.990171597724974 ], [ 105.837632335047871, 20.991420079314167 ] ] ] } },
{ "type": "Feature", "properties": { "h3_id": "89415cb4cb7ffff", "h3_resolution": 9, "h3_parent_res8": "88415cb4cbfffff", "centroid_lat": 20.991384653341207, "centroid_lon": 105.83225450858012, "legacy_district": "Thanh Xuân" }, "geometry": { "type": "Polygon", "coordinates": [ [ [ 105.834201235116254, 20.990778134543426 ], [ 105.833738933031142, 20.992633166969856 ], [ 105.831792188560399, 20.993239683763921 ], [ 105.83030775307364, 20.991991154115695 ], [ 105.830770084143055, 20.990136105983712 ], [ 105.832716821715579, 20.989529603205092 ], [ 105.834201235116254, 20.990778134543426 ] ] ] } },
{ "type": "Feature", "properties": { "h3_id": "89415cb4cbbffff", "h3_resolution": 9, "h3_parent_res8": "88415cb4cbfffff", "centroid_lat": 20.995130093030436, "centroid_lon": 105.83670778196694, "legacy_district": "Thanh Xuân" }, "geometry": { "type": "Polygon", "coordinates": [ [ [ 105.838654475378164, 20.994523526172088 ], [ 105.838192206447758, 20.996378505457304 ], [ 105.836245495099973, 20.996985070313155 ], [ 105.834761059575555, 20.995736641865179 ], [ 105.835223357494073, 20.993881646867109 ], [ 105.83717006194955, 20.993275096029453 ], [ 105.838654475378164, 20.994523526172088 ] ] ] } },
{ "type": "Feature", "properties": { "h3_id": "89415cb4cc3ffff", "h3_resolution": 9, "h3_parent_res8": "88415cb4cdfffff", "centroid_lat": 21.000158505789404, "centroid_lon": 105.84802315171184, "legacy_district": "Hai Bà Trưng" }, "geometry": { "type": "Polygon", "coordinates": [ [ [ 105.849969731858167, 20.999551822779789 ], [ 105.849507554079366, 21.0014067174485 ], [ 105.847560955992066, 21.002013398463156 ], [ 105.846076542561363, 21.000765170780234 ], [ 105.846538749337086, 20.998910260380203 ], [ 105.848485340547242, 20.998303593394002 ], [ 105.849969731858167, 20.999551822779789 ] ] ] } },
{ "type": "Feature", "properties": { "h3_id": "89415cb4cc7ffff", "h3_resolution": 9, "h3_parent_res8": "88415cb4cdfffff", "centroid_lat": 20.999516909347712, "centroid_lon": 105.84459212912603, "legacy_district": "Hai Bà Trưng" }, "geometry": { "type": "Polygon", "coordinates": [ [ [ 105.846538749337086, 20.998910260380203 ], [ 105.846076542561363, 21.000765170780234 ], [ 105.844129904410565, 21.001371817749657 ], [ 105.842645479917906, 21.000123540293899 ], [ 105.843107715688049, 20.998268614168101 ], [ 105.845054346957056, 20.997661981223409 ], [ 105.846538749337086, 20.998910260380203 ] ] ] } },
{ "type": "Feature", "properties": { "h3_id": "89415cb4ccbffff", "h3_resolution": 9, "h3_parent_res8": "88415cb4cdfffff", "centroid_lat": 21.00326159239394, "centroid_lon": 105.84904536941615, "legacy_district": "Hai Bà Trưng" }, "geometry": { "type": "Polygon", "coordinates": [ [ [ 105.850991956437639, 21.00265489535494 ], [ 105.8505297828316, 21.004509752570051 ], [ 105.848583177868434, 21.005116447612185 ], [ 105.847098753387812, 21.003868271411321 ], [ 105.847560955992066, 21.002013398463156 ], [ 105.849507554079366, 21.0014067174485 ], [ 105.850991956437639, 21.00265489535494 ] ] ] } },
{ "type": "Feature", "properties": { "h3_id": "89415cb4ccfffff", "h3_resolution": 9, "h3_parent_res8": "88415cb4cdfffff", "centroid_lat": 21.002620061456302, "centroid_lon": 105.84561432890121, "legacy_district": "Hai Bà Trưng" }, "geometry": { "type": "Polygon", "coordinates": [ [ [ 105.847560955992066, 21.002013398463156 ], [ 105.847098753387812, 21.003868271411321 ], [ 105.845152108356501, 21.004474932404456 ], [ 105.843667672810597, 21.003226706425284 ], [ 105.844129904410565, 21.001371817749657 ], [ 105.846076542561363, 21.000765170780234 ], [ 105.847560955992066, 21.002013398463156 ] ] ] } },
{ "type": "Feature", "properties": { "h3_id": "89415cb4cd3ffff", "h3_resolution": 9, "h3_parent_res8": "88415cb4cdfffff", "centroid_lat": 20.997696908391763, "centroid_lon": 105.85043190275265, "legacy_district": "Hai Bà Trưng" }, "geometry": { "type": "Polygon", "coordinates": [ [ [ 105.852378435949461, 20.997090205376132 ], [ 105.85191628299647, 20.998945121754041 ], [ 105.849969731858167, 20.999551822779789 ], [ 105.848485340547242, 20.998303593394002 ], [ 105.848947522498335, 20.996448661280887 ], [ 105.850894066762891, 20.995841974288346 ], [ 105.852378435949461, 20.997090205376132 ] ] ] } },
{ "type": "Feature", "properties": { "h3_id": "89415cb4cd7ffff", "h3_resolution": 9, "h3_parent_res8": "88415cb4cdfffff", "centroid_lat": 20.997055330260114, "centroid_lon": 105.84700094922843, "legacy_district": "Hai Bà Trưng" }, "geometry": { "type": "Polygon", "coordinates": [ [ [ 105.848947522498335, 20.996448661280887 ], [ 105.848485340547242, 20.998303593394002 ], [ 105.846538749337086, 20.998910260380203 ], [ 105.845054346957056, 20.997661981223409 ], [ 105.84551655790375, 20.995807033380665 ], [ 105.847463142235526, 20.995200380423928 ], [ 105.848947522498335, 20.996448661280887 ] ] ] } },
{ "type": "Feature", "properties": { "h3_id": "89415cb4cdbffff", "h3_resolution": 9, "h3_parent_res8": "88415cb4cdfffff", "centroid_lat": 21.00080001841496, "centroid_lon": 105.85145412315924, "legacy_district": "Hai Bà Trưng" }, "geometry": { "type": "Polygon", "coordinates": [ [ [ 105.853400663227845, 21.000193301365201 ], [ 105.852938514448439, 21.002048180296985 ], [ 105.850991956437639, 21.00265489535494 ], [ 105.849507554079366, 21.0014067174485 ], [ 105.849969731858167, 20.999551822779789 ], [ 105.85191628299647, 20.998945121754041 ], [ 105.853400663227845, 21.000193301365201 ] ] ] } },
{ "type": "Feature", "properties": { "h3_id": "89415cb4d03ffff", "h3_resolution": 9, "h3_parent_res8": "88415cb4d1fffff", "centroid_lat": 20.996842511155261, "centroid_lon": 105.81473266655036, "legacy_district": "Thanh Xuân" }, "geometry": { "type": "Polygon", "coordinates": [ [ [ 105.81667965368122, 20.996236154662398 ], [ 105.816217190205649, 20.998091168956684 ], [ 105.81427018514546, 20.998697523421175 ], [ 105.812785650483761, 20.997448849601035 ], [ 105.813248142932494, 20.995593819629558 ], [ 105.81519514107039, 20.994987479154986 ], [ 105.81667965368122, 20.996236154662398 ] ] ] } },
{ "type": "Feature", "properties": { "h3_id": "89415cb4d07ffff", "h3_resolution": 9, "h3_parent_res8": "88415cb4d1fffff", "centroid_lat": 20.99620014205712, "centroid_lon": 105.81130111586215, "legacy_district": "Thanh Xuân" }, "geometry": { "type": "Polygon", "coordinates": [ [ [ 105.813248142932494, 20.995593819629558 ], [ 105.812785650483761, 20.997448849601035 ], [ 105.810838605485316, 20.998055169997063 ], [ 105.809354059863196, 20.996806446435034 ], [ 105.809816581282575, 20.994951400791962 ], [ 105.811763619354082, 20.994345094382101 ], [ 105.813248142932494, 20.995593819629558 ] ] ] } },
{ "type": "Feature", "properties": { "h3_id": "89415cb4d0bffff", "h3_resolution": 9, "h3_parent_res8": "88415cb4d1fffff", "centroid_lat": 20.999946163515016, "centroid_lon": 105.8157547198452, "legacy_district": "Thanh Xuân" }, "geometry": { "type": "Polygon", "coordinates": [ [ [ 105.817701713896412, 20.999339793031304 ], [ 105.817239254581025, 21.001194769880009 ], [ 105.815292242599753, 21.00180113833343 ], [ 105.813807696855605, 21.000552515948801 ], [ 105.81427018514546, 20.998697523421175 ], [ 105.816217190205649, 20.998091168956684 ], [ 105.817701713896412, 20.999339793031304 ] ] ] } },
{ "type": "Feature", "properties": { "h3_id": "89415cb4d0fffff", "h3_resolution": 9, "h3_parent_res8": "88415cb4d1fffff", "centroid_lat": 20.99930385983583, "centroid_lon": 105.81232315115012, "legacy_district": "Thanh Xuân" }, "geometry": { "type": "Polygon", "coordinates": [ [ [ 105.81427018514546, 20.998697523421175 ], [ 105.813807696855605, 21.000552515948801 ], [ 105.811860644931443, 21.001158850330004 ], [ 105.810376088223492, 20.999910178197997 ], [ 105.810838605485316, 20.998055169997063 ], [ 105.812785650483761, 20.997448849601035 ], [ 105.81427018514546, 20.998697523421175 ] ] ] } },
{ "type": "Feature", "properties": { "h3_id": "89415cb4d13ffff", "h3_resolution": 9, "h3_parent_res8": "88415cb4d1fffff", "centroid_lat": 20.994381120636078, "centroid_lon": 105.81714211027197, "legacy_district": "Thanh Xuân" }, "geometry": { "type": "Polygon", "coordinates": [ [ [ 105.819089050533393, 20.993774744075449 ], [ 105.818626611872503, 20.995629780125075 ], [ 105.81667965368122, 20.996236154662398 ], [ 105.81519514107039, 20.994987479154986 ], [ 105.815657608705649, 20.99313242742431 ], [ 105.817604559978008, 20.992526066881666 ], [ 105.819089050533393, 20.993774744075449 ] ] ] } },
{ "type": "Feature", "properties": { "h3_id": "89415cb4d17ffff", "h3_resolution": 9, "h3_parent_res8": "88415cb4d1fffff", "centroid_lat": 20.993738769925336, "centroid_lon": 105.81371062849638, "legacy_district": "Thanh Xuân" }, "geometry": { "type": "Polygon", "coordinates": [ [ [ 105.815657608705649, 20.99313242742431 ], [ 105.81519514107039, 20.994987479154986 ], [ 105.813248142932494, 20.995593819629558 ], [ 105.811763619354082, 20.994345094382101 ], [ 105.812226115961195, 20.992490026975943 ], [ 105.81417310717552, 20.991883700492306 ], [ 105.815657608705649, 20.99313242742431 ] ] ] } },
{ "type": "Feature", "properties": { "h3_id": "89415cb4d1bffff", "h3_resolution": 9, "h3_parent_res8": "88415cb4d1fffff", "centroid_lat": 20.997484796445015, "centroid_lon": 105.81816416632688, "legacy_district": "Thanh Xuân" }, "geometry": { "type": "Polygon", "coordinates": [ [ [ 105.820111113505263, 20.996878405888783 ], [ 105.819648679005368, 20.998733404500296 ], [ 105.817701713896412, 20.999339793031304 ], [ 105.816217190205649, 20.998091168956684 ], [ 105.81667965368122, 20.996236154662398 ], [ 105.818626611872503, 20.995629780125075 ], [ 105.820111113505263, 20.996878405888783 ] ] ] } },
{ "type": "Feature", "properties": { "h3_id": "89415cb4d23ffff", "h3_resolution": 9, "h3_parent_res8": "88415cb4d3fffff", "centroid_lat": 20.998019001031388, "centroid_lon": 105.80545986109492, "legacy_district": "Thanh Xuân" }, "geometry": { "type": "Polygon", "coordinates": [ [ [ 105.807406974939511, 20.997412732760679 ], [ 105.806944428708235, 20.999267756629354 ], [ 105.804997296937287, 20.999874022860322 ], [ 105.80351271833328, 20.998625251244544 ], [ 105.803975293531508, 20.996770211713727 ], [ 105.805922418367444, 20.996163959460421 ], [ 105.807406974939511, 20.997412732760679 ] ] ] } },
{ "type": "Feature", "properties": { "h3_id": "89415cb4d27ffff", "h3_resolution": 9, "h3_parent_res8": "88415cb4d3fffff", "centroid_lat": 20.997376445909566, "centroid_lon": 105.8020281397818, "legacy_district": "Thanh Xuân" }, "geometry": { "type": "Polygon", "coordinates": [ [ [ 105.803975293531508, 20.996770211713727 ], [ 105.80351271833328, 20.998625251244544 ], [ 105.801565546658452, 20.99923148339748 ], [ 105.800080957122134, 20.997982662045292 ], [ 105.800543561284812, 20.996127606857932 ], [ 105.802490726019983, 20.995521388678888 ], [ 105.803975293531508, 20.996770211713727 ] ] ] } },
{ "type": "Feature", "properties": { "h3_id": "89415cb4d2bffff", "h3_resolution": 9, "h3_parent_res8": "88415cb4d3fffff", "centroid_lat": 21.00112276075437, "centroid_lon": 105.80648187559181, "legacy_district": "Thanh Xuân" }, "geometry": { "type": "Polygon", "coordinates": [ [ [ 105.808428996369443, 21.000516478505066 ], [ 105.807966454294885, 21.002371464924135 ], [ 105.806019315590206, 21.002977745131769 ], [ 105.80453472589447, 21.001729024943259 ], [ 105.804997296937287, 20.999874022860322 ], [ 105.806944428708235, 20.999267756629354 ], [ 105.808428996369443, 21.000516478505066 ] ] ] } },
{ "type": "Feature", "properties": { "h3_id": "89415cb4d2fffff", "h3_resolution": 9, "h3_parent_res8": "88415cb4d3fffff", "centroid_lat": 21.000480271030977, "centroid_lon": 105.80305013624989, "legacy_district": "Thanh Xuân" }, "geometry": { "type": "Polygon", "coordinates": [ [ [ 105.804997296937287, 20.999874022860322 ], [ 105.80453472589447, 21.001729024943259 ], [ 105.802587547281263, 21.002335271069111 ], [ 105.801102946649891, 21.001086501138701 ], [ 105.801565546658452, 20.99923148339748 ], [ 105.80351271833328, 20.998625251244544 ], [ 105.804997296937287, 20.999874022860322 ] ] ] } },
{ "type": "Feature", "properties": { "h3_id": "89415cb4d33ffff", "h3_resolution": 9, "h3_parent_res8": "88415cb4d3fffff", "centroid_lat": 20.995557689152282, "centroid_lon": 105.80786951428576, "legacy_district": "Thanh Xuân" }, "geometry": { "type": "Polygon", "coordinates": [ [ [ 105.809816581282575, 20.994951400791962 ], [ 105.809354059863196, 20.996806446435034 ], [ 105.807406974939511, 20.997412732760679 ], [ 105.805922418367444, 20.996163959460421 ], [ 105.806384968754983, 20.994308898151328 ], [ 105.808332046747068, 20.993702625808101 ], [ 105.809816581282575, 20.994951400791962 ] ] ] } },
{ "type": "Feature", "properties": { "h3_id": "89415cb4d37ffff", "h3_resolution": 9, "h3_parent_res8": "88415cb4d3fffff", "centroid_lat": 20.99491515244247, "centroid_lon": 105.80443786184468, "legacy_district": "Thanh Xuân" }, "geometry": { "type": "Polygon", "coordinates": [ [ [ 105.806384968754983, 20.994308898151328 ], [ 105.805922418367444, 20.996163959460421 ], [ 105.803975293531508, 20.996770211713727 ], [ 105.802490726019983, 20.995521388678888 ], [ 105.802953305373165, 20.993666311709386 ], [ 105.804900423272855, 20.993060073434727 ], [ 105.806384968754983, 20.994308898151328 ] ] ] } },
{ "type": "Feature", "properties": { "h3_id": "89415cb4d3bffff", "h3_resolution": 9, "h3_parent_res8": "88415cb4d3fffff", "centroid_lat": 20.998661472340725, "centroid_lon": 105.80889153155887, "legacy_district": "Thanh Xuân" }, "geometry": { "type": "Polygon", "coordinates": [ [ [ 105.810838605485316, 20.998055169997063 ], [ 105.810376088223492, 20.999910178197997 ], [ 105.808428996369443, 21.000516478505066 ], [ 105.806944428708235, 20.999267756629354 ], [ 105.807406974939511, 20.997412732760679 ], [ 105.809354059863196, 20.996806446435034 ], [ 105.810838605485316, 20.998055169997063 ] ] ] } },
{ "type": "Feature", "properties": { "h3_id": "89415cb4d43ffff", "h3_resolution": 9, "h3_parent_res8": "88415cb4d5fffff", "centroid_lat": 21.003691881413349, "centroid_lon": 105.82020832415296, "legacy_district": "Đống Đa" }, "geometry": { "type": "Polygon", "coordinates": [ [ [ 105.822155285161486, 21.00308546286891 ], [ 105.821692858985045, 21.004940386576642 ], [ 105.819745880044479, 21.005546803092024 ], [ 105.818261334196194, 21.004298281907577 ], [ 105.818723789350955, 21.002443342513637 ], [ 105.820670761376334, 21.001836939989943 ], [ 105.822155285161486, 21.00308546286891 ] ] ] } },
{ "type": "Feature", "properties": { "h3_id": "89415cb4d47ffff", "h3_resolution": 9, "h3_parent_res8": "88415cb4d5fffff", "centroid_lat": 21.003049726987207, "centroid_lon": 105.81677678838062, "legacy_district": "Thanh Xuân" }, "geometry": { "type": "Polygon", "coordinates": [ [ [ 105.818723789350955, 21.002443342513637 ], [ 105.818261334196194, 21.004298281907577 ], [ 105.816314315295116, 21.004904664348942 ], [ 105.81482975846923, 21.003656093408011 ], [ 105.815292242599753, 21.00180113833343 ], [ 105.817239254581025, 21.001194769880009 ], [ 105.818723789350955, 21.002443342513637 ] ] ] } },
{ "type": "Feature", "properties": { "h3_id": "89415cb4d4bffff", "h3_resolution": 9, "h3_parent_res8": "88415cb4d5fffff", "centroid_lat": 21.006795290538019, "centroid_lon": 105.82123042592349, "legacy_district": "Đống Đa" }, "geometry": { "type": "Polygon", "coordinates": [ [ [ 105.823177393845242, 21.006188858000954 ], [ 105.822714971831203, 21.008043744243015 ], [ 105.820767985976715, 21.008650174749111 ], [ 105.819283429050856, 21.00740170502203 ], [ 105.819745880044479, 21.005546803092024 ], [ 105.821692858985045, 21.004940386576642 ], [ 105.823177393845242, 21.006188858000954 ] ] ] } },
{ "type": "Feature", "properties": { "h3_id": "89415cb4d4fffff", "h3_resolution": 9, "h3_parent_res8": "88415cb4d5fffff", "centroid_lat": 21.006153201554465, "centroid_lon": 105.81779887215632, "legacy_district": "Đống Đa" }, "geometry": { "type": "Polygon", "coordinates": [ [ [ 105.819745880044479, 21.005546803092024 ], [ 105.819283429050856, 21.00740170502203 ], [ 105.817336403231195, 21.008008101450347 ], [ 105.815851835324395, 21.006759581961298 ], [ 105.816314315295116, 21.004904664348942 ], [ 105.818261334196194, 21.004298281907577 ], [ 105.819745880044479, 21.005546803092024 ] ] ] } },
{ "type": "Feature", "properties": { "h3_id": "89415cb4d53ffff", "h3_resolution": 9, "h3_parent_res8": "88415cb4d5fffff", "centroid_lat": 21.001230519418769, "centroid_lon": 105.82261770445294, "legacy_district": "Thanh Xuân" }, "geometry": { "type": "Polygon", "coordinates": [ [ [ 105.824564618576915, 21.000624080802762 ], [ 105.824102217218012, 21.002479026276887 ], [ 105.822155285161486, 21.00308546286891 ], [ 105.820670761376334, 21.001836939989943 ], [ 105.821133191714736, 20.999981978825726 ], [ 105.823080116859458, 20.999375556230159 ], [ 105.824564618576915, 21.000624080802762 ] ] ] } },
{ "type": "Feature", "properties": { "h3_id": "89415cb4d57ffff", "h3_resolution": 9, "h3_parent_res8": "88415cb4d5fffff", "centroid_lat": 21.000588383376567, "centroid_lon": 105.81918623762064, "legacy_district": "Thanh Xuân" }, "geometry": { "type": "Polygon", "coordinates": [ [ [ 105.821133191714736, 20.999981978825726 ], [ 105.820670761376334, 21.001836939989943 ], [ 105.818723789350955, 21.002443342513637 ], [ 105.817239254581025, 21.001194769880009 ], [ 105.817701713896412, 20.999339793031304 ], [ 105.819648679005368, 20.998733404500296 ], [ 105.821133191714736, 20.999981978825726 ] ] ] } },
{ "type": "Feature", "properties": { "h3_id": "89415cb4d5bffff", "h3_resolution": 9, "h3_parent_res8": "88415cb4d5fffff", "centroid_lat": 21.004333952010931, "centroid_lon": 105.82363980897414, "legacy_district": "Đống Đa" }, "geometry": { "type": "Polygon", "coordinates": [ [ [ 105.825586730007942, 21.003727499397552 ], [ 105.825124332812294, 21.005582407413474 ], [ 105.823177393845242, 21.006188858000954 ], [ 105.821692858985045, 21.004940386576642 ], [ 105.822155285161486, 21.00308546286891 ], [ 105.824102217218012, 21.002479026276887 ], [ 105.825586730007942, 21.003727499397552 ] ] ] } },
{ "type": "Feature", "properties": { "h3_id": "89415cb4d63ffff", "h3_resolution": 9, "h3_parent_res8": "88415cb4d7fffff", "centroid_lat": 21.004868772080751, "centroid_lon": 105.81093561183864, "legacy_district": "Thanh Xuân" }, "geometry": { "type": "Polygon", "coordinates": [ [ [ 105.81288269962063, 21.00426244177341 ], [ 105.812420190675326, 21.006117375062519 ], [ 105.810473084964315, 21.006723703329449 ], [ 105.80898849512711, 21.005475084327401 ], [ 105.809451033044482, 21.003620135367111 ], [ 105.81139813182763, 21.003013821079627 ], [ 105.81288269962063, 21.00426244177341 ] ] ] } },
{ "type": "Feature", "properties": { "h3_id": "89415cb4d67ffff", "h3_resolution": 9, "h3_parent_res8": "88415cb4d7fffff", "centroid_lat": 21.004226431593999, "centroid_lon": 105.80750390533508, "legacy_district": "Thanh Xuân" }, "geometry": { "type": "Polygon", "coordinates": [ [ [ 105.809451033044482, 21.003620135367111 ], [ 105.80898849512711, 21.005475084327401 ], [ 105.807041349489921, 21.006081378510721 ], [ 105.805556748703268, 21.004832709757657 ], [ 105.806019315590206, 21.002977745131769 ], [ 105.807966454294885, 21.002371464924135 ], [ 105.809451033044482, 21.003620135367111 ] ] ] } },
{ "type": "Feature", "properties": { "h3_id": "89415cb4d6bffff", "h3_resolution": 9, "h3_parent_res8": "88415cb4d7fffff", "centroid_lat": 21.007972288597585, "centroid_lon": 105.81195767484468, "legacy_district": "Cầu Giấy" }, "geometry": { "type": "Polygon", "coordinates": [ [ [ 105.813904769552565, 21.007365944309889 ], [ 105.813442264766238, 21.009220840129316 ], [ 105.811495152128614, 21.009827182374689 ], [ 105.810010551204599, 21.008578614821765 ], [ 105.810473084964315, 21.006723703329449 ], [ 105.812420190675326, 21.006117375062519 ], [ 105.813904769552565, 21.007365944309889 ] ] ] } },
{ "type": "Feature", "properties": { "h3_id": "89415cb4d6fffff", "h3_resolution": 9, "h3_parent_res8": "88415cb4d7fffff", "centroid_lat": 21.00733001353294, "centroid_lon": 105.80852595032438, "legacy_district": "Thanh Xuân" }, "geometry": { "type": "Polygon", "coordinates": [ [ [ 105.810473084964315, 21.006723703329449 ], [ 105.810010551204599, 21.008578614821765 ], [ 105.808063398636165, 21.009184922979777 ], [ 105.806578786759346, 21.007936305670359 ], [ 105.807041349489921, 21.006081378510721 ], [ 105.80898849512711, 21.005475084327401 ], [ 105.810473084964315, 21.006723703329449 ] ] ] } },
{ "type": "Feature", "properties": { "h3_id": "89415cb4d73ffff", "h3_resolution": 9, "h3_parent_res8": "88415cb4d7fffff", "centroid_lat": 21.002407488734182, "centroid_lon": 105.81334520168068, "legacy_district": "Thanh Xuân" }, "geometry": { "type": "Polygon", "coordinates": [ [ [ 105.815292242599753, 21.00180113833343 ], [ 105.81482975846923, 21.003656093408011 ], [ 105.81288269962063, 21.00426244177341 ], [ 105.81139813182763, 21.003013821079627 ], [ 105.811860644931443, 21.001158850330004 ], [ 105.813807696855605, 21.000552515948801 ], [ 105.815292242599753, 21.00180113833343 ] ] ] } },
{ "type": "Feature", "properties": { "h3_id": "89415cb4d77ffff", "h3_resolution": 9, "h3_parent_res8": "88415cb4d7fffff", "centroid_lat": 21.001765166655996, "centroid_lon": 105.80991356407658, "legacy_district": "Thanh Xuân" }, "geometry": { "type": "Polygon", "coordinates": [ [ [ 105.811860644931443, 21.001158850330004 ], [ 105.81139813182763, 21.003013821079627 ], [ 105.809451033044482, 21.003620135367111 ], [ 105.807966454294885, 21.002371464924135 ], [ 105.808428996369443, 21.000516478505066 ], [ 105.810376088223492, 20.999910178197997 ], [ 105.811860644931443, 21.001158850330004 ] ] ] } },
{ "type": "Feature", "properties": { "h3_id": "89415cb4d7bffff", "h3_resolution": 9, "h3_parent_res8": "88415cb4d7fffff", "centroid_lat": 21.005511028734812, "centroid_lon": 105.81436726745355, "legacy_district": "Thanh Xuân" }, "geometry": { "type": "Polygon", "coordinates": [ [ [ 105.816314315295116, 21.004904664348942 ], [ 105.815851835324395, 21.006759581961298 ], [ 105.813904769552565, 21.007365944309889 ], [ 105.812420190675326, 21.006117375062519 ], [ 105.81288269962063, 21.00426244177341 ], [ 105.81482975846923, 21.003656093408011 ], [ 105.816314315295116, 21.004904664348942 ] ] ] } },
{ "type": "Feature", "properties": { "h3_id": "89415cb4d83ffff", "h3_resolution": 9, "h3_parent_res8": "88415cb4d9fffff", "centroid_lat": 20.988815900204326, "centroid_lon": 105.81852943873635, "legacy_district": "Thanh Xuân" }, "geometry": { "type": "Polygon", "coordinates": [ [ [ 105.820476325208574, 20.988209517587723 ], [ 105.820013907201329, 20.990064612802829 ], [ 105.818067002799452, 20.990670993403107 ], [ 105.816582523322211, 20.989422264787439 ], [ 105.817044970303712, 20.987567153889124 ], [ 105.818991867788824, 20.986960787289274 ], [ 105.820476325208574, 20.988209517587723 ] ] ] } },
{ "type": "Feature", "properties": { "h3_id": "89415cb4d87ffff", "h3_resolution": 9, "h3_parent_res8": "88415cb4d9fffff", "centroid_lat": 20.988173502455577, "centroid_lon": 105.81509804387994, "legacy_district": "Thanh Xuân" }, "geometry": { "type": "Polygon", "coordinates": [ [ [ 105.817044970303712, 20.987567153889124 ], [ 105.816582523322211, 20.989422264787439 ], [ 105.814635578970027, 20.990028611334406 ], [ 105.813151088521394, 20.988779832986001 ], [ 105.813613564474636, 20.986924706410075 ], [ 105.815560501905409, 20.986318373859767 ], [ 105.817044970303712, 20.987567153889124 ] ] ] } },
{ "type": "Feature", "properties": { "h3_id": "89415cb4d8bffff", "h3_resolution": 9, "h3_parent_res8": "88415cb4d9fffff", "centroid_lat": 20.991919688300055, "centroid_lon": 105.81955148230965, "legacy_district": "Thanh Xuân" }, "geometry": { "type": "Polygon", "coordinates": [ [ [ 105.821498375696663, 20.991313291682111 ], [ 105.821035961850825, 20.993168349475759 ], [ 105.819089050533393, 20.993774744075449 ], [ 105.817604559978008, 20.992526066881666 ], [ 105.818067002799452, 20.990670993403107 ], [ 105.820013907201329, 20.990064612802829 ], [ 105.821498375696663, 20.991313291682111 ] ] ] } },
{ "type": "Feature", "properties": { "h3_id": "89415cb4d8fffff", "h3_resolution": 9, "h3_parent_res8": "88415cb4d9fffff", "centroid_lat": 20.991277355967142, "centroid_lon": 105.81612006945622, "legacy_district": "Thanh Xuân" }, "geometry": { "type": "Polygon", "coordinates": [ [ [ 105.818067002799452, 20.990670993403107 ], [ 105.817604559978008, 20.992526066881666 ], [ 105.815657608705649, 20.99313242742431 ], [ 105.81417310717552, 20.991883700492306 ], [ 105.814635578970027, 20.990028611334406 ], [ 105.816582523322211, 20.989422264787439 ], [ 105.818067002799452, 20.990670993403107 ] ] ] } },
{ "type": "Feature", "properties": { "h3_id": "89415cb4d93ffff", "h3_resolution": 9, "h3_parent_res8": "88415cb4d9fffff", "centroid_lat": 20.986354402658666, "centroid_lon": 105.82093873633144, "legacy_district": "Thanh Xuân" }, "geometry": { "type": "Polygon", "coordinates": [ [ [ 105.822885575927714, 20.985748 ], [ 105.822423182735022, 20.987603116940264 ], [ 105.820476325208574, 20.988209517587723 ], [ 105.818991867788824, 20.986960787289274 ], [ 105.819454289956965, 20.985105654661879 ], [ 105.821401140570046, 20.984499268019594 ], [ 105.822885575927714, 20.985748 ] ] ] } },
{ "type": "Feature", "properties": { "h3_id": "89415cb4d97ffff", "h3_resolution": 9, "h3_parent_res8": "88415cb4d9fffff", "centroid_lat": 20.985712023276154, "centroid_lon": 105.81750741040081, "legacy_district": "Thanh Xuân" }, "geometry": { "type": "Polygon", "coordinates": [ [ [ 105.819454289956965, 20.985105654661879 ], [ 105.818991867788824, 20.986960787289274 ], [ 105.817044970303712, 20.987567153889124 ], [ 105.815560501905409, 20.986318373859767 ], [ 105.816022953046527, 20.9844632255509 ], [ 105.817969843613611, 20.983856872952462 ], [ 105.819454289956965, 20.985105654661879 ] ] ] } },
{ "type": "Feature", "properties": { "h3_id": "89415cb4d9bffff", "h3_resolution": 9, "h3_parent_res8": "88415cb4d9fffff", "centroid_lat": 20.989458214168973, "centroid_lon": 105.82196078265804, "legacy_district": "Thanh Xuân" }, "geometry": { "type": "Polygon", "coordinates": [ [ [ 105.823907629165717, 20.988851797504157 ], [ 105.823445240135271, 20.99070687703048 ], [ 105.821498375696663, 20.991313291682111 ], [ 105.820013907201329, 20.990064612802829 ], [ 105.820476325208574, 20.988209517587723 ], [ 105.822423182735022, 20.987603116940264 ], [ 105.823907629165717, 20.988851797504157 ] ] ] } },
{ "type": "Feature", "properties": { "h3_id": "89415cb4da3ffff", "h3_resolution": 9, "h3_parent_res8": "88415cb4dbfffff", "centroid_lat": 20.989992439928134, "centroid_lon": 105.80925709101525, "legacy_district": "Thanh Xuân" }, "geometry": { "type": "Polygon", "coordinates": [ [ [ 105.811204104231862, 20.989386145477727 ], [ 105.810741603466823, 20.991241250309372 ], [ 105.808794572323535, 20.991847542732078 ], [ 105.807310048875408, 20.990598716334578 ], [ 105.807772578608493, 20.988743595834784 ], [ 105.809719602822327, 20.988137317400227 ], [ 105.811204104231862, 20.989386145477727 ] ] ] } },
{ "type": "Feature", "properties": { "h3_id": "89415cb4da7ffff", "h3_resolution": 9, "h3_parent_res8": "88415cb4dbfffff", "centroid_lat": 20.989349856225477, "centroid_lon": 105.80582552547469, "legacy_district": "Thanh Xuân" }, "geometry": { "type": "Polygon", "coordinates": [ [ [ 105.807772578608493, 20.988743595834784 ], [ 105.807310048875408, 20.990598716334578 ], [ 105.805362977816173, 20.991204974694408 ], [ 105.80387844342475, 20.989956098569646 ], [ 105.80434100212338, 20.988100962407287 ], [ 105.806288066248527, 20.987494718031851 ], [ 105.807772578608493, 20.988743595834784 ] ] ] } },
{ "type": "Feature", "properties": { "h3_id": "89415cb4dabffff", "h3_resolution": 9, "h3_parent_res8": "88415cb4dbfffff", "centroid_lat": 20.993096335415423, "centroid_lon": 105.81027909581709, "legacy_district": "Thanh Xuân" }, "geometry": { "type": "Polygon", "coordinates": [ [ [ 105.812226115961195, 20.992490026975943 ], [ 105.811763619354082, 20.994345094382101 ], [ 105.809816581282575, 20.994951400791962 ], [ 105.808332046747068, 20.993702625808101 ], [ 105.808794572323535, 20.991847542732078 ], [ 105.810741603466823, 20.991241250309372 ], [ 105.812226115961195, 20.992490026975943 ] ] ] } },
{ "type": "Feature", "properties": { "h3_id": "89415cb4dafffff", "h3_resolution": 9, "h3_parent_res8": "88415cb4dbfffff", "centroid_lat": 20.992453817108068, "centroid_lon": 105.8068475122576, "legacy_district": "Thanh Xuân" }, "geometry": { "type": "Polygon", "coordinates": [ [ [ 105.808794572323535, 20.991847542732078 ], [ 105.808332046747068, 20.993702625808101 ], [ 105.806384968754983, 20.994308898151328 ], [ 105.804900423272855, 20.993060073434727 ], [ 105.805362977816173, 20.991204974694408 ], [ 105.807310048875408, 20.990598716334578 ], [ 105.808794572323535, 20.991847542732078 ] ] ] } },
{ "type": "Feature", "properties": { "h3_id": "89415cb4db3ffff", "h3_resolution": 9, "h3_parent_res8": "88415cb4dbfffff", "centroid_lat": 20.987531020924447, "centroid_lon": 105.81166659811232, "legacy_district": "Thanh Xuân" }, "geometry": { "type": "Polygon", "coordinates": [ [ [ 105.813613564474636, 20.986924706410075 ], [ 105.813151088521394, 20.988779832986001 ], [ 105.811204104231862, 20.989386145477727 ], [ 105.809719602822327, 20.988137317400227 ], [ 105.810182107744836, 20.986282175152294 ], [ 105.812129085108282, 20.985675876653463 ], [ 105.813613564474636, 20.986924706410075 ] ] ] } },
{ "type": "Feature", "properties": { "h3_id": "89415cb4db7ffff", "h3_resolution": 9, "h3_parent_res8": "88415cb4dbfffff", "centroid_lat": 20.986888455612632, "centroid_lon": 105.80823510145694, "legacy_district": "Thanh Xuân" }, "geometry": { "type": "Polygon", "coordinates": [ [ [ 105.810182107744836, 20.986282175152294 ], [ 105.809719602822327, 20.988137317400227 ], [ 105.807772578608493, 20.988743595834784 ], [ 105.806288066248527, 20.987494718031851 ], [ 105.806750600137747, 20.985639560117484 ], [ 105.808697617420876, 20.985033295672068 ], [ 105.810182107744836, 20.986282175152294 ] ] ] } },
{ "type": "Feature", "properties": { "h3_id": "89415cb4dbbffff", "h3_resolution": 9, "h3_parent_res8": "88415cb4dbfffff", "centroid_lat": 20.990634939842597, "centroid_lon": 105.8126886056836, "legacy_district": "Thanh Xuân" }, "geometry": { "type": "Polygon", "coordinates": [ [ [ 105.814635578970027, 20.990028611334406 ], [ 105.81417310717552, 20.991883700492306 ], [ 105.812226115961195, 20.992490026975943 ], [ 105.810741603466823, 20.991241250309372 ], [ 105.811204104231862, 20.989386145477727 ], [ 105.813151088521394, 20.988779832986001 ], [ 105.814635578970027, 20.990028611334406 ] ] ] } },
{ "type": "Feature", "properties": { "h3_id": "89415cb4dc3ffff", "h3_resolution": 9, "h3_parent_res8": "88415cb4ddfffff", "centroid_lat": 20.995665570653255, "centroid_lon": 105.82400492101812, "legacy_district": "Thanh Xuân" }, "geometry": { "type": "Polygon", "coordinates": [ [ [ 105.825951781344898, 20.995059125979243 ], [ 105.825489400640265, 20.996914130650005 ], [ 105.82354252238116, 20.997520573307007 ], [ 105.822058031736958, 20.996271997290648 ], [ 105.822520441420977, 20.994416976927663 ], [ 105.824467312770452, 20.993810548272847 ], [ 105.825951781344898, 20.995059125979243 ] ] ] } },
{ "type": "Feature", "properties": { "h3_id": "89415cb4dc7ffff", "h3_resolution": 9, "h3_parent_res8": "88415cb4ddfffff", "centroid_lat": 20.99502338754596, "centroid_lon": 105.82057354112037, "legacy_district": "Thanh Xuân" }, "geometry": { "type": "Polygon", "coordinates": [ [ [ 105.822520441420977, 20.994416976927663 ], [ 105.822058031736958, 20.996271997290648 ], [ 105.820111113505263, 20.996878405888783 ], [ 105.818626611872503, 20.995629780125075 ], [ 105.819089050533393, 20.993774744075449 ], [ 105.821035961850825, 20.993168349475759 ], [ 105.822520441420977, 20.994416976927663 ] ] ] } },
{ "type": "Feature", "properties": { "h3_id": "89415cb4dcbffff", "h3_resolution": 9, "h3_parent_res8": "88415cb4ddfffff", "centroid_lat": 20.998769115592481, "centroid_lon": 105.82502701305096, "legacy_district": "Thanh Xuân" }, "geometry": { "type": "Polygon", "coordinates": [ [ [ 105.826973880285408, 20.998162656915365 ], [ 105.826511503744413, 21.000017624144554 ], [ 105.824564618576915, 21.000624080802762 ], [ 105.823080116859458, 20.999375556230159 ], [ 105.82354252238116, 20.997520573307007 ], [ 105.825489400640265, 20.996914130650005 ], [ 105.826973880285408, 20.998162656915365 ] ] ] } },
{ "type": "Feature", "properties": { "h3_id": "89415cb4dcfffff", "h3_resolution": 9, "h3_parent_res8": "88415cb4ddfffff", "centroid_lat": 20.998126997924654, "centroid_lon": 105.82159561516823, "legacy_district": "Thanh Xuân" }, "geometry": { "type": "Polygon", "coordinates": [ [ [ 105.82354252238116, 20.997520573307007 ], [ 105.823080116859458, 20.999375556230159 ], [ 105.821133191714736, 20.999981978825726 ], [ 105.819648679005368, 20.998733404500296 ], [ 105.820111113505263, 20.996878405888783 ], [ 105.822058031736958, 20.996271997290648 ], [ 105.82354252238116, 20.997520573307007 ] ] ] } },
{ "type": "Feature", "properties": { "h3_id": "89415cb4dd3ffff", "h3_resolution": 9, "h3_parent_res8": "88415cb4ddfffff", "centroid_lat": 20.993204101584151, "centroid_lon": 105.82641415516495, "legacy_district": "Thanh Xuân" }, "geometry": { "type": "Polygon", "coordinates": [ [ [ 105.828360968600634, 20.992597636864222 ], [ 105.827898612713426, 20.994452663271261 ], [ 105.825951781344898, 20.995059125979243 ], [ 105.824467312770452, 20.993810548272847 ], [ 105.824929697638225, 20.991955506169717 ], [ 105.826876522100534, 20.991349057468664 ], [ 105.828360968600634, 20.992597636864222 ] ] ] } },
{ "type": "Feature", "properties": { "h3_id": "89415cb4dd7ffff", "h3_resolution": 9, "h3_parent_res8": "88415cb4ddfffff", "centroid_lat": 20.992561936839625, "centroid_lon": 105.82298284422038, "legacy_district": "Thanh Xuân" }, "geometry": { "type": "Polygon", "coordinates": [ [ [ 105.824929697638225, 20.991955506169717 ], [ 105.824467312770452, 20.993810548272847 ], [ 105.822520441420977, 20.994416976927663 ], [ 105.821035961850825, 20.993168349475759 ], [ 105.821498375696663, 20.991313291682111 ], [ 105.823445240135271, 20.99070687703048 ], [ 105.824929697638225, 20.991955506169717 ] ] ] } },
{ "type": "Feature", "properties": { "h3_id": "89415cb4ddbffff", "h3_resolution": 9, "h3_parent_res8": "88415cb4ddfffff", "centroid_lat": 20.996307669956277, "centroid_lon": 105.82743624994173, "legacy_district": "Thanh Xuân" }, "geometry": { "type": "Polygon", "coordinates": [ [ [ 105.829383070281679, 20.995701191228495 ], [ 105.828920718558933, 20.997556180201421 ], [ 105.826973880285408, 20.998162656915365 ], [ 105.825489400640265, 20.996914130650005 ], [ 105.825951781344898, 20.995059125979243 ], [ 105.827898612713426, 20.994452663271261 ], [ 105.829383070281679, 20.995701191228495 ] ] ] } },
{ "type": "Feature", "properties": { "h3_id": "89415cb4e03ffff", "h3_resolution": 9, "h3_parent_res8": "88415cb4e1fffff", "centroid_lat": 21.023057238987327, "centroid_lon": 105.84590766810638, "legacy_district": "Hoàn Kiếm" }, "geometry": { "type": "Polygon", "coordinates": [ [ [ 105.847854423485757, 21.022450545992722 ], [ 105.847392192087682, 21.024305187994205 ], [ 105.845445418765308, 21.0249118789691 ], [ 105.843960883722744, 21.023663913932847 ], [ 105.844423144120682, 21.021809256203049 ], [ 105.84636991056199, 21.021202579237407 ], [ 105.847854423485757, 21.022450545992722 ] ] ] } },
{ "type": "Feature", "properties": { "h3_id": "89415cb4e07ffff", "h3_resolution": 9, "h3_parent_res8": "88415cb4e1fffff", "centroid_lat": 21.022415915119701, "centroid_lon": 105.84247634867839, "legacy_district": "Hoàn Kiếm" }, "geometry": { "type": "Polygon", "coordinates": [ [ [ 105.844423144120682, 21.021809256203049 ], [ 105.843960883722744, 21.023663913932847 ], [ 105.842014070338692, 21.02427057082663 ], [ 105.840529524238917, 21.023022555984717 ], [ 105.840991813634233, 21.021167882532183 ], [ 105.842938620132557, 21.020561239643897 ], [ 105.844423144120682, 21.021809256203049 ] ] ] } },
{ "type": "Feature", "properties": { "h3_id": "89415cb4e0bffff", "h3_resolution": 9, "h3_parent_res8": "88415cb4e1fffff", "centroid_lat": 21.026159810225927, "centroid_lon": 105.84692995380409, "legacy_district": "Hoàn Kiếm" }, "geometry": { "type": "Polygon", "coordinates": [ [ [ 105.848876716062563, 21.025553103221149 ], [ 105.848414488837108, 21.027407707700807 ], [ 105.846467708634918, 21.028014412683945 ], [ 105.844983162538668, 21.026766499178773 ], [ 105.845445418765308, 21.0249118789691 ], [ 105.847392192087682, 21.024305187994205 ], [ 105.848876716062563, 21.025553103221149 ] ] ] } },
{ "type": "Feature", "properties": { "h3_id": "89415cb4e0fffff", "h3_resolution": 9, "h3_parent_res8": "88415cb4e1fffff", "centroid_lat": 21.025518551892166, "centroid_lon": 105.84349861643926, "legacy_district": "Hoàn Kiếm" }, "geometry": { "type": "Polygon", "coordinates": [ [ [ 105.845445418765308, 21.0249118789691 ], [ 105.844983162538668, 21.026766499178773 ], [ 105.843036342270153, 21.027373170077055 ], [ 105.841551785113381, 21.026125206760756 ], [ 105.842014070338692, 21.02427057082663 ], [ 105.843960883722744, 21.023663913932847 ], [ 105.845445418765308, 21.0249118789691 ] ] ] } },
{ "type": "Feature", "properties": { "h3_id": "89415cb4e13ffff", "h3_resolution": 9, "h3_parent_res8": "88415cb4e1fffff", "centroid_lat": 21.020595884225393, "centroid_lon": 105.84831664799844, "legacy_district": "Hoàn Kiếm" }, "geometry": { "type": "Polygon", "coordinates": [ [ [ 105.850263356426211, 21.019989171169687 ], [ 105.849801149857029, 21.021843834951667 ], [ 105.847854423485757, 21.022450545992722 ], [ 105.84636991056199, 21.021202579237407 ], [ 105.846832146132215, 21.019347899723243 ], [ 105.848778865625818, 21.018741202696184 ], [ 105.850263356426211, 21.019989171169687 ] ] ] } },
{ "type": "Feature", "properties": { "h3_id": "89415cb4e17ffff", "h3_resolution": 9, "h3_parent_res8": "88415cb4e1fffff", "centroid_lat": 21.019954578706702, "centroid_lon": 105.84488539763319, "legacy_district": "Hoàn Kiếm" }, "geometry": { "type": "Polygon", "coordinates": [ [ [ 105.846832146132215, 21.019347899723243 ], [ 105.84636991056199, 21.021202579237407 ], [ 105.844423144120682, 21.021809256203049 ], [ 105.842938620132557, 21.020561239643897 ], [ 105.843400884701339, 21.018706544403138 ], [ 105.845347644260329, 21.018099881447732 ], [ 105.846832146132215, 21.019347899723243 ] ] ] } },
{ "type": "Feature", "properties": { "h3_id": "89415cb4e1bffff", "h3_resolution": 9, "h3_parent_res8": "88415cb4e1fffff", "centroid_lat": 21.023698478970129, "centroid_lon": 105.84933893640252, "legacy_district": "Hoàn Kiếm" }, "geometry": { "type": "Polygon", "coordinates": [ [ [ 105.851285651705979, 21.023091751899521 ], [ 105.850823449310255, 21.024946378167108 ], [ 105.848876716062563, 21.025553103221149 ], [ 105.847392192087682, 21.024305187994205 ], [ 105.847854423485757, 21.022450545992722 ], [ 105.849801149857029, 21.021843834951667 ], [ 105.851285651705979, 21.023091751899521 ] ] ] } },
{ "type": "Feature", "properties": { "h3_id": "89415cb4e23ffff", "h3_resolution": 9, "h3_parent_res8": "88415cb4e3fffff", "centroid_lat": 21.024235783549244, "centroid_lon": 105.83663578838393, "legacy_district": "Đống Đa" }, "geometry": { "type": "Polygon", "coordinates": [ [ [ 105.838582670806161, 21.023629178795449 ], [ 105.83812035658471, 21.02548383044843 ], [ 105.836173456222468, 21.026090433171145 ], [ 105.834688876976088, 21.024842370243469 ], [ 105.835151220191207, 21.022987702877209 ], [ 105.837098113659678, 21.022381114151482 ], [ 105.838582670806161, 21.023629178795449 ] ] ] } },
{ "type": "Feature", "properties": { "h3_id": "89415cb4e27ffff", "h3_resolution": 9, "h3_parent_res8": "88415cb4e3fffff", "centroid_lat": 21.023594273543441, "centroid_lon": 105.83320429774037, "legacy_district": "Đống Đa" }, "geometry": { "type": "Polygon", "coordinates": [ [ [ 105.835151220191207, 21.022987702877209 ], [ 105.834688876976088, 21.024842370243469 ], [ 105.832741936586487, 21.025448938875478 ], [ 105.831257346311048, 21.024200826147563 ], [ 105.831719718517306, 21.022346143073598 ], [ 105.833666652008503, 21.021739588434837 ], [ 105.835151220191207, 21.022987702877209 ] ] ] } },
{ "type": "Feature", "properties": { "h3_id": "89415cb4e2bffff", "h3_resolution": 9, "h3_parent_res8": "88415cb4e3fffff", "centroid_lat": 21.02733846232395, "centroid_lon": 105.8376580354775, "legacy_district": "Đống Đa" }, "geometry": { "type": "Polygon", "coordinates": [ [ [ 105.839604924791516, 21.026731843572232 ], [ 105.839142614739217, 21.028586457699351 ], [ 105.837195707484497, 21.029193074418078 ], [ 105.835711117175222, 21.027945063013259 ], [ 105.836173456222468, 21.026090433171145 ], [ 105.83812035658471, 21.02548383044843 ], [ 105.839604924791516, 21.026731843572232 ] ] ] } },
{ "type": "Feature", "properties": { "h3_id": "89415cb4e2fffff", "h3_resolution": 9, "h3_parent_res8": "88415cb4e3fffff", "centroid_lat": 21.026697017831552, "centroid_lon": 105.83422652687521, "legacy_district": "Đống Đa" }, "geometry": { "type": "Polygon", "coordinates": [ [ [ 105.836173456222468, 21.026090433171145 ], [ 105.835711117175222, 21.027945063013259 ], [ 105.833764169888482, 21.028551645637521 ], [ 105.832279568546781, 21.027303584426999 ], [ 105.832741936586487, 21.025448938875478 ], [ 105.834688876976088, 21.024842370243469 ], [ 105.836173456222468, 21.026090433171145 ] ] ] } },
{ "type": "Feature", "properties": { "h3_id": "89415cb4e33ffff", "h3_resolution": 9, "h3_parent_res8": "88415cb4e3fffff", "centroid_lat": 21.021774507368931, "centroid_lon": 105.83904497814198, "legacy_district": "Đống Đa" }, "geometry": { "type": "Polygon", "coordinates": [ [ [ 105.840991813634233, 21.021167882532183 ], [ 105.840529524238917, 21.023022555984717 ], [ 105.838582670806161, 21.023629178795449 ], [ 105.837098113659678, 21.022381114151482 ], [ 105.837560432049827, 21.020526424981806 ], [ 105.839507278592237, 21.019919816172816 ], [ 105.840991813634233, 21.021167882532183 ] ] ] } },
{ "type": "Feature", "properties": { "h3_id": "89415cb4e37ffff", "h3_resolution": 9, "h3_parent_res8": "88415cb4e3fffff", "centroid_lat": 21.021133015736702, "centroid_lon": 105.83561355652064, "legacy_district": "Đống Đa" }, "geometry": { "type": "Polygon", "coordinates": [ [ [ 105.837560432049827, 21.020526424981806 ], [ 105.837098113659678, 21.022381114151482 ], [ 105.835151220191207, 21.022987702877209 ], [ 105.833666652008503, 21.021739588434837 ], [ 105.834128999390998, 21.019884883553598 ], [ 105.836075885964476, 21.019278308825868 ], [ 105.837560432049827, 21.020526424981806 ] ] ] } },
{ "type": "Feature", "properties": { "h3_id": "89415cb4e3bffff", "h3_resolution": 9, "h3_parent_res8": "88415cb4e3fffff", "centroid_lat": 21.024877209666041, "centroid_lon": 105.84006722795806, "legacy_district": "Đống Đa" }, "geometry": { "type": "Polygon", "coordinates": [ [ [ 105.842014070338692, 21.02427057082663 ], [ 105.841551785113381, 21.026125206760756 ], [ 105.839604924791516, 21.026731843572232 ], [ 105.83812035658471, 21.02548383044843 ], [ 105.838582670806161, 21.023629178795449 ], [ 105.840529524238917, 21.023022555984717 ], [ 105.842014070338692, 21.02427057082663 ] ] ] } },
{ "type": "Feature", "properties": { "h3_id": "89415cb4e43ffff", "h3_resolution": 9, "h3_parent_res8": "88415cb4e5fffff", "centroid_lat": 21.029903401294618, "centroid_lon": 105.85138355887777, "legacy_district": "Hoàn Kiếm" }, "geometry": { "type": "Polygon", "coordinates": [ [ [ 105.853330287928898, 21.029296646197189 ], [ 105.852868093881469, 21.031151197408509 ], [ 105.850921346884689, 21.031757950485538 ], [ 105.849436800809926, 21.030510138339853 ], [ 105.849899023862321, 21.028655571391209 ], [ 105.851845763985168, 21.028048832325176 ], [ 105.853330287928898, 21.029296646197189 ] ] ] } },
{ "type": "Feature", "properties": { "h3_id": "89415cb4e47ffff", "h3_resolution": 9, "h3_parent_res8": "88415cb4e5fffff", "centroid_lat": 21.029262292405143, "centroid_lon": 105.847952254726, "legacy_district": "Hoàn Kiếm" }, "geometry": { "type": "Polygon", "coordinates": [ [ [ 105.849899023862321, 21.028655571391209 ], [ 105.849436800809926, 21.030510138339853 ], [ 105.847490013729171, 21.031116857330236 ], [ 105.846005456580045, 21.029868995364321 ], [ 105.846467708634918, 21.028014412683945 ], [ 105.848414488837108, 21.027407707700807 ], [ 105.849899023862321, 21.028655571391209 ] ] ] } },
{ "type": "Feature", "properties": { "h3_id": "89415cb4e4bffff", "h3_resolution": 9, "h3_parent_res8": "88415cb4e5fffff", "centroid_lat": 21.03300572883969, "centroid_lon": 105.85240589294834, "legacy_district": "Hoàn Kiếm" }, "geometry": { "type": "Polygon", "coordinates": [ [ [ 105.854352628871411, 21.032398959730347 ], [ 105.853890438998846, 21.034253473399787 ], [ 105.851943685129399, 21.034860240486818 ], [ 105.850459128005838, 21.033612479894014 ], [ 105.850921346884689, 21.031757950485538 ], [ 105.852868093881469, 21.031151197408509 ], [ 105.854352628871411, 21.032398959730347 ] ] ] } },
{ "type": "Feature", "properties": { "h3_id": "89415cb4e4fffff", "h3_resolution": 9, "h3_parent_res8": "88415cb4e5fffff", "centroid_lat": 21.032364685507645, "centroid_lon": 105.84897457087177, "legacy_district": "Hoàn Kiếm" }, "geometry": { "type": "Polygon", "coordinates": [ [ [ 105.850921346884689, 21.031757950485538 ], [ 105.850459128005838, 21.033612479894014 ], [ 105.848512334047797, 21.034219212890655 ], [ 105.847027765846548, 21.032971402472167 ], [ 105.847490013729171, 21.031116857330236 ], [ 105.849436800809926, 21.030510138339853 ], [ 105.850921346884689, 21.031757950485538 ] ] ] } },
{ "type": "Feature", "properties": { "h3_id": "89415cb4e53ffff", "h3_resolution": 9, "h3_parent_res8": "88415cb4e5fffff", "centroid_lat": 21.027442075209674, "centroid_lon": 105.85379247509071, "legacy_district": "Hoàn Kiếm" }, "geometry": { "type": "Polygon", "coordinates": [ [ [ 105.855739157175094, 21.026835300047352 ], [ 105.855276987959442, 21.028689873050205 ], [ 105.853330287928898, 21.029296646197189 ], [ 105.851845763985168, 21.028048832325176 ], [ 105.852307962206993, 21.026194243581131 ], [ 105.854254655367001, 21.025587484449879 ], [ 105.855739157175094, 21.026835300047352 ] ] ] } },
{ "type": "Feature", "properties": { "h3_id": "89415cb4e57ffff", "h3_resolution": 9, "h3_parent_res8": "88415cb4e5fffff", "centroid_lat": 21.026800984665652, "centroid_lon": 105.85036124002906, "legacy_district": "Hoàn Kiếm" }, "geometry": { "type": "Polygon", "coordinates": [ [ [ 105.852307962206993, 21.026194243581131 ], [ 105.851845763985168, 21.028048832325176 ], [ 105.849899023862321, 21.028655571391209 ], [ 105.848414488837108, 21.027407707700807 ], [ 105.848876716062563, 21.025553103221149 ], [ 105.850823449310255, 21.024946378167108 ], [ 105.852307962206993, 21.026194243581131 ] ] ] } },
{ "type": "Feature", "properties": { "h3_id": "89415cb4e5bffff", "h3_resolution": 9, "h3_parent_res8": "88415cb4e5fffff", "centroid_lat": 21.030544426279178, "centroid_lon": 105.85481481185825, "legacy_district": "Hoàn Kiếm" }, "geometry": { "type": "Polygon", "coordinates": [ [ [ 105.856761500811189, 21.029937637100208 ], [ 105.85629933577124, 21.031792172568618 ], [ 105.854352628871411, 21.032398959730347 ], [ 105.852868093881469, 21.031151197408509 ], [ 105.853330287928898, 21.029296646197189 ], [ 105.855276987959442, 21.028689873050205 ], [ 105.856761500811189, 21.029937637100208 ] ] ] } },
{ "type": "Feature", "properties": { "h3_id": "89415cb4e63ffff", "h3_resolution": 9, "h3_parent_res8": "88415cb4e7fffff", "centroid_lat": 21.031082347107851, "centroid_lon": 105.84211177327467, "legacy_district": "Ba Đình" }, "geometry": { "type": "Polygon", "coordinates": [ [ [ 105.844058629428318, 21.030475680266118 ], [ 105.843596352544409, 21.032330241135902 ], [ 105.841649478448105, 21.032936905945892 ], [ 105.840164888122928, 21.031688995886913 ], [ 105.840627194005592, 21.029834419294829 ], [ 105.842574061215331, 21.029227768483601 ], [ 105.844058629428318, 21.030475680266118 ] ] ] } },
{ "type": "Feature", "properties": { "h3_id": "89415cb4e67ffff", "h3_resolution": 9, "h3_parent_res8": "88415cb4e7fffff", "centroid_lat": 21.030441052043461, "centroid_lon": 105.83868029780106, "legacy_district": "Ba Đình" }, "geometry": { "type": "Polygon", "coordinates": [ [ [ 105.840627194005592, 21.029834419294829 ], [ 105.840164888122928, 21.031688995886913 ], [ 105.838217973976981, 21.032295626600643 ], [ 105.836733372605565, 21.03104766672687 ], [ 105.837195707484497, 21.029193074418078 ], [ 105.839142614739217, 21.028586457699351 ], [ 105.840627194005592, 21.029834419294829 ] ] ] } },
{ "type": "Feature", "properties": { "h3_id": "89415cb4e6bffff", "h3_resolution": 9, "h3_parent_res8": "88415cb4e7fffff", "centroid_lat": 21.034184782217874, "centroid_lon": 105.84313406877457, "legacy_district": "Ba Đình" }, "geometry": { "type": "Polygon", "coordinates": [ [ [ 105.845080931812873, 21.033578101376452 ], [ 105.844618659100377, 21.035432624700338 ], [ 105.842671778118714, 21.036039303508087 ], [ 105.841187176735545, 21.034791444993772 ], [ 105.841649478448105, 21.032936905945892 ], [ 105.843596352544409, 21.032330241135902 ], [ 105.845080931812873, 21.033578101376452 ] ] ] } },
{ "type": "Feature", "properties": { "h3_id": "89415cb4e6fffff", "h3_resolution": 9, "h3_parent_res8": "88415cb4e7fffff", "centroid_lat": 21.033543552690457, "centroid_lon": 105.83970257535428, "legacy_district": "Ba Đình" }, "geometry": { "type": "Polygon", "coordinates": [ [ [ 105.841649478448105, 21.032936905945892 ], [ 105.841187176735545, 21.034791444993772 ], [ 105.839240255699579, 21.035398089701527 ], [ 105.837755643266831, 21.03415018136695 ], [ 105.838217973976981, 21.032295626600643 ], [ 105.840164888122928, 21.031688995886913 ], [ 105.841649478448105, 21.032936905945892 ] ] ] } },
{ "type": "Feature", "properties": { "h3_id": "89415cb4e73ffff", "h3_resolution": 9, "h3_parent_res8": "88415cb4e7fffff", "centroid_lat": 21.028621099612423, "centroid_lon": 105.84452089942639, "legacy_district": "Hoàn Kiếm" }, "geometry": { "type": "Polygon", "coordinates": [ [ [ 105.846467708634918, 21.028014412683945 ], [ 105.846005456580045, 21.029868995364321 ], [ 105.844058629428318, 21.030475680266118 ], [ 105.842574061215331, 21.029227768483601 ], [ 105.843036342270153, 21.027373170077055 ], [ 105.844983162538668, 21.026766499178773 ], [ 105.846467708634918, 21.028014412683945 ] ] ] } },
{ "type": "Feature", "properties": { "h3_id": "89415cb4e77ffff", "h3_resolution": 9, "h3_parent_res8": "88415cb4e7fffff", "centroid_lat": 21.02797982291813, "centroid_lon": 105.8410894930024, "legacy_district": "Đống Đa" }, "geometry": { "type": "Polygon", "coordinates": [ [ [ 105.843036342270153, 21.027373170077055 ], [ 105.842574061215331, 21.029227768483601 ], [ 105.840627194005592, 21.029834419294829 ], [ 105.839142614739217, 21.028586457699351 ], [ 105.839604924791516, 21.026731843572232 ], [ 105.841551785113381, 21.026125206760756 ], [ 105.843036342270153, 21.027373170077055 ] ] ] } },
{ "type": "Feature", "properties": { "h3_id": "89415cb4e7bffff", "h3_resolution": 9, "h3_parent_res8": "88415cb4e7fffff", "centroid_lat": 21.031723558263142, "centroid_lon": 105.8455431976394, "legacy_district": "Hoàn Kiếm" }, "geometry": { "type": "Polygon", "coordinates": [ [ [ 105.847490013729171, 21.031116857330236 ], [ 105.847027765846548, 21.032971402472167 ], [ 105.845080931812873, 21.033578101376452 ], [ 105.843596352544409, 21.032330241135902 ], [ 105.844058629428318, 21.030475680266118 ], [ 105.846005456580045, 21.029868995364321 ], [ 105.847490013729171, 21.031116857330236 ] ] ] } },
{ "type": "Feature", "properties": { "h3_id": "89415cb4e83ffff", "h3_resolution": 9, "h3_parent_res8": "88415cb4e9fffff", "centroid_lat": 21.015031780367785, "centroid_lon": 105.84970328022497, "legacy_district": "Hai Bà Trưng" }, "geometry": { "type": "Polygon", "coordinates": [ [ [ 105.851649934822603, 21.014425061282072 ], [ 105.851187748908899, 21.016279784330965 ], [ 105.84924107636796, 21.016886501408997 ], [ 105.84775659661689, 21.015638481417994 ], [ 105.848218811531552, 21.013783742634772 ], [ 105.850165477196967, 21.013177039576469 ], [ 105.851649934822603, 21.014425061282072 ] ] ] } },
{ "type": "Feature", "properties": { "h3_id": "89415cb4e87ffff", "h3_resolution": 9, "h3_parent_res8": "88415cb4e9fffff", "centroid_lat": 21.014390427657673, "centroid_lon": 105.84627211685894, "legacy_district": "Hai Bà Trưng" }, "geometry": { "type": "Polygon", "coordinates": [ [ [ 105.848218811531552, 21.013783742634772 ], [ 105.84775659661689, 21.015638481417994 ], [ 105.845809884002222, 21.016245164430071 ], [ 105.844325393183027, 21.014997094642535 ], [ 105.844787637096104, 21.013142340130553 ], [ 105.846734342830601, 21.012535671134451 ], [ 105.848218811531552, 21.013783742634772 ] ] ] } },
{ "type": "Feature", "properties": { "h3_id": "89415cb4e8bffff", "h3_resolution": 9, "h3_parent_res8": "88415cb4e9fffff", "centroid_lat": 21.018134487628149, "centroid_lon": 105.85072555611012, "legacy_district": "Hai Bà Trưng" }, "geometry": { "type": "Polygon", "coordinates": [ [ [ 105.852672217581315, 21.017527754521797 ], [ 105.852210035841424, 21.019382440072931 ], [ 105.850263356426211, 21.019989171169687 ], [ 105.848778865625818, 21.018741202696184 ], [ 105.84924107636796, 21.016886501408997 ], [ 105.851187748908899, 21.016279784330965 ], [ 105.852672217581315, 21.017527754521797 ] ] ] } },
{ "type": "Feature", "properties": { "h3_id": "89415cb4e8fffff", "h3_resolution": 9, "h3_parent_res8": "88415cb4e9fffff", "centroid_lat": 21.017493200448794, "centroid_lon": 105.84729437481715, "legacy_district": "Hai Bà Trưng" }, "geometry": { "type": "Polygon", "coordinates": [ [ [ 105.84924107636796, 21.016886501408997 ], [ 105.848778865625818, 21.018741202696184 ], [ 105.846832146132215, 21.019347899723243 ], [ 105.845347644260329, 21.018099881447732 ], [ 105.845809884002222, 21.016245164430071 ], [ 105.84775659661689, 21.015638481417994 ], [ 105.84924107636796, 21.016886501408997 ] ] ] } },
{ "type": "Feature", "properties": { "h3_id": "89415cb4e93ffff", "h3_resolution": 9, "h3_parent_res8": "88415cb4e9fffff", "centroid_lat": 21.012570318485409, "centroid_lon": 105.85211211385133, "legacy_district": "Hai Bà Trưng" }, "geometry": { "type": "Polygon", "coordinates": [ [ [ 105.854058721490844, 21.011963579364259 ], [ 105.853596560405933, 21.013818324163523 ], [ 105.851649934822603, 21.014425061282072 ], [ 105.850165477196967, 21.013177039576469 ], [ 105.850627667284002, 21.011322279039 ], [ 105.852574285995203, 21.010715555944927 ], [ 105.854058721490844, 21.011963579364259 ] ] ] } },
{ "type": "Feature", "properties": { "h3_id": "89415cb4e97ffff", "h3_resolution": 9, "h3_parent_res8": "88415cb4e9fffff", "centroid_lat": 21.011928984103058, "centroid_lon": 105.8486810195612, "legacy_district": "Hai Bà Trưng" }, "geometry": { "type": "Polygon", "coordinates": [ [ [ 105.850627667284002, 21.011322279039 ], [ 105.850165477196967, 21.013177039576469 ], [ 105.848218811531552, 21.013783742634772 ], [ 105.846734342830601, 21.012535671134451 ], [ 105.847196561917301, 21.010680894864375 ], [ 105.849143220705926, 21.010074205826797 ], [ 105.850627667284002, 21.011322279039 ] ] ] } },
{ "type": "Feature", "properties": { "h3_id": "89415cb4e9bffff", "h3_resolution": 9, "h3_parent_res8": "88415cb4e9fffff", "centroid_lat": 21.015673049217344, "centroid_lon": 105.85313439243612, "legacy_district": "Hai Bà Trưng" }, "geometry": { "type": "Polygon", "coordinates": [ [ [ 105.855081006945809, 21.015066296070795 ], [ 105.854618850035536, 21.01692100337976 ], [ 105.852672217581315, 21.017527754521797 ], [ 105.851187748908899, 21.016279784330965 ], [ 105.851649934822603, 21.014425061282072 ], [ 105.853596560405933, 21.013818324163523 ], [ 105.855081006945809, 21.015066296070795 ] ] ] } },
{ "type": "Feature", "properties": { "h3_id": "89415cb4ea3ffff", "h3_resolution": 9, "h3_parent_res8": "88415cb4ebfffff", "centroid_lat": 21.016210374487553, "centroid_lon": 105.84043185883652, "legacy_district": "Đống Đa" }, "geometry": { "type": "Polygon", "coordinates": [ [ [ 105.84237864050759, 21.015603743586716 ], [ 105.841916371768463, 21.017458476329249 ], [ 105.839969572157059, 21.018065105211043 ], [ 105.838485048173652, 21.016816987342416 ], [ 105.838947345907542, 21.014962238880582 ], [ 105.84089413863073, 21.014355624006267 ], [ 105.84237864050759, 21.015603743586716 ] ] ] } },
{ "type": "Feature", "properties": { "h3_id": "89415cb4ea7ffff", "h3_resolution": 9, "h3_parent_res8": "88415cb4ebfffff", "centroid_lat": 21.015568835709018, "centroid_lon": 105.8370005241958, "legacy_district": "Đống Đa" }, "geometry": { "type": "Polygon", "coordinates": [ [ [ 105.838947345907542, 21.014962238880582 ], [ 105.838485048173652, 21.016816987342416 ], [ 105.836538208522839, 21.017423582148666 ], [ 105.835053673499402, 21.016175414488927 ], [ 105.83551600022551, 21.014320650313373 ], [ 105.837462832983476, 21.013714069510865 ], [ 105.838947345907542, 21.014962238880582 ] ] ] } },
{ "type": "Feature", "properties": { "h3_id": "89415cb4eabffff", "h3_resolution": 9, "h3_parent_res8": "88415cb4ebfffff", "centroid_lat": 21.019313189312388, "centroid_lon": 105.84145409614402, "legacy_district": "Hai Bà Trưng" }, "geometry": { "type": "Polygon", "coordinates": [ [ [ 105.843400884701339, 21.018706544403138 ], [ 105.842938620132557, 21.020561239643897 ], [ 105.840991813634233, 21.021167882532183 ], [ 105.839507278592237, 21.019919816172816 ], [ 105.839969572157059, 21.018065105211043 ], [ 105.841916371768463, 21.017458476329249 ], [ 105.843400884701339, 21.018706544403138 ] ] ] } },
{ "type": "Feature", "properties": { "h3_id": "89415cb4eafffff", "h3_resolution": 9, "h3_parent_res8": "88415cb4ebfffff", "centroid_lat": 21.018671716044135, "centroid_lon": 105.83802274355445, "legacy_district": "Đống Đa" }, "geometry": { "type": "Polygon", "coordinates": [ [ [ 105.839969572157059, 21.018065105211043 ], [ 105.839507278592237, 21.019919816172816 ], [ 105.837560432049827, 21.020526424981806 ], [ 105.836075885964476, 21.019278308825868 ], [ 105.836538208522839, 21.017423582148666 ], [ 105.838485048173652, 21.016816987342416 ], [ 105.839969572157059, 21.018065105211043 ] ] ] } },
{ "type": "Feature", "properties": { "h3_id": "89415cb4eb3ffff", "h3_resolution": 9, "h3_parent_res8": "88415cb4ebfffff", "centroid_lat": 21.013748991088711, "centroid_lon": 105.84284090236153, "legacy_district": "Hai Bà Trưng" }, "geometry": { "type": "Polygon", "coordinates": [ [ [ 105.844787637096104, 21.013142340130553 ], [ 105.844325393183027, 21.014997094642535 ], [ 105.84237864050759, 21.015603743586716 ], [ 105.84089413863073, 21.014355624006267 ], [ 105.841356411539749, 21.012500853771126 ], [ 105.843303157330354, 21.011894218839178 ], [ 105.844787637096104, 21.013142340130553 ] ] ] } },
{ "type": "Feature", "properties": { "h3_id": "89415cb4eb7ffff", "h3_resolution": 9, "h3_parent_res8": "88415cb4ebfffff", "centroid_lat": 21.013107470662565, "centroid_lon": 105.83940963675617, "legacy_district": "Đống Đa" }, "geometry": { "type": "Polygon", "coordinates": [ [ [ 105.841356411539749, 21.012500853771126 ], [ 105.84089413863073, 21.014355624006267 ], [ 105.838947345907542, 21.014962238880582 ], [ 105.837462832983476, 21.013714069510865 ], [ 105.83792513488595, 21.011859283558131 ], [ 105.839871920719673, 21.011252682692291 ], [ 105.841356411539749, 21.012500853771126 ] ] ] } },
{ "type": "Feature", "properties": { "h3_id": "89415cb4ebbffff", "h3_resolution": 9, "h3_parent_res8": "88415cb4ebfffff", "centroid_lat": 21.016851829401368, "centroid_lon": 105.84386314238479, "legacy_district": "Hai Bà Trưng" }, "geometry": { "type": "Polygon", "coordinates": [ [ [ 105.845809884002222, 21.016245164430071 ], [ 105.845347644260329, 21.018099881447732 ], [ 105.843400884701339, 21.018706544403138 ], [ 105.841916371768463, 21.017458476329249 ], [ 105.84237864050759, 21.015603743586716 ], [ 105.844325393183027, 21.014997094642535 ], [ 105.845809884002222, 21.016245164430071 ] ] ] } },
{ "type": "Feature", "properties": { "h3_id": "89415cb4ec3ffff", "h3_resolution": 9, "h3_parent_res8": "88415cb4edfffff", "centroid_lat": 21.021878243629271, "centroid_lon": 105.8551789952634, "legacy_district": "Hoàn Kiếm" }, "geometry": { "type": "Polygon", "coordinates": [ [ [ 105.857125623509674, 21.021271462434918 ], [ 105.856663474950125, 21.02312609473578 ], [ 105.854716828757873, 21.023732873921777 ], [ 105.853232337994228, 21.022485006785018 ], [ 105.853694515559837, 21.02063035874081 ], [ 105.855641154883699, 21.020023593576298 ], [ 105.857125623509674, 21.021271462434918 ] ] ] } },
{ "type": "Feature", "properties": { "h3_id": "89415cb4ec7ffff", "h3_resolution": 9, "h3_parent_res8": "88415cb4edfffff", "centroid_lat": 21.021237105866813, "centroid_lon": 105.85174784721634, "legacy_district": "Hoàn Kiếm" }, "geometry": { "type": "Polygon", "coordinates": [ [ [ 105.853694515559837, 21.02063035874081 ], [ 105.853232337994228, 21.022485006785018 ], [ 105.851285651705979, 21.023091751899521 ], [ 105.849801149857029, 21.021843834951667 ], [ 105.850263356426211, 21.019989171169687 ], [ 105.852210035841424, 21.019382440072931 ], [ 105.853694515559837, 21.02063035874081 ] ] ] } },
{ "type": "Feature", "properties": { "h3_id": "89415cb4ecbffff", "h3_resolution": 9, "h3_parent_res8": "88415cb4edfffff", "centroid_lat": 21.024980707274576, "centroid_lon": 105.85620131950529, "legacy_district": "Hoàn Kiếm" }, "geometry": { "type": "Polygon", "coordinates": [ [ [ 105.858147954617976, 21.024373912057818 ], [ 105.857685810234472, 21.026228506840869 ], [ 105.855739157175094, 21.026835300047352 ], [ 105.854254655367001, 21.025587484449879 ], [ 105.854716828757873, 21.023732873921777 ], [ 105.856663474950125, 21.02312609473578 ], [ 105.858147954617976, 21.024373912057818 ] ] ] } },
{ "type": "Feature", "properties": { "h3_id": "89415cb4ecfffff", "h3_resolution": 9, "h3_parent_res8": "88415cb4edfffff", "centroid_lat": 21.024339635066436, "centroid_lon": 105.8527701535433, "legacy_district": "Hoàn Kiếm" }, "geometry": { "type": "Polygon", "coordinates": [ [ [ 105.854716828757873, 21.023732873921777 ], [ 105.854254655367001, 21.025587484449879 ], [ 105.852307962206993, 21.026194243581131 ], [ 105.850823449310255, 21.024946378167108 ], [ 105.851285651705979, 21.023091751899521 ], [ 105.853232337994228, 21.022485006785018 ], [ 105.854716828757873, 21.023732873921777 ] ] ] } },
{ "type": "Feature", "properties": { "h3_id": "89415cb4ed3ffff", "h3_resolution": 9, "h3_parent_res8": "88415cb4edfffff", "centroid_lat": 21.019416810375915, "centroid_lon": 105.85758776518408, "legacy_district": "Hoàn Kiếm" }, "geometry": { "type": "Polygon", "coordinates": [ [ [ 105.859534346457096, 21.018810009142324 ], [ 105.859072222729196, 21.020664663204613 ], [ 105.857125623509674, 21.021271462434918 ], [ 105.855641154883699, 21.020023593576298 ], [ 105.856103307618852, 21.018168923766797 ], [ 105.858049899973366, 21.017562138562724 ], [ 105.859534346457096, 21.018810009142324 ] ] ] } },
{ "type": "Feature", "properties": { "h3_id": "89415cb4ed7ffff", "h3_resolution": 9, "h3_parent_res8": "88415cb4edfffff", "centroid_lat": 21.018775690937748, "centroid_lon": 105.85415668624026, "legacy_district": "Hoàn Kiếm" }, "geometry": { "type": "Polygon", "coordinates": [ [ [ 105.856103307618852, 21.018168923766797 ], [ 105.855641154883699, 21.020023593576298 ], [ 105.853694515559837, 21.02063035874081 ], [ 105.852210035841424, 21.019382440072931 ], [ 105.852672217581315, 21.017527754521797 ], [ 105.854618850035536, 21.01692100337976 ], [ 105.856103307618852, 21.018168923766797 ] ] ] } },
{ "type": "Feature", "properties": { "h3_id": "89415cb4edbffff", "h3_resolution": 9, "h3_parent_res8": "88415cb4edfffff", "centroid_lat": 21.022519297511082, "centroid_lon": 105.85861009211618, "legacy_district": "Hoàn Kiếm" }, "geometry": { "type": "Polygon", "coordinates": [ [ [ 105.860556680252245, 21.021912482250347 ], [ 105.860094560701228, 21.023767098802281 ], [ 105.858147954617976, 21.024373912057818 ], [ 105.856663474950125, 21.02312609473578 ], [ 105.857125623509674, 21.021271462434918 ], [ 105.859072222729196, 21.020664663204613 ], [ 105.860556680252245, 21.021912482250347 ] ] ] } },
{ "type": "Feature", "properties": { "h3_id": "89415cb5903ffff", "h3_resolution": 9, "h3_parent_res8": "88415cb591fffff", "centroid_lat": 21.062000521234637, "centroid_lon": 105.83619898585042, "legacy_district": "Tây Hồ" }, "geometry": { "type": "Polygon", "coordinates": [ [ [ 105.838146118046225, 21.061393871142453 ], [ 105.837683742032951, 21.063248097153082 ], [ 105.835736591892797, 21.06385474517672 ], [ 105.834251824662616, 21.062607153220238 ], [ 105.834714229676507, 21.060752911496408 ], [ 105.836661372920588, 21.060146277441838 ], [ 105.838146118046225, 21.061393871142453 ] ] ] } },
{ "type": "Feature", "properties": { "h3_id": "89415cb5907ffff", "h3_resolution": 9, "h3_parent_res8": "88415cb591fffff", "centroid_lat": 21.061359527444477, "centroid_lon": 105.83276705744368, "legacy_district": "Tây Hồ" }, "geometry": { "type": "Polygon", "coordinates": [ [ [ 105.834714229676507, 21.060752911496408 ], [ 105.834251824662616, 21.062607153220238 ], [ 105.832304634486675, 21.063213767096617 ], [ 105.830819856225986, 21.061966125283426 ], [ 105.831282290237993, 21.060111867851958 ], [ 105.833229473513228, 21.059505267940906 ], [ 105.834714229676507, 21.060752911496408 ] ] ] } },
{ "type": "Feature", "properties": { "h3_id": "89415cb590bffff", "h3_resolution": 9, "h3_parent_res8": "88415cb591fffff", "centroid_lat": 21.065102303311381, "centroid_lon": 105.8372213591322, "legacy_district": "Tây Hồ" }, "geometry": { "type": "Polygon", "coordinates": [ [ [ 105.839168498222122, 21.064495639249209 ], [ 105.838706126378881, 21.066349827621732 ], [ 105.83675896934389, 21.066956489613435 ], [ 105.835274191047617, 21.065708949264138 ], [ 105.835736591892797, 21.06385474517672 ], [ 105.837683742032951, 21.063248097153082 ], [ 105.839168498222122, 21.064495639249209 ] ] ] } },
{ "type": "Feature", "properties": { "h3_id": "89415cb590fffff", "h3_resolution": 9, "h3_parent_res8": "88415cb591fffff", "centroid_lat": 21.064461375091028, "centroid_lon": 105.83378941276121, "legacy_district": "Tây Hồ" }, "geometry": { "type": "Polygon", "coordinates": [ [ [ 105.835736591892797, 21.06385474517672 ], [ 105.835274191047617, 21.065708949264138 ], [ 105.833326993972221, 21.066315577104849 ], [ 105.831842204642086, 21.065067986893386 ], [ 105.832304634486675, 21.063213767096617 ], [ 105.834251824662616, 21.062607153220238 ], [ 105.835736591892797, 21.06385474517672 ] ] ] } },
{ "type": "Feature", "properties": { "h3_id": "89415cb5913ffff", "h3_resolution": 9, "h3_parent_res8": "88415cb591fffff", "centroid_lat": 21.059539625283431, "centroid_lon": 105.83860848717212, "legacy_district": "Tây Hồ" }, "geometry": { "type": "Polygon", "coordinates": [ [ [ 105.84055557242722, 21.058932955023824 ], [ 105.840093221246192, 21.060787202946333 ], [ 105.838146118046225, 21.061393871142453 ], [ 105.836661372920588, 21.060146277441838 ], [ 105.837123753103441, 21.058292013802259 ], [ 105.839070849410732, 21.057685359579946 ], [ 105.84055557242722, 21.058932955023824 ] ] ] } },
{ "type": "Feature", "properties": { "h3_id": "89415cb5917ffff", "h3_resolution": 9, "h3_parent_res8": "88415cb591fffff", "centroid_lat": 21.058898649923449, "centroid_lon": 105.83517662780299, "legacy_district": "Tây Hồ" }, "geometry": { "type": "Polygon", "coordinates": [ [ [ 105.837123753103441, 21.058292013802259 ], [ 105.836661372920588, 21.060146277441838 ], [ 105.834714229676507, 21.060752911496408 ], [ 105.833229473513228, 21.059505267940906 ], [ 105.833691882695376, 21.057650988589824 ], [ 105.835639019042162, 21.05704436850532 ], [ 105.837123753103441, 21.058292013802259 ] ] ] } },
{ "type": "Feature", "properties": { "h3_id": "89415cb591bffff", "h3_resolution": 9, "h3_parent_res8": "88415cb591fffff", "centroid_lat": 21.062641431022772, "centroid_lon": 105.83963086317786, "legacy_district": "Tây Hồ" }, "geometry": { "type": "Polygon", "coordinates": [ [ [ 105.841577955323658, 21.062034746788438 ], [ 105.841115608313515, 21.063888957080277 ], [ 105.839168498222122, 21.064495639249209 ], [ 105.837683742032951, 21.063248097153082 ], [ 105.838146118046225, 21.061393871142453 ], [ 105.840093221246192, 21.060787202946333 ], [ 105.841577955323658, 21.062034746788438 ] ] ] } },
{ "type": "Feature", "properties": { "h3_id": "89415cb5923ffff", "h3_resolution": 9, "h3_parent_res8": "88415cb593fffff", "centroid_lat": 21.063179266623326, "centroid_lon": 105.82692536685137, "legacy_district": "Tây Hồ" }, "geometry": { "type": "Polygon", "coordinates": [ [ [ 105.828872626027263, 21.062572705010602 ], [ 105.82841016718578, 21.064426940511112 ], [ 105.826462890068512, 21.065033500043949 ], [ 105.824978078702145, 21.063785810119011 ], [ 105.825440566538063, 21.061931558920307 ], [ 105.827387836746567, 21.061325013344309 ], [ 105.828872626027263, 21.062572705010602 ] ] ] } },
{ "type": "Feature", "properties": { "h3_id": "89415cb5927ffff", "h3_resolution": 9, "h3_parent_res8": "88415cb593fffff", "centroid_lat": 21.06253808637933, "centroid_lon": 105.82349326735951, "legacy_district": "Tây Hồ" }, "geometry": { "type": "Polygon", "coordinates": [ [ [ 105.825440566538063, 21.061931558920307 ], [ 105.824978078702145, 21.063785810119011 ], [ 105.823030761583468, 21.064392335494972 ], [ 105.821545939214744, 21.06314459571874 ], [ 105.822008456042539, 21.061290328827436 ], [ 105.823955766247835, 21.060683817404559 ], [ 105.825440566538063, 21.061931558920307 ] ] ] } },
{ "type": "Feature", "properties": { "h3_id": "89415cb592bffff", "h3_resolution": 9, "h3_parent_res8": "88415cb593fffff", "centroid_lat": 21.066281156151629, "centroid_lon": 105.82794770145657, "legacy_district": "Tây Hồ" }, "geometry": { "type": "Polygon", "coordinates": [ [ [ 105.829894967539246, 21.065674580581128 ], [ 105.829432512864358, 21.067528778439517 ], [ 105.827485228839592, 21.068135351928184 ], [ 105.826000406397881, 21.066887713602224 ], [ 105.826462890068512, 21.065033500043949 ], [ 105.82841016718578, 21.064426940511112 ], [ 105.829894967539246, 21.065674580581128 ] ] ] } },
{ "type": "Feature", "properties": { "h3_id": "89415cb592fffff", "h3_resolution": 9, "h3_parent_res8": "88415cb593fffff", "centroid_lat": 21.065640041456973, "centroid_lon": 105.82451558397851, "legacy_district": "Tây Hồ" }, "geometry": { "type": "Polygon", "coordinates": [ [ [ 105.826462890068512, 21.065033500043949 ], [ 105.826000406397881, 21.066887713602224 ], [ 105.824053082367044, 21.06749425293027 ], [ 105.822568248919637, 21.066246564747551 ], [ 105.823030761583468, 21.064392335494972 ], [ 105.824978078702145, 21.063785810119011 ], [ 105.826462890068512, 21.065033500043949 ] ] ] } },
{ "type": "Feature", "properties": { "h3_id": "89415cb5933ffff", "h3_resolution": 9, "h3_parent_res8": "88415cb593fffff", "centroid_lat": 21.060718449653976, "centroid_lon": 105.82933507798116, "legacy_district": "Tây Hồ" }, "geometry": { "type": "Polygon", "coordinates": [ [ [ 105.831282290237993, 21.060111867851958 ], [ 105.830819856225986, 21.061966125283426 ], [ 105.828872626027263, 21.062572705010602 ], [ 105.827387836746567, 21.061325013344309 ], [ 105.827850299754175, 21.059470740210799 ], [ 105.829797523047532, 21.058864174445194 ], [ 105.831282290237993, 21.060111867851958 ] ] ] } },
{ "type": "Feature", "properties": { "h3_id": "89415cb5937ffff", "h3_resolution": 9, "h3_parent_res8": "88415cb593fffff", "centroid_lat": 21.060077287864789, "centroid_lon": 105.82590304748632, "legacy_district": "Tây Hồ" }, "geometry": { "type": "Polygon", "coordinates": [ [ [ 105.827850299754175, 21.059470740210799 ], [ 105.827387836746567, 21.061325013344309 ], [ 105.825440566538063, 21.061931558920307 ], [ 105.823955766247835, 21.060683817404559 ], [ 105.824418258248542, 21.058829528574577 ], [ 105.826365521547032, 21.058222996956406 ], [ 105.827850299754175, 21.059470740210799 ] ] ] } },
{ "type": "Feature", "properties": { "h3_id": "89415cb593bffff", "h3_resolution": 9, "h3_parent_res8": "88415cb593fffff", "centroid_lat": 21.063820362861119, "centroid_lon": 105.83035741532643, "legacy_district": "Tây Hồ" }, "geometry": { "type": "Polygon", "coordinates": [ [ [ 105.832304634486675, 21.063213767096617 ], [ 105.831842204642086, 21.065067986893386 ], [ 105.829894967539246, 21.065674580581128 ], [ 105.82841016718578, 21.064426940511112 ], [ 105.828872626027263, 21.062572705010602 ], [ 105.830819856225986, 21.061966125283426 ], [ 105.832304634486675, 21.063213767096617 ] ] ] } },
{ "type": "Feature", "properties": { "h3_id": "89415cb5943ffff", "h3_resolution": 9, "h3_parent_res8": "88415cb595fffff", "centroid_lat": 21.068844774759363, "centroid_lon": 105.84167566088604, "legacy_district": "Tây Hồ" }, "geometry": { "type": "Polygon", "coordinates": [ [ [ 105.843622766809503, 21.068238062578555 ], [ 105.843160428142511, 21.070092197581616 ], [ 105.841213304272031, 21.070698907693195 ], [ 105.839728525958094, 21.069451468830483 ], [ 105.840190893630819, 21.067597318105225 ], [ 105.842138010612388, 21.066990621964472 ], [ 105.843622766809503, 21.068238062578555 ] ] ] } },
{ "type": "Feature", "properties": { "h3_id": "89415cb5947ffff", "h3_resolution": 9, "h3_parent_res8": "88415cb595fffff", "centroid_lat": 21.068203996136393, "centroid_lon": 105.83824374764806, "legacy_district": "Tây Hồ" }, "geometry": { "type": "Polygon", "coordinates": [ [ [ 105.840190893630819, 21.067597318105225 ], [ 105.839728525958094, 21.069451468830483 ], [ 105.83778136202956, 21.070058144789279 ], [ 105.836296572667948, 21.068810656055309 ], [ 105.83675896934389, 21.066956489613435 ], [ 105.838706126378881, 21.066349827621732 ], [ 105.840190893630819, 21.067597318105225 ] ] ] } },
{ "type": "Feature", "properties": { "h3_id": "89415cb594fffff", "h3_resolution": 9, "h3_parent_res8": "88415cb595fffff", "centroid_lat": 21.071305599692344, "centroid_lon": 105.83926615139767, "legacy_district": "Tây Hồ" }, "geometry": { "type": "Polygon", "coordinates": [ [ [ 105.841213304272031, 21.070698907693195 ], [ 105.840750940770292, 21.072553020762026 ], [ 105.838803769949422, 21.073159710686902 ], [ 105.837318969523267, 21.071912273576434 ], [ 105.83778136202956, 21.070058144789279 ], [ 105.839728525958094, 21.069451468830483 ], [ 105.841213304272031, 21.070698907693195 ] ] ] } },
{ "type": "Feature", "properties": { "h3_id": "89415cb5953ffff", "h3_resolution": 9, "h3_parent_res8": "88415cb595fffff", "centroid_lat": 21.066383907716769, "centroid_lon": 105.84408509858891, "legacy_district": "Tây Hồ" }, "geometry": { "type": "Polygon", "coordinates": [ [ [ 105.846032157556508, 21.065777175364758 ], [ 105.845569843724647, 21.067631332290713 ], [ 105.843622766809503, 21.068238062578555 ], [ 105.842138010612388, 21.066990621964472 ], [ 105.842600353451189, 21.065136449312448 ], [ 105.844547423480819, 21.064529733000171 ], [ 105.846032157556508, 21.065777175364758 ] ] ] } },
{ "type": "Feature", "properties": { "h3_id": "89415cb5957ffff", "h3_resolution": 9, "h3_parent_res8": "88415cb595fffff", "centroid_lat": 21.065743147520518, "centroid_lon": 105.84065325441594, "legacy_district": "Tây Hồ" }, "geometry": { "type": "Polygon", "coordinates": [ [ [ 105.842600353451189, 21.065136449312448 ], [ 105.842138010612388, 21.066990621964472 ], [ 105.840190893630819, 21.067597318105225 ], [ 105.838706126378881, 21.066349827621732 ], [ 105.839168498222122, 21.064495639249209 ], [ 105.841115608313515, 21.063888957080277 ], [ 105.842600353451189, 21.065136449312448 ] ] ] } },
{ "type": "Feature", "properties": { "h3_id": "89415cb5963ffff", "h3_resolution": 9, "h3_parent_res8": "88415cb597fffff", "centroid_lat": 21.070023921545857, "centroid_lon": 105.83240213573106, "legacy_district": "Tây Hồ" }, "geometry": { "type": "Polygon", "coordinates": [ [ [ 105.834349368694333, 21.069417297859353 ], [ 105.833886947186002, 21.071271442359272 ], [ 105.83193969627871, 21.071878063965201 ], [ 105.830454873781989, 21.07063052711219 ], [ 105.830917324289842, 21.068776366905098 ], [ 105.832864568295534, 21.068169759257771 ], [ 105.834349368694333, 21.069417297859353 ] ] ] } },
{ "type": "Feature", "properties": { "h3_id": "89415cb5967ffff", "h3_resolution": 9, "h3_parent_res8": "88415cb597fffff", "centroid_lat": 21.069382956432353, "centroid_lon": 105.82897005130161, "legacy_district": "Tây Hồ" }, "geometry": { "type": "Polygon", "coordinates": [ [ [ 105.830917324289842, 21.068776366905098 ], [ 105.830454873781989, 21.07063052711219 ], [ 105.828507582850975, 21.071237114555711 ], [ 105.827022749334716, 21.069989527836867 ], [ 105.827485228839592, 21.068135351928184 ], [ 105.829432512864358, 21.067528778439517 ], [ 105.830917324289842, 21.068776366905098 ] ] ] } },
{ "type": "Feature", "properties": { "h3_id": "89415cb596bffff", "h3_resolution": 9, "h3_parent_res8": "88415cb597fffff", "centroid_lat": 21.073125566988832, "centroid_lon": 105.83342451878977, "legacy_district": "Tây Hồ" }, "geometry": { "type": "Polygon", "coordinates": [ [ [ 105.835371758652698, 21.072518929342817 ], [ 105.834909341313221, 21.074373036180589 ], [ 105.832962083505535, 21.074979671744106 ], [ 105.831477249938374, 21.073732186511844 ], [ 105.83193969627871, 21.071878063965201 ], [ 105.833886947186002, 21.071271442359272 ], [ 105.835371758652698, 21.072518929342817 ] ] ] } },
{ "type": "Feature", "properties": { "h3_id": "89415cb596fffff", "h3_resolution": 9, "h3_parent_res8": "88415cb597fffff", "centroid_lat": 21.072484667448204, "centroid_lon": 105.8299924163862, "legacy_district": "Tây Hồ" }, "geometry": { "type": "Polygon", "coordinates": [ [ [ 105.83193969627871, 21.071878063965201 ], [ 105.831477249938374, 21.073732186511844 ], [ 105.829529952102348, 21.074338787909216 ], [ 105.82804510751231, 21.073091252805664 ], [ 105.828507582850975, 21.071237114555711 ], [ 105.830454873781989, 21.07063052711219 ], [ 105.83193969627871, 21.071878063965201 ] ] ] } },
{ "type": "Feature", "properties": { "h3_id": "89415cb5973ffff", "h3_resolution": 9, "h3_parent_res8": "88415cb597fffff", "centroid_lat": 21.067563133493003, "centroid_lon": 105.83481178331483, "legacy_district": "Tây Hồ" }, "geometry": { "type": "Polygon", "coordinates": [ [ [ 105.83675896934389, 21.066956489613435 ], [ 105.836296572667948, 21.068810656055309 ], [ 105.834349368694333, 21.069417297859353 ], [ 105.832864568295534, 21.068169759257771 ], [ 105.833326993972221, 21.066315577104849 ], [ 105.835274191047617, 21.065708949264138 ], [ 105.83675896934389, 21.066956489613435 ] ] ] } },
{ "type": "Feature", "properties": { "h3_id": "89415cb5977ffff", "h3_resolution": 9, "h3_parent_res8": "88415cb597fffff", "centroid_lat": 21.066922186830855, "centroid_lon": 105.83137976790984, "legacy_district": "Tây Hồ" }, "geometry": { "type": "Polygon", "coordinates": [ [ [ 105.833326993972221, 21.066315577104849 ], [ 105.832864568295534, 21.068169759257771 ], [ 105.830917324289842, 21.068776366905098 ], [ 105.829432512864358, 21.067528778439517 ], [ 105.829894967539246, 21.065674580581128 ], [ 105.831842204642086, 21.065067986893386 ], [ 105.833326993972221, 21.066315577104849 ] ] ] } },
{ "type": "Feature", "properties": { "h3_id": "89415cb597bffff", "h3_resolution": 9, "h3_parent_res8": "88415cb597fffff", "centroid_lat": 21.070664802633086, "centroid_lon": 105.83583416910423, "legacy_district": "Tây Hồ" }, "geometry": { "type": "Polygon", "coordinates": [ [ [ 105.83778136202956, 21.070058144789279 ], [ 105.837318969523267, 21.071912273576434 ], [ 105.835371758652698, 21.072518929342817 ], [ 105.833886947186002, 21.071271442359272 ], [ 105.834349368694333, 21.069417297859353 ], [ 105.836296572667948, 21.068810656055309 ], [ 105.83778136202956, 21.070058144789279 ] ] ] } },
{ "type": "Feature", "properties": { "h3_id": "89415cb5983ffff", "h3_resolution": 9, "h3_parent_res8": "88415cb599fffff", "centroid_lat": 21.053976768655296, "centroid_lon": 105.8399955532265, "legacy_district": "Tây Hồ" }, "geometry": { "type": "Polygon", "coordinates": [ [ [ 105.84194258464737, 21.053370092219176 ], [ 105.841480254127717, 21.055224399656314 ], [ 105.839533204762176, 21.055831074035918 ], [ 105.838048492807474, 21.054583426998423 ], [ 105.838510852328838, 21.052729103842051 ], [ 105.840457894803848, 21.052122443441981 ], [ 105.84194258464737, 21.053370092219176 ] ] ] } },
{ "type": "Feature", "properties": { "h3_id": "89415cb5987ffff", "h3_resolution": 9, "h3_parent_res8": "88415cb599fffff", "centroid_lat": 21.053335746149216, "centroid_lon": 105.83656378085891, "legacy_district": "Tây Hồ" }, "geometry": { "type": "Polygon", "coordinates": [ [ [ 105.838510852328838, 21.052729103842051 ], [ 105.838048492807474, 21.054583426998423 ], [ 105.836101403394096, 21.055190067245928 ], [ 105.834616680397929, 21.05394237036084 ], [ 105.835079068918503, 21.052088031490801 ], [ 105.837026151436689, 21.051481405219103 ], [ 105.838510852328838, 21.052729103842051 ] ] ] } },
{ "type": "Feature", "properties": { "h3_id": "89415cb598bffff", "h3_resolution": 9, "h3_parent_res8": "88415cb599fffff", "centroid_lat": 21.057078687259175, "centroid_lon": 105.84101791672103, "legacy_district": "Tây Hồ" }, "geometry": { "type": "Polygon", "coordinates": [ [ [ 105.842964955030439, 21.056471996842586 ], [ 105.842502628682041, 21.058326266665667 ], [ 105.84055557242722, 21.058932955023824 ], [ 105.839070849410732, 21.057685359579946 ], [ 105.839533204762176, 21.055831074035918 ], [ 105.841480254127717, 21.055224399656314 ], [ 105.842964955030439, 21.056471996842586 ] ] ] } },
{ "type": "Feature", "properties": { "h3_id": "89415cb598fffff", "h3_resolution": 9, "h3_parent_res8": "88415cb599fffff", "centroid_lat": 21.056437730319807, "centroid_lon": 105.83758612639903, "legacy_district": "Tây Hồ" }, "geometry": { "type": "Polygon", "coordinates": [ [ [ 105.839533204762176, 21.055831074035918 ], [ 105.839070849410732, 21.057685359579946 ], [ 105.837123753103441, 21.058292013802259 ], [ 105.835639019042162, 21.05704436850532 ], [ 105.836101403394096, 21.055190067245928 ], [ 105.838048492807474, 21.054583426998423 ], [ 105.839533204762176, 21.055831074035918 ] ] ] } },
{ "type": "Feature", "properties": { "h3_id": "89415cb5993ffff", "h3_resolution": 9, "h3_parent_res8": "88415cb599fffff", "centroid_lat": 21.051515764951688, "centroid_lon": 105.84240490828009, "legacy_district": "Tây Hồ" }, "geometry": { "type": "Polygon", "coordinates": [ [ [ 105.844351892753735, 21.050909068373777 ], [ 105.843889587066201, 21.052763397692711 ], [ 105.84194258464737, 21.053370092219176 ], [ 105.840457894803848, 21.052122443441981 ], [ 105.840920229494273, 21.050268098399933 ], [ 105.842867225025984, 21.049661417857774 ], [ 105.844351892753735, 21.050909068373777 ] ] ] } },
{ "type": "Feature", "properties": { "h3_id": "89415cb5997ffff", "h3_resolution": 9, "h3_parent_res8": "88415cb599fffff", "centroid_lat": 21.050874760854597, "centroid_lon": 105.83897320496324, "legacy_district": "Tây Hồ" }, "geometry": { "type": "Polygon", "coordinates": [ [ [ 105.840920229494273, 21.050268098399933 ], [ 105.840457894803848, 21.052122443441981 ], [ 105.838510852328838, 21.052729103842051 ], [ 105.837026151436689, 21.051481405219103 ], [ 105.837488515127532, 21.049627044459516 ], [ 105.839435550710746, 21.049020398040007 ], [ 105.840920229494273, 21.050268098399933 ] ] ] } },
{ "type": "Feature", "properties": { "h3_id": "89415cb599bffff", "h3_resolution": 9, "h3_parent_res8": "88415cb599fffff", "centroid_lat": 21.054617707183628, "centroid_lon": 105.8434272744918, "legacy_district": "Tây Hồ" }, "geometry": { "type": "Polygon", "coordinates": [ [ [ 105.845374265850609, 21.054010996620512 ], [ 105.844911964335168, 21.055865288332829 ], [ 105.842964955030439, 21.056471996842586 ], [ 105.841480254127717, 21.055224399656314 ], [ 105.84194258464737, 21.053370092219176 ], [ 105.843889587066201, 21.052763397692711 ], [ 105.845374265850609, 21.054010996620512 ] ] ] } },
{ "type": "Feature", "properties": { "h3_id": "89415cb59a3ffff", "h3_resolution": 9, "h3_parent_res8": "88415cb59bfffff", "centroid_lat": 21.055155564486896, "centroid_lon": 105.83072239251814, "legacy_district": "Tây Hồ" }, "geometry": { "type": "Polygon", "coordinates": [ [ [ 105.832669550949717, 21.05454897647428 ], [ 105.832207137599752, 21.056403293443456 ], [ 105.830259961226503, 21.057009879388197 ], [ 105.82877520510705, 21.055762134396034 ], [ 105.829237647452501, 21.053907801722648 ], [ 105.831184816922544, 21.053301229745216 ], [ 105.832669550949717, 21.05454897647428 ] ] ] } },
{ "type": "Feature", "properties": { "h3_id": "89415cb59a7ffff", "h3_resolution": 9, "h3_parent_res8": "88415cb59bfffff", "centroid_lat": 21.054514355596698, "centroid_lon": 105.82729044900621, "legacy_district": "Tây Hồ" }, "geometry": { "type": "Polygon", "coordinates": [ [ [ 105.829237647452501, 21.053907801722648 ], [ 105.82877520510705, 21.055762134396034 ], [ 105.826827988720297, 21.056368686199061 ], [ 105.825343221587502, 21.055120891364719 ], [ 105.82580569292594, 21.053266542992702 ], [ 105.827752902404853, 21.052660005153239 ], [ 105.829237647452501, 21.053907801722648 ] ] ] } },
{ "type": "Feature", "properties": { "h3_id": "89415cb59abffff", "h3_resolution": 9, "h3_parent_res8": "88415cb59bfffff", "centroid_lat": 21.058257590570665, "centroid_lon": 105.83174471736255, "legacy_district": "Tây Hồ" }, "geometry": { "type": "Polygon", "coordinates": [ [ [ 105.833691882695376, 21.057650988589824 ], [ 105.833229473513228, 21.059505267940906 ], [ 105.831282290237993, 21.060111867851958 ], [ 105.829797523047532, 21.058864174445194 ], [ 105.830259961226503, 21.057009879388197 ], [ 105.832207137599752, 21.056403293443456 ], [ 105.833691882695376, 21.057650988589824 ] ] ] } },
{ "type": "Feature", "properties": { "h3_id": "89415cb59afffff", "h3_resolution": 9, "h3_parent_res8": "88415cb59bfffff", "centroid_lat": 21.057616447226724, "centroid_lon": 105.82831275587431, "legacy_district": "Tây Hồ" }, "geometry": { "type": "Polygon", "coordinates": [ [ [ 105.830259961226503, 21.057009879388197 ], [ 105.829797523047532, 21.058864174445194 ], [ 105.827850299754175, 21.059470740210799 ], [ 105.826365521547032, 21.058222996956406 ], [ 105.826827988720297, 21.056368686199061 ], [ 105.82877520510705, 21.055762134396034 ], [ 105.830259961226503, 21.057009879388197 ] ] ] } },
{ "type": "Feature", "properties": { "h3_id": "89415cb59b3ffff", "h3_resolution": 9, "h3_parent_res8": "88415cb59bfffff", "centroid_lat": 21.052694639667056, "centroid_lon": 105.8331319574125, "legacy_district": "Tây Hồ" }, "geometry": { "type": "Polygon", "coordinates": [ [ [ 105.835079068918503, 21.052088031490801 ], [ 105.834616680397929, 21.05394237036084 ], [ 105.832669550949717, 21.05454897647428 ], [ 105.831184816922544, 21.053301229745216 ], [ 105.831647234439828, 21.051446875167102 ], [ 105.833594356988215, 21.050840283025714 ], [ 105.835079068918503, 21.052088031490801 ] ] ] } },
{ "type": "Feature", "properties": { "h3_id": "89415cb59b7ffff", "h3_resolution": 9, "h3_parent_res8": "88415cb59bfffff", "centroid_lat": 21.052053449210494, "centroid_lon": 105.82970008291075, "legacy_district": "Tây Hồ" }, "geometry": { "type": "Polygon", "coordinates": [ [ [ 105.831647234439828, 21.051446875167102 ], [ 105.831184816922544, 21.053301229745216 ], [ 105.829237647452501, 21.053907801722648 ], [ 105.827752902404853, 21.052660005153239 ], [ 105.828215348916316, 21.050805634872624 ], [ 105.830162511481888, 21.050199076863503 ], [ 105.831647234439828, 21.051446875167102 ] ] ] } },
{ "type": "Feature", "properties": { "h3_id": "89415cb59bbffff", "h3_resolution": 9, "h3_parent_res8": "88415cb59bfffff", "centroid_lat": 21.055796689395155, "centroid_lon": 105.83415428499025, "legacy_district": "Tây Hồ" }, "geometry": { "type": "Polygon", "coordinates": [ [ [ 105.836101403394096, 21.055190067245928 ], [ 105.835639019042162, 21.05704436850532 ], [ 105.833691882695376, 21.057650988589824 ], [ 105.832207137599752, 21.056403293443456 ], [ 105.832669550949717, 21.05454897647428 ], [ 105.834616680397929, 21.05394237036084 ], [ 105.836101403394096, 21.055190067245928 ] ] ] } },
{ "type": "Feature", "properties": { "h3_id": "89415cb59c3ffff", "h3_resolution": 9, "h3_parent_res8": "88415cb59dfffff", "centroid_lat": 21.060821324018253, "centroid_lon": 105.84547205260255, "legacy_district": "Tây Hồ" }, "geometry": { "type": "Polygon", "coordinates": [ [ [ 105.847419057727933, 21.060214585487714 ], [ 105.846956764558072, 21.062068801959327 ], [ 105.845009741485342, 21.062675538432689 ], [ 105.843525018466508, 21.061428044452715 ], [ 105.84398734064321, 21.059573812252872 ], [ 105.845934356832558, 21.058967089760809 ], [ 105.847419057727933, 21.060214585487714 ] ] ] } },
{ "type": "Feature", "properties": { "h3_id": "89415cb59c7ffff", "h3_resolution": 9, "h3_parent_res8": "88415cb59dfffff", "centroid_lat": 21.06018051664892, "centroid_lon": 105.84204029544648, "legacy_district": "Tây Hồ" }, "geometry": { "type": "Polygon", "coordinates": [ [ [ 105.84398734064321, 21.059573812252872 ], [ 105.843525018466508, 21.061428044452715 ], [ 105.841577955323658, 21.062034746788438 ], [ 105.840093221246192, 21.060787202946333 ], [ 105.84055557242722, 21.058932955023824 ], [ 105.842502628682041, 21.058326266665667 ], [ 105.84398734064321, 21.059573812252872 ] ] ] } },
{ "type": "Feature", "properties": { "h3_id": "89415cb59cfffff", "h3_resolution": 9, "h3_parent_res8": "88415cb59dfffff", "centroid_lat": 21.063282256807224, "centroid_lon": 105.84306268940253, "legacy_district": "Tây Hồ" }, "geometry": { "type": "Polygon", "coordinates": [ [ [ 105.845009741485342, 21.062675538432689 ], [ 105.844547423480819, 21.064529733000171 ], [ 105.842600353451189, 21.065136449312448 ], [ 105.841115608313515, 21.063888957080277 ], [ 105.841577955323658, 21.062034746788438 ], [ 105.843525018466508, 21.061428044452715 ], [ 105.845009741485342, 21.062675538432689 ] ] ] } },
{ "type": "Feature", "properties": { "h3_id": "89415cb59d7ffff", "h3_resolution": 9, "h3_parent_res8": "88415cb59dfffff", "centroid_lat": 21.057719560211591, "centroid_lon": 105.84444965593273, "legacy_district": "Tây Hồ" }, "geometry": { "type": "Polygon", "coordinates": [ [ [ 105.84639665417545, 21.057112835664267 ], [ 105.845934356832558, 21.058967089760809 ], [ 105.84398734064321, 21.059573812252872 ], [ 105.842502628682041, 21.058326266665667 ], [ 105.842964955030439, 21.056471996842586 ], [ 105.844911964335168, 21.055865288332829 ], [ 105.84639665417545, 21.057112835664267 ] ] ] } },
{ "type": "Feature", "properties": { "h3_id": "89415cb5b07ffff", "h3_resolution": 9, "h3_parent_res8": "88415cb5b1fffff", "centroid_lat": 21.083070586228452, "centroid_lon": 105.83992386461345, "legacy_district": "Tây Hồ" }, "geometry": { "type": "Polygon", "coordinates": [ [ [ 105.841871085111251, 21.082463872537588 ], [ 105.841408709288359, 21.08431785061445 ], [ 105.839461470842451, 21.084924562220234 ], [ 105.837976615112026, 21.083677281790383 ], [ 105.838439019942186, 21.081823287993945 ], [ 105.840386251496142, 21.081216590346514 ], [ 105.841871085111251, 21.082463872537588 ] ] ] } },
{ "type": "Feature", "properties": { "h3_id": "89415cb5b23ffff", "h3_resolution": 9, "h3_parent_res8": "88415cb5b3fffff", "centroid_lat": 21.084890618516845, "centroid_lon": 105.83408202911363, "legacy_district": "Tây Hồ" }, "geometry": { "type": "Polygon", "coordinates": [ [ [ 105.836029336610792, 21.084283959220727 ], [ 105.835566906945289, 21.086137931034134 ], [ 105.83361958150175, 21.086744588236961 ], [ 105.832134692624379, 21.085497259676092 ], [ 105.832597151293456, 21.08364327215256 ], [ 105.834544469836985, 21.083036628899606 ], [ 105.836029336610792, 21.084283959220727 ] ] ] } },
{ "type": "Feature", "properties": { "h3_id": "89415cb5b27ffff", "h3_resolution": 9, "h3_parent_res8": "88415cb5b3fffff", "centroid_lat": 21.084249897268734, "centroid_lon": 105.83064980376109, "legacy_district": "Tây Hồ" }, "geometry": { "type": "Polygon", "coordinates": [ [ [ 105.832597151293456, 21.08364327215256 ], [ 105.832134692624379, 21.085497259676092 ], [ 105.830187327146888, 21.086103882695824 ], [ 105.828702427243783, 21.084856504245483 ], [ 105.829164914913903, 21.083002501017397 ], [ 105.831112273486738, 21.082395891943793 ], [ 105.832597151293456, 21.08364327215256 ] ] ] } },
{ "type": "Feature", "properties": { "h3_id": "89415cb5b2fffff", "h3_resolution": 9, "h3_parent_res8": "88415cb5b3fffff", "centroid_lat": 21.087351227300175, "centroid_lon": 105.83167222706672, "legacy_district": "Tây Hồ" }, "geometry": { "type": "Polygon", "coordinates": [ [ [ 105.83361958150175, 21.086744588236961 ], [ 105.833157127001257, 21.088598538056029 ], [ 105.831209754620374, 21.089205175020894 ], [ 105.82972484364403, 21.087957848221148 ], [ 105.830187327146888, 21.086103882695824 ], [ 105.832134692624379, 21.085497259676092 ], [ 105.83361958150175, 21.086744588236961 ] ] ] } },
{ "type": "Feature", "properties": { "h3_id": "89415cb5b33ffff", "h3_resolution": 9, "h3_parent_res8": "88415cb5b3fffff", "centroid_lat": 21.082429967512514, "centroid_lon": 105.83649175938784, "legacy_district": "Tây Hồ" }, "geometry": { "type": "Polygon", "coordinates": [ [ [ 105.838439019942186, 21.081823287993945 ], [ 105.837976615112026, 21.083677281790383 ], [ 105.836029336610792, 21.084283959220727 ], [ 105.834544469836985, 21.083036628899606 ], [ 105.835006903671896, 21.081182619389175 ], [ 105.836954175276517, 21.080575955913428 ], [ 105.838439019942186, 21.081823287993945 ] ] ] } },
{ "type": "Feature", "properties": { "h3_id": "89415cb5b37ffff", "h3_resolution": 9, "h3_parent_res8": "88415cb5b3fffff", "centroid_lat": 21.081789264733505, "centroid_lon": 105.83305960307402, "legacy_district": "Tây Hồ" }, "geometry": { "type": "Polygon", "coordinates": [ [ [ 105.835006903671896, 21.081182619389175 ], [ 105.834544469836985, 21.083036628899606 ], [ 105.832597151293456, 21.08364327215256 ], [ 105.831112273486738, 21.082395891943793 ], [ 105.831574736323915, 21.080541866724936 ], [ 105.833522047966184, 21.079935237422855 ], [ 105.835006903671896, 21.081182619389175 ] ] ] } },
{ "type": "Feature", "properties": { "h3_id": "89415cb5ba3ffff", "h3_resolution": 9, "h3_parent_res8": "88415cb5bbfffff", "centroid_lat": 21.076867873058358, "centroid_lon": 105.83787898638916, "legacy_district": "Tây Hồ" }, "geometry": { "type": "Polygon", "coordinates": [ [ [ 105.839826193103207, 21.076261187289028 ], [ 105.839363808937676, 21.07811524073934 ], [ 105.837416584276923, 21.078721924427413 ], [ 105.835931750676806, 21.077474540704408 ], [ 105.836394163847004, 21.075620471537935 ], [ 105.838341381613276, 21.075013801810218 ], [ 105.839826193103207, 21.076261187289028 ] ] ] } },
{ "type": "Feature", "properties": { "h3_id": "89415cb5ba7ffff", "h3_resolution": 9, "h3_parent_res8": "88415cb5bbfffff", "centroid_lat": 21.07622712314247, "centroid_lon": 105.83444691708569, "legacy_district": "Tây Hồ" }, "geometry": { "type": "Polygon", "coordinates": [ [ [ 105.836394163847004, 21.075620471537935 ], [ 105.835931750676806, 21.077474540704408 ], [ 105.833984485970049, 21.07808119022453 ], [ 105.832499641333214, 21.076833756621173 ], [ 105.832962083505535, 21.074979671744106 ], [ 105.834909341313221, 21.074373036180589 ], [ 105.836394163847004, 21.075620471537935 ] ] ] } },
{ "type": "Feature", "properties": { "h3_id": "89415cb5babffff", "h3_resolution": 9, "h3_parent_res8": "88415cb5bbfffff", "centroid_lat": 21.079969274308954, "centroid_lon": 105.83890141788403, "legacy_district": "Tây Hồ" }, "geometry": { "type": "Polygon", "coordinates": [ [ [ 105.840848631490587, 21.079362574578358 ], [ 105.840386251496142, 21.081216590346514 ], [ 105.838439019942186, 21.081823287993945 ], [ 105.836954175276517, 21.080575955913428 ], [ 105.837416584276923, 21.078721924427413 ], [ 105.839363808937676, 21.07811524073934 ], [ 105.840848631490587, 21.079362574578358 ] ] ] } },
{ "type": "Feature", "properties": { "h3_id": "89415cb5bafffff", "h3_resolution": 9, "h3_parent_res8": "88415cb5bbfffff", "centroid_lat": 21.079328589989462, "centroid_lon": 105.83546933061847, "legacy_district": "Tây Hồ" }, "geometry": { "type": "Polygon", "coordinates": [ [ [ 105.837416584276923, 21.078721924427413 ], [ 105.836954175276517, 21.080575955913428 ], [ 105.835006903671896, 21.081182619389175 ], [ 105.833522047966184, 21.079935237422855 ], [ 105.833984485970049, 21.07808119022453 ], [ 105.835931750676806, 21.077474540704408 ], [ 105.837416584276923, 21.078721924427413 ] ] ] } },
{ "type": "Feature", "properties": { "h3_id": "89415cb5bb3ffff", "h3_resolution": 9, "h3_parent_res8": "88415cb5bbfffff", "centroid_lat": 21.074407113961943, "centroid_lon": 105.84028857038071, "legacy_district": "Tây Hồ" }, "geometry": { "type": "Polygon", "coordinates": [ [ [ 105.842235730145418, 21.073800407995787 ], [ 105.841773370815133, 21.075654483399067 ], [ 105.839826193103207, 21.076261187289028 ], [ 105.838341381613276, 21.075013801810218 ], [ 105.838803769949422, 21.073159710686902 ], [ 105.840750940770292, 21.072553020762026 ], [ 105.842235730145418, 21.073800407995787 ] ] ] } },
{ "type": "Feature", "properties": { "h3_id": "89415cb5bb7ffff", "h3_resolution": 9, "h3_parent_res8": "88415cb5bbfffff", "centroid_lat": 21.073766382493968, "centroid_lon": 105.83685657012911, "legacy_district": "Tây Hồ" }, "geometry": { "type": "Polygon", "coordinates": [ [ [ 105.838803769949422, 21.073159710686902 ], [ 105.838341381613276, 21.075013801810218 ], [ 105.836394163847004, 21.075620471537935 ], [ 105.834909341313221, 21.074373036180589 ], [ 105.835371758652698, 21.072518929342817 ], [ 105.837318969523267, 21.071912273576434 ], [ 105.838803769949422, 21.073159710686902 ] ] ] } },
{ "type": "Feature", "properties": { "h3_id": "89415cb5bbbffff", "h3_resolution": 9, "h3_parent_res8": "88415cb5bbfffff", "centroid_lat": 21.077508538927898, "centroid_lon": 105.84131100459688, "legacy_district": "Tây Hồ" }, "geometry": { "type": "Polygon", "coordinates": [ [ [ 105.84325817125071, 21.076901818995733 ], [ 105.842795816092334, 21.078755856724296 ], [ 105.840848631490587, 21.079362574578358 ], [ 105.839363808937676, 21.07811524073934 ], [ 105.839826193103207, 21.076261187289028 ], [ 105.841773370815133, 21.075654483399067 ], [ 105.84325817125071, 21.076901818995733 ] ] ] } },
{ "type": "Feature", "properties": { "h3_id": "89415cb5d03ffff", "h3_resolution": 9, "h3_parent_res8": "88415cb5d1fffff", "centroid_lat": 21.044773366803803, "centroid_lon": 105.85306398768749, "legacy_district": "Ba Đình" }, "geometry": { "type": "Polygon", "coordinates": [ [ [ 105.855010791194289, 21.044166575759007 ], [ 105.854548589014342, 21.046020954915146 ], [ 105.852601767559534, 21.046627743926834 ], [ 105.851117155157667, 21.045380139779699 ], [ 105.851579386346629, 21.043525744883269 ], [ 105.85352620092911, 21.042918969873842 ], [ 105.855010791194289, 21.044166575759007 ] ] ] } },
{ "type": "Feature", "properties": { "h3_id": "89415cb5d07ffff", "h3_resolution": 9, "h3_parent_res8": "88415cb5d1fffff", "centroid_lat": 21.044132501823874, "centroid_lon": 105.84963254274439, "legacy_district": "Ba Đình" }, "geometry": { "type": "Polygon", "coordinates": [ [ [ 105.851579386346629, 21.043525744883269 ], [ 105.851117155157667, 21.045380139779699 ], [ 105.84917029360868, 21.045986894684052 ], [ 105.847685670126239, 21.044739240693033 ], [ 105.848147930321701, 21.04288483006188 ], [ 105.850094784993743, 21.042278089156049 ], [ 105.851579386346629, 21.043525744883269 ] ] ] } },
{ "type": "Feature", "properties": { "h3_id": "89415cb5d0fffff", "h3_resolution": 9, "h3_parent_res8": "88415cb5d1fffff", "centroid_lat": 21.047234514866879, "centroid_lon": 105.85065491708231, "legacy_district": "Ba Đình" }, "geometry": { "type": "Polygon", "coordinates": [ [ [ 105.852601767559534, 21.046627743926834 ], [ 105.852139540545167, 21.048482101238992 ], [ 105.850192672120471, 21.049088870140871 ], [ 105.848708037586491, 21.04784126773264 ], [ 105.84917029360868, 21.045986894684052 ], [ 105.851117155157667, 21.045380139779699 ], [ 105.852601767559534, 21.046627743926834 ] ] ] } },
{ "type": "Feature", "properties": { "h3_id": "89415cb5d13ffff", "h3_resolution": 9, "h3_parent_res8": "88415cb5d1fffff", "centroid_lat": 21.042312176798259, "centroid_lon": 105.85547298648801, "legacy_district": "Ba Đình" }, "geometry": { "type": "Polygon", "coordinates": [ [ [ 105.857419743019435, 21.041705365659148 ], [ 105.856957565674236, 21.043559766647949 ], [ 105.855010791194289, 21.044166575759007 ], [ 105.85352620092911, 21.042918969873842 ], [ 105.853988407284504, 21.041064553140878 ], [ 105.855935174895535, 21.040457758036833 ], [ 105.857419743019435, 21.041705365659148 ] ] ] } },
{ "type": "Feature", "properties": { "h3_id": "89415cb5d17ffff", "h3_resolution": 9, "h3_parent_res8": "88415cb5d1fffff", "centroid_lat": 21.041671330181501, "centroid_lon": 105.85204161064929, "legacy_district": "Ba Đình" }, "geometry": { "type": "Polygon", "coordinates": [ [ [ 105.853988407284504, 21.041064553140878 ], [ 105.85352620092911, 21.042918969873842 ], [ 105.851579386346629, 21.043525744883269 ], [ 105.850094784993743, 21.042278089156049 ], [ 105.850557020356831, 21.040423656684499 ], [ 105.85250382806575, 21.039816895678335 ], [ 105.853988407284504, 21.041064553140878 ] ] ] } },
{ "type": "Feature", "properties": { "h3_id": "89415cb5d23ffff", "h3_resolution": 9, "h3_parent_res8": "88415cb5d3fffff", "centroid_lat": 21.045952664206403, "centroid_lon": 105.84379183785759, "legacy_district": "Ba Đình" }, "geometry": { "type": "Polygon", "coordinates": [ [ [ 105.845738768496034, 21.045345961488088 ], [ 105.845276483468552, 21.047200350267531 ], [ 105.843329534885115, 21.047807050941358 ], [ 105.8418448782148, 21.046559348845324 ], [ 105.842307192245073, 21.044704944340609 ], [ 105.844254133943522, 21.044098257656803 ], [ 105.845738768496034, 21.045345961488088 ] ] ] } },
{ "type": "Feature", "properties": { "h3_id": "89415cb5d27ffff", "h3_resolution": 9, "h3_parent_res8": "88415cb5d3fffff", "centroid_lat": 21.045311612945117, "centroid_lon": 105.84036022154555, "legacy_district": "Ba Đình" }, "geometry": { "type": "Polygon", "coordinates": [ [ [ 105.842307192245073, 21.044704944340609 ], [ 105.8418448782148, 21.046559348845324 ], [ 105.839897889571489, 21.047166015402198 ], [ 105.838413221848739, 21.045918263467687 ], [ 105.838875564879316, 21.044063843243279 ], [ 105.840822546633007, 21.043457190672687 ], [ 105.842307192245073, 21.044704944340609 ] ] ] } },
{ "type": "Feature", "properties": { "h3_id": "89415cb5d2bffff", "h3_resolution": 9, "h3_parent_res8": "88415cb5d3fffff", "centroid_lat": 21.049054719230728, "centroid_lon": 105.84481419155448, "legacy_district": "Ba Đình" }, "geometry": { "type": "Polygon", "coordinates": [ [ [ 105.846761129075929, 21.048448002521475 ], [ 105.846298848220897, 21.050302353710897 ], [ 105.844351892753735, 21.050909068373777 ], [ 105.842867225025984, 21.049661417857774 ], [ 105.843329534885115, 21.047807050941358 ], [ 105.845276483468552, 21.047200350267531 ], [ 105.846761129075929, 21.048448002521475 ] ] ] } },
{ "type": "Feature", "properties": { "h3_id": "89415cb5d2fffff", "h3_resolution": 9, "h3_parent_res8": "88415cb5d3fffff", "centroid_lat": 21.048413733533071, "centroid_lon": 105.84138255729791, "legacy_district": "Ba Đình" }, "geometry": { "type": "Polygon", "coordinates": [ [ [ 105.843329534885115, 21.047807050941358 ], [ 105.842867225025984, 21.049661417857774 ], [ 105.840920229494273, 21.050268098399933 ], [ 105.839435550710746, 21.049020398040007 ], [ 105.839897889571489, 21.047166015402198 ], [ 105.8418448782148, 21.046559348845324 ], [ 105.843329534885115, 21.047807050941358 ] ] ] } },
{ "type": "Feature", "properties": { "h3_id": "89415cb5d33ffff", "h3_resolution": 9, "h3_parent_res8": "88415cb5d3fffff", "centroid_lat": 21.043491552896342, "centroid_lon": 105.84620104663701, "legacy_district": "Ba Đình" }, "geometry": { "type": "Polygon", "coordinates": [ [ [ 105.848147930321701, 21.04288483006188 ], [ 105.847685670126239, 21.044739240693033 ], [ 105.845738768496034, 21.045345961488088 ], [ 105.844254133943522, 21.044098257656803 ], [ 105.84471642314297, 21.042243831296503 ], [ 105.846663317891597, 21.041637124496226 ], [ 105.848147930321701, 21.04288483006188 ] ] ] } },
{ "type": "Feature", "properties": { "h3_id": "89415cb5d37ffff", "h3_resolution": 9, "h3_parent_res8": "88415cb5d3fffff", "centroid_lat": 21.042850520022874, "centroid_lon": 105.84276949938882, "legacy_district": "Ba Đình" }, "geometry": { "type": "Polygon", "coordinates": [ [ [ 105.84471642314297, 21.042243831296503 ], [ 105.844254133943522, 21.044098257656803 ], [ 105.842307192245073, 21.044704944340609 ], [ 105.840822546633007, 21.043457190672687 ], [ 105.841284864833938, 21.041602748588836 ], [ 105.843231799646148, 21.04099607589605 ], [ 105.84471642314297, 21.042243831296503 ] ] ] } },
{ "type": "Feature", "properties": { "h3_id": "89415cb5d3bffff", "h3_resolution": 9, "h3_parent_res8": "88415cb5d3fffff", "centroid_lat": 21.046593631514209, "centroid_lon": 105.84722340304435, "legacy_district": "Ba Đình" }, "geometry": { "type": "Polygon", "coordinates": [ [ [ 105.84917029360868, 21.045986894684052 ], [ 105.848708037586491, 21.04784126773264 ], [ 105.846761129075929, 21.048448002521475 ], [ 105.845276483468552, 21.047200350267531 ], [ 105.845738768496034, 21.045345961488088 ], [ 105.847685670126239, 21.044739240693033 ], [ 105.84917029360868, 21.045986894684052 ] ] ] } },
{ "type": "Feature", "properties": { "h3_id": "89415cb5d63ffff", "h3_resolution": 9, "h3_parent_res8": "88415cb5d7fffff", "centroid_lat": 21.052797521233551, "centroid_lon": 105.84926816153694, "legacy_district": "Ba Đình" }, "geometry": { "type": "Polygon", "coordinates": [ [ [ 105.851215065856763, 21.052190756415005 ], [ 105.850752818182585, 21.054045054270986 ], [ 105.848805895915078, 21.054651817044391 ], [ 105.847321228200272, 21.053404267969601 ], [ 105.847783504882372, 21.051549954379347 ], [ 105.849730420272039, 21.050943205597733 ], [ 105.851215065856763, 21.052190756415005 ] ] ] } },
{ "type": "Feature", "properties": { "h3_id": "89415cb5d67ffff", "h3_resolution": 9, "h3_parent_res8": "88415cb5d7fffff", "centroid_lat": 21.052156685078558, "centroid_lon": 105.84583656047916, "legacy_district": "Tây Hồ" }, "geometry": { "type": "Polygon", "coordinates": [ [ [ 105.847783504882372, 21.051549954379347 ], [ 105.847321228200272, 21.053404267969601 ], [ 105.845374265850609, 21.054010996620512 ], [ 105.843889587066201, 21.052763397692711 ], [ 105.844351892753735, 21.050909068373777 ], [ 105.846298848220897, 21.050302353710897 ], [ 105.847783504882372, 21.051549954379347 ] ] ] } },
{ "type": "Feature", "properties": { "h3_id": "89415cb5d6fffff", "h3_resolution": 9, "h3_parent_res8": "88415cb5d7fffff", "centroid_lat": 21.055258561732551, "centroid_lon": 105.84685894463132, "legacy_district": "Tây Hồ" }, "geometry": { "type": "Polygon", "coordinates": [ [ [ 105.848805895915078, 21.054651817044391 ], [ 105.84834362340635, 21.056506093026318 ], [ 105.84639665417545, 21.057112835664267 ], [ 105.844911964335168, 21.055865288332829 ], [ 105.845374265850609, 21.054010996620512 ], [ 105.847321228200272, 21.053404267969601 ], [ 105.848805895915078, 21.054651817044391 ] ] ] } },
{ "type": "Feature", "properties": { "h3_id": "89415cb5d77ffff", "h3_resolution": 9, "h3_parent_res8": "88415cb5d7fffff", "centroid_lat": 21.049695620965721, "centroid_lon": 105.84824577467776, "legacy_district": "Ba Đình" }, "geometry": { "type": "Polygon", "coordinates": [ [ [ 105.850192672120471, 21.049088870140871 ], [ 105.849730420272039, 21.050943205597733 ], [ 105.847783504882372, 21.051549954379347 ], [ 105.846298848220897, 21.050302353710897 ], [ 105.846761129075929, 21.048448002521475 ], [ 105.848708037586491, 21.04784126773264 ], [ 105.850192672120471, 21.049088870140871 ] ] ] } },
{ "type": "Feature", "properties": { "h3_id": "89415cb5d83ffff", "h3_resolution": 9, "h3_parent_res8": "88415cb5d9fffff", "centroid_lat": 21.036748861127673, "centroid_lon": 105.85685953105248, "legacy_district": "Hoàn Kiếm" }, "geometry": { "type": "Polygon", "coordinates": [ [ [ 105.85880623373879, 21.036142043918375 ], [ 105.858344077051612, 21.037996504290437 ], [ 105.856397356417006, 21.038603319478664 ], [ 105.854912799336972, 21.037355660281666 ], [ 105.855374985034217, 21.03550118416328 ], [ 105.857321698802053, 21.034894382987805 ], [ 105.85880623373879, 21.036142043918375 ] ] ] } },
{ "type": "Feature", "properties": { "h3_id": "89415cb5d87ffff", "h3_resolution": 9, "h3_parent_res8": "88415cb5d9fffff", "centroid_lat": 21.036107967283545, "centroid_lon": 105.85342824224043, "legacy_district": "Hoàn Kiếm" }, "geometry": { "type": "Polygon", "coordinates": [ [ [ 105.855374985034217, 21.03550118416328 ], [ 105.854912799336972, 21.037355660281666 ], [ 105.852966038596094, 21.037962441377708 ], [ 105.851481470424559, 21.036714732345946 ], [ 105.851943685129399, 21.034860240486818 ], [ 105.853890438998846, 21.034253473399787 ], [ 105.855374985034217, 21.03550118416328 ] ] ] } },
{ "type": "Feature", "properties": { "h3_id": "89415cb5d8bffff", "h3_resolution": 9, "h3_parent_res8": "88415cb5d9fffff", "centroid_lat": 21.039850944872001, "centroid_lon": 105.85788191347852, "legacy_district": "Hoàn Kiếm" }, "geometry": { "type": "Polygon", "coordinates": [ [ [ 105.859828623029657, 21.03924411364904 ], [ 105.859366470519589, 21.041098536459177 ], [ 105.857419743019435, 21.041705365659148 ], [ 105.855935174895535, 21.040457758036833 ], [ 105.856397356417006, 21.038603319478664 ], [ 105.858344077051612, 21.037996504290437 ], [ 105.859828623029657, 21.03924411364904 ] ] ] } },
{ "type": "Feature", "properties": { "h3_id": "89415cb5d8fffff", "h3_resolution": 9, "h3_parent_res8": "88415cb5d9fffff", "centroid_lat": 21.039210116608839, "centroid_lon": 105.85445060675374, "legacy_district": "Hoàn Kiếm" }, "geometry": { "type": "Polygon", "coordinates": [ [ [ 105.856397356417006, 21.038603319478664 ], [ 105.855935174895535, 21.040457758036833 ], [ 105.853988407284504, 21.041064553140878 ], [ 105.85250382806575, 21.039816895678335 ], [ 105.852966038596094, 21.037962441377708 ], [ 105.854912799336972, 21.037355660281666 ], [ 105.856397356417006, 21.038603319478664 ] ] ] } },
{ "type": "Feature", "properties": { "h3_id": "89415cb5d93ffff", "h3_resolution": 9, "h3_parent_res8": "88415cb5d9fffff", "centroid_lat": 21.034287563759758, "centroid_lon": 105.85926838354013, "legacy_district": "Hoàn Kiếm" }, "geometry": { "type": "Polygon", "coordinates": [ [ [ 105.86121503924457, 21.033680726481794 ], [ 105.860752907392055, 21.035535208656416 ], [ 105.85880623373879, 21.036142043918375 ], [ 105.857321698802053, 21.034894382987805 ], [ 105.857783859665858, 21.033039885062987 ], [ 105.859730526455749, 21.032433063818523 ], [ 105.86121503924457, 21.033680726481794 ] ] ] } },
{ "type": "Feature", "properties": { "h3_id": "89415cb5d97ffff", "h3_resolution": 9, "h3_parent_res8": "88415cb5d9fffff", "centroid_lat": 21.033646688257623, "centroid_lon": 105.85583716384561, "legacy_district": "Hoàn Kiếm" }, "geometry": { "type": "Polygon", "coordinates": [ [ [ 105.857783859665858, 21.033039885062987 ], [ 105.857321698802053, 21.034894382987805 ], [ 105.855374985034217, 21.03550118416328 ], [ 105.853890438998846, 21.034253473399787 ], [ 105.854352628871411, 21.032398959730347 ], [ 105.85629933577124, 21.031792172568618 ], [ 105.857783859665858, 21.033039885062987 ] ] ] } },
{ "type": "Feature", "properties": { "h3_id": "89415cb5d9bffff", "h3_resolution": 9, "h3_parent_res8": "88415cb5d9fffff", "centroid_lat": 21.03738967104681, "centroid_lon": 105.86029076865378, "legacy_district": "Hoàn Kiếm" }, "geometry": { "type": "Polygon", "coordinates": [ [ [ 105.862237431219626, 21.036782819750428 ], [ 105.861775303545059, 21.038637264370593 ], [ 105.859828623029657, 21.03924411364904 ], [ 105.858344077051612, 21.037996504290437 ], [ 105.85880623373879, 21.036142043918375 ], [ 105.860752907392055, 21.035535208656416 ], [ 105.862237431219626, 21.036782819750428 ] ] ] } },
{ "type": "Feature", "properties": { "h3_id": "89415cb5da3ffff", "h3_resolution": 9, "h3_parent_res8": "88415cb5dbfffff", "centroid_lat": 21.037928208286594, "centroid_lon": 105.84758783974192, "legacy_district": "Hoàn Kiếm" }, "geometry": { "type": "Polygon", "coordinates": [ [ [ 105.84953466959044, 21.037321479347845 ], [ 105.84907243005371, 21.039175949385353 ], [ 105.847125582259864, 21.039782676291672 ], [ 105.845640980882862, 21.038534919159552 ], [ 105.846103249423493, 21.036680433390753 ], [ 105.848050090337878, 21.03607372048495 ], [ 105.84953466959044, 21.037321479347845 ] ] ] } },
{ "type": "Feature", "properties": { "h3_id": "89415cb5da7ffff", "h3_resolution": 9, "h3_parent_res8": "88415cb5dbfffff", "centroid_lat": 21.037287128230851, "centroid_lon": 105.84415637950181, "legacy_district": "Ba Đình" }, "geometry": { "type": "Polygon", "coordinates": [ [ [ 105.846103249423493, 21.036680433390753 ], [ 105.845640980882862, 21.038534919159552 ], [ 105.843694093017092, 21.039141611964066 ], [ 105.842209480576699, 21.037893805002597 ], [ 105.842671778118714, 21.036039303508087 ], [ 105.844618659100377, 21.035432624700338 ], [ 105.846103249423493, 21.036680433390753 ] ] ] } },
{ "type": "Feature", "properties": { "h3_id": "89415cb5dabffff", "h3_resolution": 9, "h3_parent_res8": "88415cb5dbfffff", "centroid_lat": 21.041030399624674, "centroid_lon": 105.84861018363083, "legacy_district": "Ba Đình" }, "geometry": { "type": "Polygon", "coordinates": [ [ [ 105.850557020356831, 21.040423656684499 ], [ 105.850094784993743, 21.042278089156049 ], [ 105.848147930321701, 21.04288483006188 ], [ 105.846663317891597, 21.041637124496226 ], [ 105.847125582259864, 21.039782676291672 ], [ 105.84907243005371, 21.039175949385353 ], [ 105.850557020356831, 21.040423656684499 ] ] ] } },
{ "type": "Feature", "properties": { "h3_id": "89415cb5dafffff", "h3_resolution": 9, "h3_parent_res8": "88415cb5dbfffff", "centroid_lat": 21.040389385129444, "centroid_lon": 105.84517870545606, "legacy_district": "Ba Đình" }, "geometry": { "type": "Polygon", "coordinates": [ [ [ 105.847125582259864, 21.039782676291672 ], [ 105.846663317891597, 21.041637124496226 ], [ 105.84471642314297, 21.042243831296503 ], [ 105.843231799646148, 21.04099607589605 ], [ 105.843694093017092, 21.039141611964066 ], [ 105.845640980882862, 21.038534919159552 ], [ 105.847125582259864, 21.039782676291672 ] ] ] } },
{ "type": "Feature", "properties": { "h3_id": "89415cb5db3ffff", "h3_resolution": 9, "h3_parent_res8": "88415cb5dbfffff", "centroid_lat": 21.035466989516088, "centroid_lon": 105.84999690224112, "legacy_district": "Hoàn Kiếm" }, "geometry": { "type": "Polygon", "coordinates": [ [ [ 105.851943685129399, 21.034860240486818 ], [ 105.851481470424559, 21.036714732345946 ], [ 105.84953466959044, 21.037321479347845 ], [ 105.848050090337878, 21.03607372048495 ], [ 105.848512334047797, 21.034219212890655 ], [ 105.850459128005838, 21.033612479894014 ], [ 105.851943685129399, 21.034860240486818 ] ] ] } },
{ "type": "Feature", "properties": { "h3_id": "89415cb5db7ffff", "h3_resolution": 9, "h3_parent_res8": "88415cb5dbfffff", "centroid_lat": 21.034825927826979, "centroid_lon": 105.84656551107801, "legacy_district": "Hoàn Kiếm" }, "geometry": { "type": "Polygon", "coordinates": [ [ [ 105.848512334047797, 21.034219212890655 ], [ 105.848050090337878, 21.03607372048495 ], [ 105.846103249423493, 21.036680433390753 ], [ 105.844618659100377, 21.035432624700338 ], [ 105.845080931812873, 21.033578101376452 ], [ 105.847027765846548, 21.032971402472167 ], [ 105.848512334047797, 21.034219212890655 ] ] ] } },
{ "type": "Feature", "properties": { "h3_id": "89415cb5dbbffff", "h3_resolution": 9, "h3_parent_res8": "88415cb5dbfffff", "centroid_lat": 21.038569204413147, "centroid_lon": 105.85101924883374, "legacy_district": "Hoàn Kiếm" }, "geometry": { "type": "Polygon", "coordinates": [ [ [ 105.852966038596094, 21.037962441377708 ], [ 105.85250382806575, 21.039816895678335 ], [ 105.850557020356831, 21.040423656684499 ], [ 105.84907243005371, 21.039175949385353 ], [ 105.84953466959044, 21.037321479347845 ], [ 105.851481470424559, 21.036714732345946 ], [ 105.852966038596094, 21.037962441377708 ] ] ] } },
{ "type": "Feature", "properties": { "h3_id": "89415cb6107ffff", "h3_resolution": 9, "h3_parent_res8": "88415cb611fffff", "centroid_lat": 20.94899471079955, "centroid_lon": 105.88589545632634, "legacy_district": "Hoàng Mai" }, "geometry": { "type": "Polygon", "coordinates": [ [ [ 105.887841217199025, 20.948387731445159 ], [ 105.887379448949574, 20.950243105554026 ], [ 105.885433670129274, 20.950850083005349 ], [ 105.883949666382335, 20.94960167223519 ], [ 105.884411463645037, 20.947746282334439 ], [ 105.886357235642095, 20.947139318995319 ], [ 105.887841217199025, 20.948387731445159 ] ] ] } },
{ "type": "Feature", "properties": { "h3_id": "89415cb610bffff", "h3_resolution": 9, "h3_parent_res8": "88415cb611fffff", "centroid_lat": 20.952739793920955, "centroid_lon": 105.89034743401392, "legacy_district": "Hoàng Mai" }, "geometry": { "type": "Polygon", "coordinates": [ [ [ 105.892293161497861, 20.952132766517739 ], [ 105.891831426451034, 20.953988087528344 ], [ 105.889885681017532, 20.954595113029729 ], [ 105.888401677448869, 20.953346803405143 ], [ 105.888863441512768, 20.951491466595343 ], [ 105.890809180128898, 20.950884455208907 ], [ 105.892293161497861, 20.952132766517739 ] ] ] } },
{ "type": "Feature", "properties": { "h3_id": "89415cb610fffff", "h3_resolution": 9, "h3_parent_res8": "88415cb611fffff", "centroid_lat": 20.952098460062842, "centroid_lon": 105.88691767381879, "legacy_district": "Hoàng Mai" }, "geometry": { "type": "Polygon", "coordinates": [ [ [ 105.888863441512768, 20.951491466595343 ], [ 105.888401677448869, 20.953346803405143 ], [ 105.886455891806563, 20.953953794967664 ], [ 105.884971877050788, 20.952705435608756 ], [ 105.885433670129274, 20.950850083005349 ], [ 105.887379448949574, 20.950243105554026 ], [ 105.888863441512768, 20.951491466595343 ] ] ] } },
{ "type": "Feature", "properties": { "h3_id": "89415cb6123ffff", "h3_resolution": 9, "h3_parent_res8": "88415cb613fffff", "centroid_lat": 20.950815541339651, "centroid_lon": 105.88005799929567, "legacy_district": "Hoàng Mai" }, "geometry": { "type": "Polygon", "coordinates": [ [ [ 105.882003847370825, 20.950208615749442 ], [ 105.881542025280282, 20.952063984140882 ], [ 105.87959615925925, 20.952670907819805 ], [ 105.878112122160715, 20.951422449003175 ], [ 105.878573973260856, 20.949567064829296 ], [ 105.880519832450574, 20.948960155254063 ], [ 105.882003847370825, 20.950208615749442 ] ] ] } },
{ "type": "Feature", "properties": { "h3_id": "89415cb612bffff", "h3_resolution": 9, "h3_parent_res8": "88415cb613fffff", "centroid_lat": 20.953919332925281, "centroid_lon": 105.88108019630819, "legacy_district": "Hoàng Mai" }, "geometry": { "type": "Polygon", "coordinates": [ [ [ 105.883026051212653, 20.953312393230465 ], [ 105.882564233305516, 20.955167724317086 ], [ 105.880618360454477, 20.955774662098705 ], [ 105.879134312341236, 20.954526254690588 ], [ 105.87959615925925, 20.952670907819805 ], [ 105.881542025280282, 20.952063984140882 ], [ 105.883026051212653, 20.953312393230465 ] ] ] } },
{ "type": "Feature", "properties": { "h3_id": "89415cb612fffff", "h3_resolution": 9, "h3_parent_res8": "88415cb613fffff", "centroid_lat": 20.953277813569301, "centroid_lon": 105.877650264179, "legacy_district": "Hoàng Mai" }, "geometry": { "type": "Polygon", "coordinates": [ [ [ 105.87959615925925, 20.952670907819805 ], [ 105.879134312341236, 20.954526254690588 ], [ 105.877188399315614, 20.955133158523733 ], [ 105.875704340043356, 20.953884701386727 ], [ 105.876166215969775, 20.952029338737365 ], [ 105.878112122160715, 20.951422449003175 ], [ 105.87959615925925, 20.952670907819805 ] ] ] } },
{ "type": "Feature", "properties": { "h3_id": "89415cb6133ffff", "h3_resolution": 9, "h3_parent_res8": "88415cb613fffff", "centroid_lat": 20.948353227754904, "centroid_lon": 105.88246566257993, "legacy_district": "Hoàng Mai" }, "geometry": { "type": "Polygon", "coordinates": [ [ [ 105.884411463645037, 20.947746282334439 ], [ 105.883949666382335, 20.94960167223519 ], [ 105.882003847370825, 20.950208615749442 ], [ 105.880519832450574, 20.948960155254063 ], [ 105.880981658724068, 20.947104749567007 ], [ 105.882927470907688, 20.946497820161213 ], [ 105.884411463645037, 20.947746282334439 ] ] ] } },
{ "type": "Feature", "properties": { "h3_id": "89415cb613bffff", "h3_resolution": 9, "h3_parent_res8": "88415cb613fffff", "centroid_lat": 20.951457042535186, "centroid_lon": 105.88348786223823, "legacy_district": "Hoàng Mai" }, "geometry": { "type": "Polygon", "coordinates": [ [ [ 105.885433670129274, 20.950850083005349 ], [ 105.884971877050788, 20.952705435608756 ], [ 105.883026051212653, 20.953312393230465 ], [ 105.881542025280282, 20.952063984140882 ], [ 105.882003847370825, 20.950208615749442 ], [ 105.883949666382335, 20.94960167223519 ], [ 105.885433670129274, 20.950850083005349 ] ] ] } },
{ "type": "Feature", "properties": { "h3_id": "89415cb6147ffff", "h3_resolution": 9, "h3_parent_res8": "88415cb615fffff", "centroid_lat": 20.955843388934056, "centroid_lon": 105.89136968452279, "legacy_district": "Hoàng Mai" }, "geometry": { "type": "Polygon", "coordinates": [ [ [ 105.893315418822141, 20.955236347414985 ], [ 105.892853687962614, 20.957091631115613 ], [ 105.890907935713003, 20.957698670730935 ], [ 105.889423921139638, 20.956450412531275 ], [ 105.889885681017532, 20.954595113029729 ], [ 105.891831426451034, 20.953988087528344 ], [ 105.893315418822141, 20.955236347414985 ] ] ] } },
{ "type": "Feature", "properties": { "h3_id": "89415cb614bffff", "h3_resolution": 9, "h3_parent_res8": "88415cb615fffff", "centroid_lat": 20.959588014300259, "centroid_lon": 105.89582169463814, "legacy_district": "Hoàng Mai" }, "geometry": { "type": "Polygon", "coordinates": [ [ [ 105.897767395519409, 20.958980924725086 ], [ 105.897305697869854, 20.96083615529831 ], [ 105.8953599790364, 20.961443242970962 ], [ 105.89387596466338, 20.960195085953302 ], [ 105.894337691335082, 20.958339839571856 ], [ 105.896283403358311, 20.95773276601588 ], [ 105.897767395519409, 20.958980924725086 ] ] ] } },
{ "type": "Feature", "properties": { "h3_id": "89415cb614fffff", "h3_resolution": 9, "h3_parent_res8": "88415cb615fffff", "centroid_lat": 20.958946895205784, "centroid_lon": 105.89239195022157, "legacy_district": "Hoàng Mai" }, "geometry": { "type": "Polygon", "coordinates": [ [ [ 105.894337691335082, 20.958339839571856 ], [ 105.89387596466338, 20.960195085953302 ], [ 105.891930205598882, 20.960802139681562 ], [ 105.890446180021627, 20.959553932915021 ], [ 105.890907935713003, 20.957698670730935 ], [ 105.892853687962614, 20.957091631115613 ], [ 105.894337691335082, 20.958339839571856 ] ] ] } },
{ "type": "Feature", "properties": { "h3_id": "89415cb6163ffff", "h3_resolution": 9, "h3_parent_res8": "88415cb617fffff", "centroid_lat": 20.95766440594954, "centroid_lon": 105.88553230713744, "legacy_district": "Hoàng Mai" }, "geometry": { "type": "Polygon", "coordinates": [ [ [ 105.887478128676591, 20.957057418203977 ], [ 105.887016343968028, 20.958912696185124 ], [ 105.885070504480353, 20.959519682018708 ], [ 105.883586456526032, 20.958271375765296 ], [ 105.884048270249266, 20.956416081992675 ], [ 105.885994102912804, 20.955809110264543 ], [ 105.887478128676591, 20.957057418203977 ] ] ] } },
{ "type": "Feature", "properties": { "h3_id": "89415cb6167ffff", "h3_resolution": 9, "h3_parent_res8": "88415cb617fffff", "centroid_lat": 20.957023035791117, "centroid_lon": 105.88210240851673, "legacy_district": "Hoàng Mai" }, "geometry": { "type": "Polygon", "coordinates": [ [ [ 105.884048270249266, 20.956416081992675 ], [ 105.883586456526032, 20.958271375765296 ], [ 105.881640576846195, 20.958878327648613 ], [ 105.88015651771903, 20.957629971657205 ], [ 105.880618360454477, 20.955774662098705 ], [ 105.882564233305516, 20.955167724317086 ], [ 105.884048270249266, 20.956416081992675 ] ] ] } },
{ "type": "Feature", "properties": { "h3_id": "89415cb616bffff", "h3_resolution": 9, "h3_parent_res8": "88415cb617fffff", "centroid_lat": 20.960767954548832, "centroid_lon": 105.88655455237772, "legacy_district": "Hoàng Mai" }, "geometry": { "type": "Polygon", "coordinates": [ [ [ 105.88850038073906, 20.960160952696921 ], [ 105.888038600216163, 20.96201619335314 ], [ 105.886092753905587, 20.962623193291169 ], [ 105.884608694941463, 20.961374938468122 ], [ 105.885070504480353, 20.959519682018708 ], [ 105.887016343968028, 20.958912696185124 ], [ 105.88850038073906, 20.960160952696921 ] ] ] } },
{ "type": "Feature", "properties": { "h3_id": "89415cb616fffff", "h3_resolution": 9, "h3_parent_res8": "88415cb617fffff", "centroid_lat": 20.960126649919754, "centroid_lon": 105.88312463592099, "legacy_district": "Hoàng Mai" }, "geometry": { "type": "Polygon", "coordinates": [ [ [ 105.885070504480353, 20.959519682018708 ], [ 105.884608694941463, 20.961374938468122 ], [ 105.882662808434091, 20.961981904452127 ], [ 105.881178738293812, 20.960733599885625 ], [ 105.881640576846195, 20.958878327648613 ], [ 105.883586456526032, 20.958271375765296 ], [ 105.885070504480353, 20.959519682018708 ] ] ] } },
{ "type": "Feature", "properties": { "h3_id": "89415cb6173ffff", "h3_resolution": 9, "h3_parent_res8": "88415cb617fffff", "centroid_lat": 20.955202120609339, "centroid_lon": 105.8879399065035, "legacy_district": "Hoàng Mai" }, "geometry": { "type": "Polygon", "coordinates": [ [ [ 105.889885681017532, 20.954595113029729 ], [ 105.889423921139638, 20.956450412531275 ], [ 105.887478128676591, 20.957057418203977 ], [ 105.885994102912804, 20.955809110264543 ], [ 105.886455891806563, 20.953953794967664 ], [ 105.888401677448869, 20.953346803405143 ], [ 105.889885681017532, 20.954595113029729 ] ] ] } },
{ "type": "Feature", "properties": { "h3_id": "89415cb6177ffff", "h3_resolution": 9, "h3_parent_res8": "88415cb617fffff", "centroid_lat": 20.954560768605859, "centroid_lon": 105.88451007709084, "legacy_district": "Hoàng Mai" }, "geometry": { "type": "Polygon", "coordinates": [ [ [ 105.886455891806563, 20.953953794967664 ], [ 105.885994102912804, 20.955809110264543 ], [ 105.884048270249266, 20.956416081992675 ], [ 105.882564233305516, 20.955167724317086 ], [ 105.883026051212653, 20.953312393230465 ], [ 105.884971877050788, 20.952705435608756 ], [ 105.886455891806563, 20.953953794967664 ] ] ] } },
{ "type": "Feature", "properties": { "h3_id": "89415cb617bffff", "h3_resolution": 9, "h3_parent_res8": "88415cb617fffff", "centroid_lat": 20.958305692421657, "centroid_lon": 105.8889621543802, "legacy_district": "Hoàng Mai" }, "geometry": { "type": "Polygon", "coordinates": [ [ [ 105.890907935713003, 20.957698670730935 ], [ 105.890446180021627, 20.959553932915021 ], [ 105.88850038073906, 20.960160952696921 ], [ 105.887016343968028, 20.958912696185124 ], [ 105.887478128676591, 20.957057418203977 ], [ 105.889423921139638, 20.956450412531275 ], [ 105.890907935713003, 20.957698670730935 ] ] ] } },
{ "type": "Feature", "properties": { "h3_id": "89415cb6303ffff", "h3_resolution": 9, "h3_parent_res8": "88415cb631fffff", "centroid_lat": 20.971360032531244, "centroid_lon": 105.89648116490984, "legacy_district": "Hoàng Mai" }, "geometry": { "type": "Polygon", "coordinates": [ [ [ 105.898426933267444, 20.970752920447929 ], [ 105.897965223351619, 20.972608017460747 ], [ 105.896019437040181, 20.973215127630723 ], [ 105.894535367455106, 20.971967126678539 ], [ 105.89499710639582, 20.970112013856202 ], [ 105.896942885897374, 20.969504917795145 ], [ 105.898426933267444, 20.970752920447929 ] ] ] } },
{ "type": "Feature", "properties": { "h3_id": "89415cb6307ffff", "h3_resolution": 9, "h3_parent_res8": "88415cb631fffff", "centroid_lat": 20.970719091981323, "centroid_lon": 105.89305129780035, "legacy_district": "Hoàng Mai" }, "geometry": { "type": "Polygon", "coordinates": [ [ [ 105.89499710639582, 20.970112013856202 ], [ 105.894535367455106, 20.971967126678539 ], [ 105.892589540907053, 20.972574202887177 ], [ 105.891105460114844, 20.971326152167876 ], [ 105.89156722807796, 20.96947102354159 ], [ 105.89351304781151, 20.968863961438139 ], [ 105.89499710639582, 20.970112013856202 ] ] ] } },
{ "type": "Feature", "properties": { "h3_id": "89415cb630bffff", "h3_resolution": 9, "h3_parent_res8": "88415cb631fffff", "centroid_lat": 20.97446309483535, "centroid_lon": 105.89750350655363, "legacy_district": "Hoàng Mai" }, "geometry": { "type": "Polygon", "coordinates": [ [ [ 105.899449281719114, 20.973855968642198 ], [ 105.898987575993416, 20.975711028289894 ], [ 105.897041782873401, 20.976318152567785 ], [ 105.895557702288315, 20.975070203089651 ], [ 105.896019437040181, 20.973215127630723 ], [ 105.897965223351619, 20.972608017460747 ], [ 105.899449281719114, 20.973855968642198 ] ] ] } },
{ "type": "Feature", "properties": { "h3_id": "89415cb630fffff", "h3_resolution": 9, "h3_parent_res8": "88415cb631fffff", "centroid_lat": 20.973822219861948, "centroid_lon": 105.8940736216322, "legacy_district": "Hoàng Mai" }, "geometry": { "type": "Polygon", "coordinates": [ [ [ 105.896019437040181, 20.973215127630723 ], [ 105.895557702288315, 20.975070203089651 ], [ 105.893611868927024, 20.975677293402466 ], [ 105.892127777131478, 20.974429294151754 ], [ 105.892589540907053, 20.972574202887177 ], [ 105.894535367455106, 20.971967126678539 ], [ 105.896019437040181, 20.973215127630723 ] ] ] } },
{ "type": "Feature", "properties": { "h3_id": "89415cb6313ffff", "h3_resolution": 9, "h3_parent_res8": "88415cb631fffff", "centroid_lat": 20.968897803800818, "centroid_lon": 105.89888863630122, "legacy_district": "Hoàng Mai" }, "geometry": { "type": "Polygon", "coordinates": [ [ [ 105.9008343576035, 20.968290671875852 ], [ 105.900372672524043, 20.970145790431232 ], [ 105.898426933267444, 20.970752920447929 ], [ 105.896942885897374, 20.969504917795145 ], [ 105.897404600002886, 20.967649783426378 ], [ 105.899350332453039, 20.967042667523366 ], [ 105.9008343576035, 20.968290671875852 ] ] ] } },
{ "type": "Feature", "properties": { "h3_id": "89415cb6317ffff", "h3_resolution": 9, "h3_parent_res8": "88415cb631fffff", "centroid_lat": 20.968256881398855, "centroid_lon": 105.89545883845443, "legacy_district": "Hoàng Mai" }, "geometry": { "type": "Polygon", "coordinates": [ [ [ 105.897404600002886, 20.967649783426378 ], [ 105.896942885897374, 20.969504917795145 ], [ 105.89499710639582, 20.970112013856202 ], [ 105.89351304781151, 20.968863961438139 ], [ 105.893974790940604, 20.967008811261568 ], [ 105.895920563631066, 20.966401729310448 ], [ 105.897404600002886, 20.967649783426378 ] ] ] } },
{ "type": "Feature", "properties": { "h3_id": "89415cb631bffff", "h3_resolution": 9, "h3_parent_res8": "88415cb631fffff", "centroid_lat": 20.972000889354664, "centroid_lon": 105.89991098056262, "legacy_district": "Hoàng Mai" }, "geometry": { "type": "Polygon", "coordinates": [ [ [ 105.901856708669399, 20.971393743315122 ], [ 105.90139502778095, 20.973248824512851 ], [ 105.899449281719114, 20.973855968642198 ], [ 105.897965223351619, 20.972608017460747 ], [ 105.898426933267444, 20.970752920447929 ], [ 105.900372672524043, 20.970145790431232 ], [ 105.901856708669399, 20.971393743315122 ] ] ] } },
{ "type": "Feature", "properties": { "h3_id": "89415cb6323ffff", "h3_resolution": 9, "h3_parent_res8": "88415cb633fffff", "centroid_lat": 20.972540218714677, "centroid_lon": 105.88721369748902, "legacy_district": "Hoàng Mai" }, "geometry": { "type": "Polygon", "coordinates": [ [ [ 105.889159593343123, 20.971933194413207 ], [ 105.888697800546353, 20.973788301477867 ], [ 105.886751886741379, 20.97439532385463 ], [ 105.885267772556347, 20.973147225069642 ], [ 105.885729594371838, 20.971292102210501 ], [ 105.887675501354281, 20.97068509393042 ], [ 105.889159593343123, 20.971933194413207 ] ] ] } },
{ "type": "Feature", "properties": { "h3_id": "89415cb6327ffff", "h3_resolution": 9, "h3_parent_res8": "88415cb633fffff", "centroid_lat": 20.971899092544163, "centroid_lon": 105.88378365831412, "legacy_district": "Hoàng Mai" }, "geometry": { "type": "Polygon", "coordinates": [ [ [ 105.885729594371838, 20.971292102210501 ], [ 105.885267772556347, 20.973147225069642 ], [ 105.883321818548978, 20.973754213475441 ], [ 105.88183769318492, 20.972506064928755 ], [ 105.882299544016618, 20.970650926280715 ], [ 105.884245491196822, 20.970043951967845 ], [ 105.885729594371838, 20.971292102210501 ] ] ] } },
{ "type": "Feature", "properties": { "h3_id": "89415cb632bffff", "h3_resolution": 9, "h3_parent_res8": "88415cb633fffff", "centroid_lat": 20.975643388896597, "centroid_lon": 105.88823600086718, "legacy_district": "Hoàng Mai" }, "geometry": { "type": "Polygon", "coordinates": [ [ [ 105.890181903541873, 20.975036350497529 ], [ 105.889720114931791, 20.976891420193017 ], [ 105.88777419430555, 20.977498456665465 ], [ 105.886290069111297, 20.976250409346324 ], [ 105.886751886741379, 20.97439532385463 ], [ 105.888697800546353, 20.973788301477867 ], [ 105.890181903541873, 20.975036350497529 ] ] ] } },
{ "type": "Feature", "properties": { "h3_id": "89415cb632fffff", "h3_resolution": 9, "h3_parent_res8": "88415cb633fffff", "centroid_lat": 20.975002328282141, "centroid_lon": 105.88480594385844, "legacy_district": "Hoàng Mai" }, "geometry": { "type": "Polygon", "coordinates": [ [ [ 105.886751886741379, 20.97439532385463 ], [ 105.886290069111297, 20.976250409346324 ], [ 105.884344108278015, 20.976857411844065 ], [ 105.882859971901382, 20.975609314757758 ], [ 105.883321818548978, 20.973754213475441 ], [ 105.885267772556347, 20.973147225069642 ], [ 105.886751886741379, 20.97439532385463 ] ] ] } },
{ "type": "Feature", "properties": { "h3_id": "89415cb6333ffff", "h3_resolution": 9, "h3_parent_res8": "88415cb633fffff", "centroid_lat": 20.970078067706574, "centroid_lon": 105.8896213792576, "legacy_district": "Hoàng Mai" }, "geometry": { "type": "Polygon", "coordinates": [ [ [ 105.89156722807796, 20.96947102354159 ], [ 105.891105460114844, 20.971326152167876 ], [ 105.889159593343123, 20.971933194413207 ], [ 105.887675501354281, 20.97068509393042 ], [ 105.888137298337284, 20.968829949505796 ], [ 105.890083158289883, 20.968222921361889 ], [ 105.89156722807796, 20.96947102354159 ] ] ] } },
{ "type": "Feature", "properties": { "h3_id": "89415cb6337ffff", "h3_resolution": 9, "h3_parent_res8": "88415cb633fffff", "centroid_lat": 20.969436959708659, "centroid_lon": 105.88619140930498, "legacy_district": "Hoàng Mai" }, "geometry": { "type": "Polygon", "coordinates": [ [ [ 105.888137298337284, 20.968829949505796 ], [ 105.887675501354281, 20.97068509393042 ], [ 105.885729594371838, 20.971292102210501 ], [ 105.884245491196822, 20.970043951967845 ], [ 105.884707317197226, 20.96818879175046 ], [ 105.886653217355899, 20.967581797568066 ], [ 105.888137298337284, 20.968829949505796 ] ] ] } },
{ "type": "Feature", "properties": { "h3_id": "89415cb633bffff", "h3_resolution": 9, "h3_parent_res8": "88415cb633fffff", "centroid_lat": 20.973181261154497, "centroid_lon": 105.89064368526951, "legacy_district": "Hoàng Mai" }, "geometry": { "type": "Polygon", "coordinates": [ [ [ 105.892589540907053, 20.972574202887177 ], [ 105.892127777131478, 20.974429294151754 ], [ 105.890181903541873, 20.975036350497529 ], [ 105.888697800546353, 20.973788301477867 ], [ 105.889159593343123, 20.971933194413207 ], [ 105.891105460114844, 20.971326152167876 ], [ 105.892589540907053, 20.972574202887177 ] ] ] } },
{ "type": "Feature", "properties": { "h3_id": "89415cb6343ffff", "h3_resolution": 9, "h3_parent_res8": "88415cb635fffff", "centroid_lat": 20.978206793938639, "centroid_lon": 105.90195571464415, "legacy_district": "Hoàng Mai" }, "geometry": { "type": "Polygon", "coordinates": [ [ [ 105.903901456356181, 20.977599619672937 ], [ 105.903439783851084, 20.97945462612779 ], [ 105.901494024182583, 20.980061798479454 ], [ 105.900009943822511, 20.978813950265216 ], [ 105.900471645357598, 20.976958927991827 ], [ 105.902417398223392, 20.976351769750817 ], [ 105.903901456356181, 20.977599619672937 ] ] ] } },
{ "type": "Feature", "properties": { "h3_id": "89415cb6347ffff", "h3_resolution": 9, "h3_parent_res8": "88415cb635fffff", "centroid_lat": 20.977566068293818, "centroid_lon": 105.89852586338547, "legacy_district": "Hoàng Mai" }, "geometry": { "type": "Polygon", "coordinates": [ [ [ 105.900471645357598, 20.976958927991827 ], [ 105.900009943822511, 20.978813950265216 ], [ 105.898064143895141, 20.979421088650021 ], [ 105.896580052310838, 20.978173190654129 ], [ 105.897041782873401, 20.976318152567785 ], [ 105.898987575993416, 20.975711028289894 ], [ 105.900471645357598, 20.976958927991827 ] ] ] } },
{ "type": "Feature", "properties": { "h3_id": "89415cb634bffff", "h3_resolution": 9, "h3_parent_res8": "88415cb635fffff", "centroid_lat": 20.98130961293402, "centroid_lon": 105.90297810446364, "legacy_district": "Hoàng Mai" }, "geometry": { "type": "Polygon", "coordinates": [ [ [ 105.904923852976424, 20.98070242455675 ], [ 105.9044621846637, 20.982557393626379 ], [ 105.902516418193727, 20.983164580087703 ], [ 105.901032326838589, 20.981916783369343 ], [ 105.901494024182583, 20.980061798479454 ], [ 105.903439783851084, 20.97945462612779 ], [ 105.904923852976424, 20.98070242455675 ] ] ] } },
{ "type": "Feature", "properties": { "h3_id": "89415cb634fffff", "h3_resolution": 9, "h3_parent_res8": "88415cb635fffff", "centroid_lat": 20.980668952889268, "centroid_lon": 105.89954823540505, "legacy_district": "Hoàng Mai" }, "geometry": { "type": "Polygon", "coordinates": [ [ [ 105.901494024182583, 20.980061798479454 ], [ 105.901032326838589, 20.981916783369343 ], [ 105.899086520105087, 20.982523935860062 ], [ 105.89760241752235, 20.98127608935458 ], [ 105.898064143895141, 20.979421088650021 ], [ 105.900009943822511, 20.978813950265216 ], [ 105.901494024182583, 20.980061798479454 ] ] ] } },
{ "type": "Feature", "properties": { "h3_id": "89415cb6353ffff", "h3_resolution": 9, "h3_parent_res8": "88415cb635fffff", "centroid_lat": 20.97574459357342, "centroid_lon": 105.90436312197902, "legacy_district": "Hoàng Mai" }, "geometry": { "type": "Polygon", "coordinates": [ [ [ 105.906308816620637, 20.975137399462291 ], [ 105.905847168954793, 20.976992427470766 ], [ 105.903901456356181, 20.977599619672937 ], [ 105.902417398223392, 20.976351769750817 ], [ 105.902879074920406, 20.974496725919938 ], [ 105.904824780719693, 20.973889547833174 ], [ 105.906308816620637, 20.975137399462291 ] ] ] } },
{ "type": "Feature", "properties": { "h3_id": "89415cb6357ffff", "h3_resolution": 9, "h3_parent_res8": "88415cb635fffff", "centroid_lat": 20.975103886073068, "centroid_lon": 105.90093334001038, "legacy_district": "Hoàng Mai" }, "geometry": { "type": "Polygon", "coordinates": [ [ [ 105.902879074920406, 20.974496725919938 ], [ 105.902417398223392, 20.976351769750817 ], [ 105.900471645357598, 20.976958927991827 ], [ 105.898987575993416, 20.975711028289894 ], [ 105.899449281719114, 20.973855968642198 ], [ 105.90139502778095, 20.973248824512851 ], [ 105.902879074920406, 20.974496725919938 ] ] ] } },
{ "type": "Feature", "properties": { "h3_id": "89415cb635bffff", "h3_resolution": 9, "h3_parent_res8": "88415cb635fffff", "centroid_lat": 20.978847435836894, "centroid_lon": 105.90538551440675, "legacy_district": "Hoàng Mai" }, "geometry": { "type": "Polygon", "coordinates": [ [ [ 105.90733121584573, 20.978240227609444 ], [ 105.906869572373111, 20.98009521824018 ], [ 105.904923852976424, 20.98070242455675 ], [ 105.903439783851084, 20.97945462612779 ], [ 105.903901456356181, 20.977599619672937 ], [ 105.905847168954793, 20.976992427470766 ], [ 105.90733121584573, 20.978240227609444 ] ] ] } },
{ "type": "Feature", "properties": { "h3_id": "89415cb6363ffff", "h3_resolution": 9, "h3_parent_res8": "88415cb637fffff", "centroid_lat": 20.979387381539116, "centroid_lon": 105.89268834286942, "legacy_district": "Hoàng Mai" }, "geometry": { "type": "Polygon", "coordinates": [ [ [ 105.894634212137547, 20.978780295070102 ], [ 105.894172456738445, 20.980635311583747 ], [ 105.892226569516808, 20.981242396127364 ], [ 105.890742444510295, 20.979994450058502 ], [ 105.891204228933205, 20.978139417741364 ], [ 105.893150109339444, 20.977532347296169 ], [ 105.894634212137547, 20.978780295070102 ] ] ] } },
{ "type": "Feature", "properties": { "h3_id": "89415cb6367ffff", "h3_resolution": 9, "h3_parent_res8": "88415cb637fffff", "centroid_lat": 20.978746470237031, "centroid_lon": 105.88925831943922, "legacy_district": "Hoàng Mai" }, "geometry": { "type": "Polygon", "coordinates": [ [ [ 105.891204228933205, 20.978139417741364 ], [ 105.890742444510295, 20.979994450058502 ], [ 105.888796517064037, 20.980601500625628 ], [ 105.887312380861346, 20.97935350478053 ], [ 105.88777419430555, 20.977498456665465 ], [ 105.889720114931791, 20.976891420193017 ], [ 105.891204228933205, 20.978139417741364 ] ] ] } },
{ "type": "Feature", "properties": { "h3_id": "89415cb636bffff", "h3_resolution": 9, "h3_parent_res8": "88415cb637fffff", "centroid_lat": 20.982490308441079, "centroid_lon": 105.89371069445677, "legacy_district": "Hoàng Mai" }, "geometry": { "type": "Polygon", "coordinates": [ [ [ 105.895656570538321, 20.981883207872723 ], [ 105.895194819328182, 20.983738186997112 ], [ 105.893248925292426, 20.984345285638152 ], [ 105.891764789281552, 20.983097391056972 ], [ 105.892226569516808, 20.981242396127364 ], [ 105.894172456738445, 20.980635311583747 ], [ 105.895656570538321, 20.981883207872723 ] ] ] } },
{ "type": "Feature", "properties": { "h3_id": "89415cb636fffff", "h3_resolution": 9, "h3_parent_res8": "88415cb637fffff", "centroid_lat": 20.981849462718621, "centroid_lon": 105.89028065320478, "legacy_district": "Hoàng Mai" }, "geometry": { "type": "Polygon", "coordinates": [ [ [ 105.892226569516808, 20.981242396127364 ], [ 105.891764789281552, 20.983097391056972 ], [ 105.889818855016529, 20.983704455717771 ], [ 105.888334707806166, 20.982456511354879 ], [ 105.888796517064037, 20.980601500625628 ], [ 105.890742444510295, 20.979994450058502 ], [ 105.892226569516808, 20.981242396127364 ] ] ] } },
{ "type": "Feature", "properties": { "h3_id": "89415cb6373ffff", "h3_resolution": 9, "h3_parent_res8": "88415cb637fffff", "centroid_lat": 20.976925258904092, "centroid_lon": 105.89509596065412, "legacy_district": "Hoàng Mai" }, "geometry": { "type": "Polygon", "coordinates": [ [ [ 105.897041782873401, 20.976318152567785 ], [ 105.896580052310838, 20.978173190654129 ], [ 105.894634212137547, 20.978780295070102 ], [ 105.893150109339444, 20.977532347296169 ], [ 105.893611868927024, 20.975677293402466 ], [ 105.895557702288315, 20.975070203089651 ], [ 105.897041782873401, 20.976318152567785 ] ] ] } },
{ "type": "Feature", "properties": { "h3_id": "89415cb6377ffff", "h3_resolution": 9, "h3_parent_res8": "88415cb637fffff", "centroid_lat": 20.976284365771136, "centroid_lon": 105.89166600647356, "legacy_district": "Hoàng Mai" }, "geometry": { "type": "Polygon", "coordinates": [ [ [ 105.893611868927024, 20.975677293402466 ], [ 105.893150109339444, 20.977532347296169 ], [ 105.891204228933205, 20.978139417741364 ], [ 105.889720114931791, 20.976891420193017 ], [ 105.890181903541873, 20.975036350497529 ], [ 105.892127777131478, 20.974429294151754 ], [ 105.893611868927024, 20.975677293402466 ] ] ] } },
{ "type": "Feature", "properties": { "h3_id": "89415cb637bffff", "h3_resolution": 9, "h3_parent_res8": "88415cb637fffff", "centroid_lat": 20.980028209090413, "centroid_lon": 105.89611831486584, "legacy_district": "Hoàng Mai" }, "geometry": { "type": "Polygon", "coordinates": [ [ [ 105.898064143895141, 20.979421088650021 ], [ 105.89760241752235, 20.98127608935458 ], [ 105.895656570538321, 20.981883207872723 ], [ 105.894172456738445, 20.980635311583747 ], [ 105.894634212137547, 20.978780295070102 ], [ 105.896580052310838, 20.978173190654129 ], [ 105.898064143895141, 20.979421088650021 ] ] ] } },
{ "type": "Feature", "properties": { "h3_id": "89415cb6387ffff", "h3_resolution": 9, "h3_parent_res8": "88415cb639fffff", "centroid_lat": 20.962691366256234, "centroid_lon": 105.89684399333866, "legacy_district": "Hoàng Mai" }, "geometry": { "type": "Polygon", "coordinates": [ [ [ 105.898789701028178, 20.962084262563458 ], [ 105.898328007568196, 20.963939455806599 ], [ 105.896382281925781, 20.964546557594936 ], [ 105.894898256552949, 20.963298452024034 ], [ 105.8953599790364, 20.961443242970962 ], [ 105.897305697869854, 20.96083615529831 ], [ 105.898789701028178, 20.962084262563458 ] ] ] } },
{ "type": "Feature", "properties": { "h3_id": "89415cb638fffff", "h3_resolution": 9, "h3_parent_res8": "88415cb639fffff", "centroid_lat": 20.965794629428881, "centroid_lon": 105.89786630722645, "legacy_district": "Hoàng Mai" }, "geometry": { "type": "Polygon", "coordinates": [ [ [ 105.89981202172298, 20.965187511619508 ], [ 105.899350332453039, 20.967042667523366 ], [ 105.897404600002886, 20.967649783426378 ], [ 105.895920563631066, 20.966401729310448 ], [ 105.896382281925781, 20.964546557594936 ], [ 105.898328007568196, 20.963939455806599 ], [ 105.89981202172298, 20.965187511619508 ] ] ] } },
{ "type": "Feature", "properties": { "h3_id": "89415cb63a3ffff", "h3_resolution": 9, "h3_parent_res8": "88415cb63bfffff", "centroid_lat": 20.964512569774165, "centroid_lon": 105.89100669570821, "legacy_district": "Hoàng Mai" }, "geometry": { "type": "Polygon", "coordinates": [ [ [ 105.892952490674858, 20.963905519864234 ], [ 105.892490743357868, 20.965760707385844 ], [ 105.890544930440058, 20.966367755383111 ], [ 105.889060871656881, 20.965119601751191 ], [ 105.889522647993644, 20.963264398429086 ], [ 105.891468454094451, 20.962657364539005 ], [ 105.892952490674858, 20.963905519864234 ] ] ] } },
{ "type": "Feature", "properties": { "h3_id": "89415cb63a7ffff", "h3_resolution": 9, "h3_parent_res8": "88415cb63bfffff", "centroid_lat": 20.963871414386364, "centroid_lon": 105.88757681281139, "legacy_district": "Hoàng Mai" }, "geometry": { "type": "Polygon", "coordinates": [ [ [ 105.889522647993644, 20.963264398429086 ], [ 105.889060871656881, 20.965119601751191 ], [ 105.887115018524668, 20.965726615792654 ], [ 105.885630948551537, 20.964478412408177 ], [ 105.886092753905587, 20.962623193291169 ], [ 105.888038600216163, 20.96201619335314 ], [ 105.889522647993644, 20.963264398429086 ] ] ] } },
{ "type": "Feature", "properties": { "h3_id": "89415cb63abffff", "h3_resolution": 9, "h3_parent_res8": "88415cb63bfffff", "centroid_lat": 20.967615875279609, "centroid_lon": 105.89202898915893, "legacy_district": "Hoàng Mai" }, "geometry": { "type": "Polygon", "coordinates": [ [ [ 105.893974790940604, 20.967008811261568 ], [ 105.89351304781151, 20.968863961438139 ], [ 105.89156722807796, 20.96947102354159 ], [ 105.890083158289883, 20.968222921361889 ], [ 105.890544930440058, 20.966367755383111 ], [ 105.892490743357868, 20.965760707385844 ], [ 105.893974790940604, 20.967008811261568 ] ] ] } },
{ "type": "Feature", "properties": { "h3_id": "89415cb63afffff", "h3_resolution": 9, "h3_parent_res8": "88415cb63bfffff", "centroid_lat": 20.966974785444737, "centroid_lon": 105.88859908843811, "legacy_district": "Hoàng Mai" }, "geometry": { "type": "Polygon", "coordinates": [ [ [ 105.890544930440058, 20.966367755383111 ], [ 105.890083158289883, 20.968222921361889 ], [ 105.888137298337284, 20.968829949505796 ], [ 105.886653217355899, 20.967581797568066 ], [ 105.887115018524668, 20.965726615792654 ], [ 105.889060871656881, 20.965119601751191 ], [ 105.890544930440058, 20.966367755383111 ] ] ] } },
{ "type": "Feature", "properties": { "h3_id": "89415cb63b3ffff", "h3_resolution": 9, "h3_parent_res8": "88415cb63bfffff", "centroid_lat": 20.962050312718748, "centroid_lon": 105.89341423110999, "legacy_district": "Hoàng Mai" }, "geometry": { "type": "Polygon", "coordinates": [ [ [ 105.8953599790364, 20.961443242970962 ], [ 105.894898256552949, 20.963298452024034 ], [ 105.892952490674858, 20.963905519864234 ], [ 105.891468454094451, 20.962657364539005 ], [ 105.891930205598882, 20.960802139681562 ], [ 105.89387596466338, 20.960195085953302 ], [ 105.8953599790364, 20.961443242970962 ] ] ] } },
{ "type": "Feature", "properties": { "h3_id": "89415cb63b7ffff", "h3_resolution": 9, "h3_parent_res8": "88415cb63bfffff", "centroid_lat": 20.961409175482391, "centroid_lon": 105.88998441744853, "legacy_district": "Hoàng Mai" }, "geometry": { "type": "Polygon", "coordinates": [ [ [ 105.891930205598882, 20.960802139681562 ], [ 105.891468454094451, 20.962657364539005 ], [ 105.889522647993644, 20.963264398429086 ], [ 105.888038600216163, 20.96201619335314 ], [ 105.88850038073906, 20.960160952696921 ], [ 105.890446180021627, 20.959553932915021 ], [ 105.891930205598882, 20.960802139681562 ] ] ] } },
{ "type": "Feature", "properties": { "h3_id": "89415cb63bbffff", "h3_resolution": 9, "h3_parent_res8": "88415cb63bfffff", "centroid_lat": 20.965153641455558, "centroid_lon": 105.89443652718771, "legacy_district": "Hoàng Mai" }, "geometry": { "type": "Polygon", "coordinates": [ [ [ 105.896382281925781, 20.964546557594936 ], [ 105.895920563631066, 20.966401729310448 ], [ 105.893974790940604, 20.967008811261568 ], [ 105.892490743357868, 20.965760707385844 ], [ 105.892952490674858, 20.963905519864234 ], [ 105.894898256552949, 20.963298452024034 ], [ 105.896382281925781, 20.964546557594936 ] ] ] } },
{ "type": "Feature", "properties": { "h3_id": "89415cb63c7ffff", "h3_resolution": 9, "h3_parent_res8": "88415cb63dfffff", "centroid_lat": 20.969538642483826, "centroid_lon": 105.90231838267584, "legacy_district": "Hoàng Mai" }, "geometry": { "type": "Polygon", "coordinates": [ [ [ 105.904264063718998, 20.968931476608343 ], [ 105.90380240766811, 20.970786579344765 ], [ 105.901856708669399, 20.971393743315122 ], [ 105.900372672524043, 20.970145790431232 ], [ 105.9008343576035, 20.968290671875852 ], [ 105.902780049800384, 20.967683522022913 ], [ 105.904264063718998, 20.968931476608343 ] ] ] } },
{ "type": "Feature", "properties": { "h3_id": "89415cb63cfffff", "h3_resolution": 9, "h3_parent_res8": "88415cb63dfffff", "centroid_lat": 20.972641662449945, "centroid_lon": 105.90334074473529, "legacy_district": "Hoàng Mai" }, "geometry": { "type": "Polygon", "coordinates": [ [ [ 105.905286432578293, 20.972034482456127 ], [ 105.904824780719693, 20.973889547833174 ], [ 105.902879074920406, 20.974496725919938 ], [ 105.90139502778095, 20.973248824512851 ], [ 105.901856708669399, 20.971393743315122 ], [ 105.90380240766811, 20.970786579344765 ], [ 105.905286432578293, 20.972034482456127 ] ] ] } },
{ "type": "Feature", "properties": { "h3_id": "89415cb6803ffff", "h3_resolution": 9, "h3_parent_res8": "88415cb681fffff", "centroid_lat": 20.962379246482257, "centroid_lon": 105.84845835347831, "legacy_district": "Hoàng Mai" }, "geometry": { "type": "Polygon", "coordinates": [ [ [ 105.850404683986255, 20.961772609991517 ], [ 105.849942567948986, 20.963627927829336 ], [ 105.847996219504438, 20.964234562362623 ], [ 105.846511993972612, 20.962985865001261 ], [ 105.846974138999826, 20.961130531432136 ], [ 105.848920480569561, 20.960523910955267 ], [ 105.850404683986255, 20.961772609991517 ] ] ] } },
{ "type": "Feature", "properties": { "h3_id": "89415cb6807ffff", "h3_resolution": 9, "h3_parent_res8": "88415cb681fffff", "centroid_lat": 20.961737133937355, "centroid_lon": 105.84502776843557, "legacy_district": "Hoàng Mai" }, "geometry": { "type": "Polygon", "coordinates": [ [ [ 105.846974138999826, 20.961130531432136 ], [ 105.846511993972612, 20.962985865001261 ], [ 105.84456560547298, 20.963592465545879 ], [ 105.843081368880661, 20.962343718468283 ], [ 105.843543542895318, 20.960488369173444 ], [ 105.845489924515491, 20.959881782681496 ], [ 105.846974138999826, 20.961130531432136 ] ] ] } },
{ "type": "Feature", "properties": { "h3_id": "89415cb680bffff", "h3_resolution": 9, "h3_parent_res8": "88415cb681fffff", "centroid_lat": 20.965483226018915, "centroid_lon": 105.84948044502904, "legacy_district": "Hoàng Mai" }, "geometry": { "type": "Polygon", "coordinates": [ [ [ 105.851426782409831, 20.964876575470818 ], [ 105.850964670544457, 20.966731855967602 ], [ 105.849018315226331, 20.967338504556331 ], [ 105.847534078647797, 20.966089858592436 ], [ 105.847996219504438, 20.964234562362623 ], [ 105.849942567948986, 20.963627927829336 ], [ 105.851426782409831, 20.964876575470818 ] ] ] } },
{ "type": "Feature", "properties": { "h3_id": "89415cb680fffff", "h3_resolution": 9, "h3_parent_res8": "88415cb681fffff", "centroid_lat": 20.964841178921443, "centroid_lon": 105.84604984206268, "legacy_district": "Hoàng Mai" }, "geometry": { "type": "Polygon", "coordinates": [ [ [ 105.847996219504438, 20.964234562362623 ], [ 105.847534078647797, 20.966089858592436 ], [ 105.845587683269954, 20.966696473188737 ], [ 105.844103435627588, 20.965447777503137 ], [ 105.84456560547298, 20.963592465545879 ], [ 105.846511993972612, 20.962985865001261 ], [ 105.847996219504438, 20.964234562362623 ] ] ] } },
{ "type": "Feature", "properties": { "h3_id": "89415cb6813ffff", "h3_resolution": 9, "h3_parent_res8": "88415cb681fffff", "centroid_lat": 20.959917272509404, "centroid_lon": 105.85086679314094, "legacy_district": "Hoàng Mai" }, "geometry": { "type": "Polygon", "coordinates": [ [ [ 105.852813076710106, 20.959310616097191 ], [ 105.852350985492563, 20.961165955531676 ], [ 105.850404683986255, 20.961772609991517 ], [ 105.848920480569561, 20.960523910955267 ], [ 105.849382600778242, 20.958668555785611 ], [ 105.851328895413133, 20.958061915386956 ], [ 105.852813076710106, 20.959310616097191 ] ] ] } },
{ "type": "Feature", "properties": { "h3_id": "89415cb6817ffff", "h3_resolution": 9, "h3_parent_res8": "88415cb681fffff", "centroid_lat": 20.959275178218007, "centroid_lon": 105.84743627714442, "legacy_district": "Hoàng Mai" }, "geometry": { "type": "Polygon", "coordinates": [ [ [ 105.849382600778242, 20.958668555785611 ], [ 105.848920480569561, 20.960523910955267 ], [ 105.846974138999826, 20.961130531432136 ], [ 105.845489924515491, 20.959881782681496 ], [ 105.845952073712809, 20.958026411782253 ], [ 105.847898408406465, 20.957419805362818 ], [ 105.849382600778242, 20.958668555785611 ] ] ] } },
{ "type": "Feature", "properties": { "h3_id": "89415cb681bffff", "h3_resolution": 9, "h3_parent_res8": "88415cb681fffff", "centroid_lat": 20.963021275324202, "centroid_lon": 105.85188888739251, "legacy_district": "Hoàng Mai" }, "geometry": { "type": "Polygon", "coordinates": [ [ [ 105.853835177831144, 20.962414604849879 ], [ 105.853373090786334, 20.964269906950801 ], [ 105.851426782409831, 20.964876575470818 ], [ 105.849942567948986, 20.963627927829336 ], [ 105.850404683986255, 20.961772609991517 ], [ 105.852350985492563, 20.961165955531676 ], [ 105.853835177831144, 20.962414604849879 ] ] ] } },
{ "type": "Feature", "properties": { "h3_id": "89415cb6823ffff", "h3_resolution": 9, "h3_parent_res8": "88415cb683fffff", "centroid_lat": 20.963556833596716, "centroid_lon": 105.83918848281418, "legacy_district": "Hoàng Mai" }, "geometry": { "type": "Polygon", "coordinates": [ [ [ 105.841134940338904, 20.962950285022288 ], [ 105.840672741507277, 20.964805612701404 ], [ 105.838726266048909, 20.965412159307011 ], [ 105.837241996310325, 20.964163364188927 ], [ 105.837704224125687, 20.962308020793554 ], [ 105.839650692696566, 20.961701488232112 ], [ 105.841134940338904, 20.962950285022288 ] ] ] } },
{ "type": "Feature", "properties": { "h3_id": "89415cb6827ffff", "h3_resolution": 9, "h3_parent_res8": "88415cb683fffff", "centroid_lat": 20.962914535372875, "centroid_lon": 105.83575772657895, "legacy_district": "Hoàng Mai" }, "geometry": { "type": "Polygon", "coordinates": [ [ [ 105.837704224125687, 20.962308020793554 ], [ 105.837241996310325, 20.964163364188927 ], [ 105.835295480831164, 20.964769876796279 ], [ 105.833811200060168, 20.963521031967435 ], [ 105.834273456856792, 20.961665672861386 ], [ 105.836219965443817, 20.961059174294448 ], [ 105.837704224125687, 20.962308020793554 ] ] ] } },
{ "type": "Feature", "properties": { "h3_id": "89415cb682bffff", "h3_resolution": 9, "h3_parent_res8": "88415cb683fffff", "centroid_lat": 20.966660920724578, "centroid_lon": 105.84021053579272, "legacy_district": "Hoàng Mai" }, "geometry": { "type": "Polygon", "coordinates": [ [ [ 105.842157000202988, 20.966054358105069 ], [ 105.841694805539817, 20.967909648439111 ], [ 105.839748323195195, 20.968516209087895 ], [ 105.838264042400681, 20.967267465359051 ], [ 105.838726266048909, 20.965412159307011 ], [ 105.840672741507277, 20.964805612701404 ], [ 105.842157000202988, 20.966054358105069 ] ] ] } },
{ "type": "Feature", "properties": { "h3_id": "89415cb682fffff", "h3_resolution": 9, "h3_parent_res8": "88415cb683fffff", "centroid_lat": 20.966018687927665, "centroid_lon": 105.83677976161199, "legacy_district": "Hoàng Mai" }, "geometry": { "type": "Polygon", "coordinates": [ [ [ 105.838726266048909, 20.965412159307011 ], [ 105.838264042400681, 20.967267465359051 ], [ 105.836317520030619, 20.967873992005817 ], [ 105.834833228200381, 20.96662519856072 ], [ 105.835295480831164, 20.964769876796279 ], [ 105.837241996310325, 20.964163364188927 ], [ 105.838726266048909, 20.965412159307011 ] ] ] } },
{ "type": "Feature", "properties": { "h3_id": "89415cb6833ffff", "h3_resolution": 9, "h3_parent_res8": "88415cb683fffff", "centroid_lat": 20.961094937691193, "centroid_lon": 105.84159713228772, "legacy_district": "Hoàng Mai" }, "geometry": { "type": "Polygon", "coordinates": [ [ [ 105.843543542895318, 20.960488369173444 ], [ 105.843081368880661, 20.962343718468283 ], [ 105.841134940338904, 20.962950285022288 ], [ 105.839650692696566, 20.961701488232112 ], [ 105.84011289569618, 20.959846123217147 ], [ 105.842059317353801, 20.959239570712061 ], [ 105.843543542895318, 20.960488369173444 ] ] ] } },
{ "type": "Feature", "properties": { "h3_id": "89415cb6837ffff", "h3_resolution": 9, "h3_parent_res8": "88415cb683fffff", "centroid_lat": 20.960452657745485, "centroid_lon": 105.83816644505822, "legacy_district": "Hoàng Mai" }, "geometry": { "type": "Polygon", "coordinates": [ [ [ 105.84011289569618, 20.959846123217147 ], [ 105.839650692696566, 20.961701488232112 ], [ 105.837704224125687, 20.962308020793554 ], [ 105.836219965443817, 20.961059174294448 ], [ 105.836682197425844, 20.959203793564935 ], [ 105.838628659107982, 20.95859727504866 ], [ 105.84011289569618, 20.959846123217147 ] ] ] } },
{ "type": "Feature", "properties": { "h3_id": "89415cb683bffff", "h3_resolution": 9, "h3_parent_res8": "88415cb683fffff", "centroid_lat": 20.964199048113478, "centroid_lon": 105.84261918798326, "legacy_district": "Hoàng Mai" }, "geometry": { "type": "Polygon", "coordinates": [ [ [ 105.84456560547298, 20.963592465545879 ], [ 105.844103435627588, 20.965447777503137 ], [ 105.842157000202988, 20.966054358105069 ], [ 105.840672741507277, 20.964805612701404 ], [ 105.841134940338904, 20.962950285022288 ], [ 105.843081368880661, 20.962343718468283 ], [ 105.84456560547298, 20.963592465545879 ] ] ] } },
{ "type": "Feature", "properties": { "h3_id": "89415cb6843ffff", "h3_resolution": 9, "h3_parent_res8": "88415cb685fffff", "centroid_lat": 20.969229014732004, "centroid_lon": 105.8539331215397, "legacy_district": "Hoàng Mai" }, "geometry": { "type": "Polygon", "coordinates": [ [ [ 105.855879425713525, 20.968622316136479 ], [ 105.855417347015546, 20.970477543542675 ], [ 105.853471024902461, 20.97108424018008 ], [ 105.851986788355646, 20.969835695352685 ], [ 105.852448896048671, 20.967980452206138 ], [ 105.854395211294104, 20.967373769626924 ], [ 105.855879425713525, 20.968622316136479 ] ] ] } },
{ "type": "Feature", "properties": { "h3_id": "89415cb6847ffff", "h3_resolution": 9, "h3_parent_res8": "88415cb685fffff", "centroid_lat": 20.968587116810596, "centroid_lon": 105.85050255179627, "legacy_district": "Hoàng Mai" }, "geometry": { "type": "Polygon", "coordinates": [ [ [ 105.852448896048671, 20.967980452206138 ], [ 105.851986788355646, 20.969835695352685 ], [ 105.850040426165208, 20.97044235799585 ], [ 105.848556178540747, 20.96919376343763 ], [ 105.849018315226331, 20.967338504556331 ], [ 105.850964670544457, 20.966731855967602 ], [ 105.852448896048671, 20.967980452206138 ] ] ] } },
{ "type": "Feature", "properties": { "h3_id": "89415cb684bffff", "h3_resolution": 9, "h3_parent_res8": "88415cb685fffff", "centroid_lat": 20.972332751290249, "centroid_lon": 105.85495526143471, "legacy_district": "Hoàng Mai" }, "geometry": { "type": "Polygon", "coordinates": [ [ [ 105.856901572474243, 20.971726038635609 ], [ 105.856439497950404, 20.973581228680651 ], [ 105.854493168970876, 20.974187939375255 ], [ 105.853008921382255, 20.972939445967203 ], [ 105.853471024902461, 20.97108424018008 ], [ 105.855417347015546, 20.970477543542675 ], [ 105.856901572474243, 20.971726038635609 ] ] ] } },
{ "type": "Feature", "properties": { "h3_id": "89415cb684fffff", "h3_resolution": 9, "h3_parent_res8": "88415cb685fffff", "centroid_lat": 20.971690918839883, "centroid_lon": 105.85152467377969, "legacy_district": "Hoàng Mai" }, "geometry": { "type": "Polygon", "coordinates": [ [ [ 105.853471024902461, 20.97108424018008 ], [ 105.853008921382255, 20.972939445967203 ], [ 105.851062552320727, 20.973546122663809 ], [ 105.849578293651135, 20.972297579519456 ], [ 105.850040426165208, 20.97044235799585 ], [ 105.851986788355646, 20.969835695352685 ], [ 105.853471024902461, 20.97108424018008 ] ] ] } },
{ "type": "Feature", "properties": { "h3_id": "89415cb6853ffff", "h3_resolution": 9, "h3_parent_res8": "88415cb685fffff", "centroid_lat": 20.966767069075598, "centroid_lon": 105.8563414975287, "legacy_district": "Hoàng Mai" }, "geometry": { "type": "Polygon", "coordinates": [ [ [ 105.858287754748645, 20.966160350554787 ], [ 105.857825700873263, 20.96801559956873 ], [ 105.855879425713525, 20.968622316136479 ], [ 105.854395211294104, 20.967373769626924 ], [ 105.854857294165726, 20.965518504868776 ], [ 105.856803562461167, 20.964911802363968 ], [ 105.858287754748645, 20.966160350554787 ] ] ] } },
{ "type": "Feature", "properties": { "h3_id": "89415cb6857ffff", "h3_resolution": 9, "h3_parent_res8": "88415cb685fffff", "centroid_lat": 20.966125189404195, "centroid_lon": 105.85291099685887, "legacy_district": "Hoàng Mai" }, "geometry": { "type": "Polygon", "coordinates": [ [ [ 105.854857294165726, 20.965518504868776 ], [ 105.854395211294104, 20.967373769626924 ], [ 105.852448896048671, 20.967980452206138 ], [ 105.850964670544457, 20.966731855967602 ], [ 105.851426782409831, 20.964876575470818 ], [ 105.853373090786334, 20.964269906950801 ], [ 105.854857294165726, 20.965518504868776 ] ] ] } },
{ "type": "Feature", "properties": { "h3_id": "89415cb685bffff", "h3_resolution": 9, "h3_parent_res8": "88415cb685fffff", "centroid_lat": 20.969870828930322, "centroid_lon": 105.85736364011517, "legacy_district": "Hoàng Mai" }, "geometry": { "type": "Polygon", "coordinates": [ [ [ 105.859309904197431, 20.969264096345647 ], [ 105.858847854497014, 20.97111930800591 ], [ 105.856901572474243, 20.971726038635609 ], [ 105.855417347015546, 20.970477543542675 ], [ 105.855879425713525, 20.968622316136479 ], [ 105.857825700873263, 20.96801559956873 ], [ 105.859309904197431, 20.969264096345647 ] ] ] } },
{ "type": "Feature", "properties": { "h3_id": "89415cb6863ffff", "h3_resolution": 9, "h3_parent_res8": "88415cb687fffff", "centroid_lat": 20.97040700274891, "centroid_lon": 105.84466334503568, "legacy_district": "Hoàng Mai" }, "geometry": { "type": "Polygon", "coordinates": [ [ [ 105.846609776285945, 20.969800392084615 ], [ 105.846147614780506, 20.9716556293391 ], [ 105.844201165593958, 20.972262238033895 ], [ 105.84271688479383, 20.971013595427845 ], [ 105.84317907528812, 20.969158342448065 ], [ 105.845125517594312, 20.968551747799204 ], [ 105.846609776285945, 20.969800392084615 ] ] ] } },
{ "type": "Feature", "properties": { "h3_id": "89415cb6867ffff", "h3_resolution": 9, "h3_parent_res8": "88415cb687fffff", "centroid_lat": 20.969764919111679, "centroid_lon": 105.84123260399357, "legacy_district": "Hoàng Mai" }, "geometry": { "type": "Polygon", "coordinates": [ [ [ 105.84317907528812, 20.969158342448065 ], [ 105.84271688479383, 20.971013595427845 ], [ 105.840770395564221, 20.971620170118818 ], [ 105.839286103714556, 20.970371477787399 ], [ 105.839748323195195, 20.968516209087895 ], [ 105.841694805539817, 20.967909648439111 ], [ 105.84317907528812, 20.969158342448065 ] ] ] } },
{ "type": "Feature", "properties": { "h3_id": "89415cb686bffff", "h3_resolution": 9, "h3_parent_res8": "88415cb687fffff", "centroid_lat": 20.973510846927269, "centroid_lon": 105.84568544639197, "legacy_district": "Hoàng Mai" }, "geometry": { "type": "Polygon", "coordinates": [ [ [ 105.847631884520624, 20.97290422221613 ], [ 105.847169727185872, 20.974759422105436 ], [ 105.845223271120204, 20.975366044845167 ], [ 105.843738979269048, 20.97411745365023 ], [ 105.844201165593958, 20.972262238033895 ], [ 105.846147614780506, 20.9716556293391 ], [ 105.847631884520624, 20.97290422221613 ] ] ] } },
{ "type": "Feature", "properties": { "h3_id": "89415cb686fffff", "h3_resolution": 9, "h3_parent_res8": "88415cb687fffff", "centroid_lat": 20.972868828740605, "centroid_lon": 105.8422546874164, "legacy_district": "Hoàng Mai" }, "geometry": { "type": "Polygon", "coordinates": [ [ [ 105.844201165593958, 20.972262238033895 ], [ 105.843738979269048, 20.97411745365023 ], [ 105.8417924831557, 20.97472404238238 ], [ 105.840308180251654, 20.973475401456586 ], [ 105.840770395564221, 20.971620170118818 ], [ 105.84271688479383, 20.971013595427845 ], [ 105.844201165593958, 20.972262238033895 ] ] ] } },
{ "type": "Feature", "properties": { "h3_id": "89415cb6873ffff", "h3_resolution": 9, "h3_parent_res8": "88415cb687fffff", "centroid_lat": 20.967945135167746, "centroid_lon": 105.84707193090833, "legacy_district": "Hoàng Mai" }, "geometry": { "type": "Polygon", "coordinates": [ [ [ 105.849018315226331, 20.967338504556331 ], [ 105.848556178540747, 20.96919376343763 ], [ 105.846609776285945, 20.969800392084615 ], [ 105.845125517594312, 20.968551747799204 ], [ 105.845587683269954, 20.966696473188737 ], [ 105.847534078647797, 20.966089858592436 ], [ 105.849018315226331, 20.967338504556331 ] ] ] } },
{ "type": "Feature", "properties": { "h3_id": "89415cb6877ffff", "h3_resolution": 9, "h3_parent_res8": "88415cb687fffff", "centroid_lat": 20.967303069805176, "centroid_lon": 105.84364125889934, "legacy_district": "Hoàng Mai" }, "geometry": { "type": "Polygon", "coordinates": [ [ [ 105.845587683269954, 20.966696473188737 ], [ 105.845125517594312, 20.968551747799204 ], [ 105.84317907528812, 20.969158342448065 ], [ 105.841694805539817, 20.967909648439111 ], [ 105.842157000202988, 20.966054358105069 ], [ 105.844103435627588, 20.965447777503137 ], [ 105.845587683269954, 20.966696473188737 ] ] ] } },
{ "type": "Feature", "properties": { "h3_id": "89415cb687bffff", "h3_resolution": 9, "h3_parent_res8": "88415cb687fffff", "centroid_lat": 20.971049002658877, "centroid_lon": 105.84809403497221, "legacy_district": "Hoàng Mai" }, "geometry": { "type": "Polygon", "coordinates": [ [ [ 105.850040426165208, 20.97044235799585 ], [ 105.849578293651135, 20.972297579519456 ], [ 105.847631884520624, 20.97290422221613 ], [ 105.846147614780506, 20.9716556293391 ], [ 105.846609776285945, 20.969800392084615 ], [ 105.848556178540747, 20.96919376343763 ], [ 105.850040426165208, 20.97044235799585 ] ] ] } },
{ "type": "Feature", "properties": { "h3_id": "89415cb6887ffff", "h3_resolution": 9, "h3_parent_res8": "88415cb689fffff", "centroid_lat": 20.953709000745043, "centroid_lon": 105.84882265028338, "legacy_district": "Hoàng Mai" }, "geometry": { "type": "Polygon", "coordinates": [ [ [ 105.850768920109871, 20.95310237246002 ], [ 105.850306820548298, 20.954957786534045 ], [ 105.848360532786103, 20.955564412870523 ], [ 105.84687635146004, 20.954315611069376 ], [ 105.847338480010137, 20.952460181263636 ], [ 105.849284760898414, 20.951853568990337 ], [ 105.850768920109871, 20.95310237246002 ] ] ] } },
{ "type": "Feature", "properties": { "h3_id": "89415cb688bffff", "h3_resolution": 9, "h3_parent_res8": "88415cb689fffff", "centroid_lat": 20.95745525702468, "centroid_lon": 105.85327516104522, "legacy_district": "Hoàng Mai" }, "geometry": { "type": "Polygon", "coordinates": [ [ [ 105.855221397670675, 20.956848580701443 ], [ 105.854759331273243, 20.958703941721261 ], [ 105.852813076710106, 20.959310616097191 ], [ 105.851328895413133, 20.958061915386956 ], [ 105.851790990802911, 20.956206538628109 ], [ 105.853737238497985, 20.955599878318111 ], [ 105.855221397670675, 20.956848580701443 ] ] ] } },
{ "type": "Feature", "properties": { "h3_id": "89415cb688fffff", "h3_resolution": 9, "h3_parent_res8": "88415cb689fffff", "centroid_lat": 20.956813180977221, "centroid_lon": 105.84984471410445, "legacy_district": "Hoàng Mai" }, "geometry": { "type": "Polygon", "coordinates": [ [ [ 105.851790990802911, 20.956206538628109 ], [ 105.851328895413133, 20.958061915386956 ], [ 105.849382600778242, 20.958668555785611 ], [ 105.847898408406465, 20.957419805362818 ], [ 105.848360532786103, 20.955564412870523 ], [ 105.850306820548298, 20.954957786534045 ], [ 105.851790990802911, 20.956206538628109 ] ] ] } },
{ "type": "Feature", "properties": { "h3_id": "89415cb68abffff", "h3_resolution": 9, "h3_parent_res8": "88415cb68bfffff", "centroid_lat": 20.958633000232883, "centroid_lon": 105.8440057100273, "legacy_district": "Hoàng Mai" }, "geometry": { "type": "Polygon", "coordinates": [ [ [ 105.845952073712809, 20.958026411782253 ], [ 105.845489924515491, 20.959881782681496 ], [ 105.843543542895318, 20.960488369173444 ], [ 105.842059317353801, 20.959239570712061 ], [ 105.84252149553727, 20.957384184088827 ], [ 105.844467870276745, 20.956777611650548 ], [ 105.845952073712809, 20.958026411782253 ] ] ] } },
{ "type": "Feature", "properties": { "h3_id": "89415cb68afffff", "h3_resolution": 9, "h3_parent_res8": "88415cb68bfffff", "centroid_lat": 20.95799073855574, "centroid_lon": 105.84057509181307, "legacy_district": "Hoàng Mai" }, "geometry": { "type": "Polygon", "coordinates": [ [ [ 105.84252149553727, 20.957384184088827 ], [ 105.842059317353801, 20.959239570712061 ], [ 105.84011289569618, 20.959846123217147 ], [ 105.838628659107982, 20.95859727504866 ], [ 105.839090866275072, 20.956741872707017 ], [ 105.841037281047377, 20.956135334251851 ], [ 105.84252149553727, 20.957384184088827 ] ] ] } },
{ "type": "Feature", "properties": { "h3_id": "89415cb68b3ffff", "h3_resolution": 9, "h3_parent_res8": "88415cb68bfffff", "centroid_lat": 20.953066775576342, "centroid_lon": 105.84539217012826, "legacy_district": "Hoàng Mai" }, "geometry": { "type": "Polygon", "coordinates": [ [ [ 105.847338480010137, 20.952460181263636 ], [ 105.84687635146004, 20.954315611069376 ], [ 105.844930023643698, 20.954922203430389 ], [ 105.843445831256673, 20.953673351925822 ], [ 105.843907988792793, 20.951817906393938 ], [ 105.845854309730569, 20.951211328092352 ], [ 105.847338480010137, 20.952460181263636 ] ] ] } },
{ "type": "Feature", "properties": { "h3_id": "89415cb68bbffff", "h3_resolution": 9, "h3_parent_res8": "88415cb68bfffff", "centroid_lat": 20.95617102124357, "centroid_lon": 105.84641421602763, "legacy_district": "Hoàng Mai" }, "geometry": { "type": "Polygon", "coordinates": [ [ [ 105.848360532786103, 20.955564412870523 ], [ 105.847898408406465, 20.957419805362818 ], [ 105.845952073712809, 20.958026411782253 ], [ 105.844467870276745, 20.956777611650548 ], [ 105.844930023643698, 20.954922203430389 ], [ 105.84687635146004, 20.954315611069376 ], [ 105.848360532786103, 20.955564412870523 ] ] ] } },
{ "type": "Feature", "properties": { "h3_id": "89415cb68c3ffff", "h3_resolution": 9, "h3_parent_res8": "88415cb68dfffff", "centroid_lat": 20.961201210004234, "centroid_lon": 105.8577276716784, "legacy_district": "Hoàng Mai" }, "geometry": { "type": "Polygon", "coordinates": [ [ [ 105.859673875079352, 20.960594485638214 ], [ 105.859211841851589, 20.962449793585591 ], [ 105.857265620511043, 20.963056516005537 ], [ 105.855781439261051, 20.961807916409011 ], [ 105.856243501484968, 20.959952592715286 ], [ 105.858189715963348, 20.959345884364026 ], [ 105.859673875079352, 20.960594485638214 ] ] ] } },
{ "type": "Feature", "properties": { "h3_id": "89415cb68c7ffff", "h3_resolution": 9, "h3_parent_res8": "88415cb68dfffff", "centroid_lat": 20.96055928310539, "centroid_lon": 105.85429725799341, "legacy_district": "Hoàng Mai" }, "geometry": { "type": "Polygon", "coordinates": [ [ [ 105.856243501484968, 20.959952592715286 ], [ 105.855781439261051, 20.961807916409011 ], [ 105.853835177831144, 20.962414604849879 ], [ 105.852350985492563, 20.961165955531676 ], [ 105.852813076710106, 20.959310616097191 ], [ 105.854759331273243, 20.958703941721261 ], [ 105.856243501484968, 20.959952592715286 ] ] ] } },
{ "type": "Feature", "properties": { "h3_id": "89415cb68cbffff", "h3_resolution": 9, "h3_parent_res8": "88415cb68dfffff", "centroid_lat": 20.964305081892423, "centroid_lon": 105.85874980174138, "legacy_district": "Hoàng Mai" }, "geometry": { "type": "Polygon", "coordinates": [ [ [ 105.860696012002521, 20.963698343456784 ], [ 105.860233982950092, 20.965553614067144 ], [ 105.858287754748645, 20.966160350554787 ], [ 105.856803562461167, 20.964911802363968 ], [ 105.857265620511043, 20.963056516005537 ], [ 105.859211841851589, 20.962449793585591 ], [ 105.860696012002521, 20.963698343456784 ] ] ] } },
{ "type": "Feature", "properties": { "h3_id": "89415cb68cfffff", "h3_resolution": 9, "h3_parent_res8": "88415cb68dfffff", "centroid_lat": 20.963663220461481, "centroid_lon": 105.85531937015467, "legacy_district": "Hoàng Mai" }, "geometry": { "type": "Polygon", "coordinates": [ [ [ 105.857265620511043, 20.963056516005537 ], [ 105.856803562461167, 20.964911802363968 ], [ 105.854857294165726, 20.965518504868776 ], [ 105.853373090786334, 20.964269906950801 ], [ 105.853835177831144, 20.962414604849879 ], [ 105.855781439261051, 20.961807916409011 ], [ 105.857265620511043, 20.963056516005537 ] ] ] } },
{ "type": "Feature", "properties": { "h3_id": "89415cb68d3ffff", "h3_resolution": 9, "h3_parent_res8": "88415cb68dfffff", "centroid_lat": 20.95873915805425, "centroid_lon": 105.86013590142474, "legacy_district": "Hoàng Mai" }, "geometry": { "type": "Polygon", "coordinates": [ [ [ 105.862082057865322, 20.958132413788604 ], [ 105.861620049460043, 20.959987743313576 ], [ 105.859673875079352, 20.960594485638214 ], [ 105.858189715963348, 20.959345884364026 ], [ 105.858651753365962, 20.957490539088845 ], [ 105.860597920887898, 20.956883810837645 ], [ 105.862082057865322, 20.958132413788604 ] ] ] } },
{ "type": "Feature", "properties": { "h3_id": "89415cb68d7ffff", "h3_resolution": 9, "h3_parent_res8": "88415cb68dfffff", "centroid_lat": 20.95809724938427, "centroid_lon": 105.85670555682647, "legacy_district": "Hoàng Mai" }, "geometry": { "type": "Polygon", "coordinates": [ [ [ 105.858651753365962, 20.957490539088845 ], [ 105.858189715963348, 20.959345884364026 ], [ 105.856243501484968, 20.959952592715286 ], [ 105.854759331273243, 20.958703941721261 ], [ 105.855221397670675, 20.956848580701443 ], [ 105.857167605285682, 20.956241886419875 ], [ 105.858651753365962, 20.957490539088845 ] ] ] } },
{ "type": "Feature", "properties": { "h3_id": "89415cb68dbffff", "h3_resolution": 9, "h3_parent_res8": "88415cb68dfffff", "centroid_lat": 20.961843053204287, "centroid_lon": 105.86115803417246, "legacy_district": "Hoàng Mai" }, "geometry": { "type": "Polygon", "coordinates": [ [ [ 105.863104197469823, 20.961236294864275 ], [ 105.862642193240717, 20.963091587059708 ], [ 105.860696012002521, 20.963698343456784 ], [ 105.859211841851589, 20.962449793585591 ], [ 105.859673875079352, 20.960594485638214 ], [ 105.861620049460043, 20.959987743313576 ], [ 105.863104197469823, 20.961236294864275 ] ] ] } },
{ "type": "Feature", "properties": { "h3_id": "89415cb6903ffff", "h3_resolution": 9, "h3_parent_res8": "88415cb691fffff", "centroid_lat": 20.95788270100126, "centroid_lon": 105.82444318579293, "legacy_district": "Hoàng Mai" }, "geometry": { "type": "Polygon", "coordinates": [ [ [ 105.826389796422504, 20.957276302449962 ], [ 105.825927477508159, 20.959131730289549 ], [ 105.823980848950612, 20.959738126861332 ], [ 105.822496546215348, 20.958489081562988 ], [ 105.822958894102115, 20.956633638031235 ], [ 105.824905515752349, 20.956027255489577 ], [ 105.826389796422504, 20.957276302449962 ] ] ] } },
{ "type": "Feature", "properties": { "h3_id": "89415cb690bffff", "h3_resolution": 9, "h3_parent_res8": "88415cb691fffff", "centroid_lat": 20.960987138475907, "centroid_lon": 105.82546515171089, "legacy_district": "Hoàng Mai" }, "geometry": { "type": "Polygon", "coordinates": [ [ [ 105.827411769245785, 20.960380725893561 ], [ 105.826949454494198, 20.962236116404178 ], [ 105.825002819030587, 20.962842527005108 ], [ 105.82351850522528, 20.961593533065862 ], [ 105.823980848950612, 20.959738126861332 ], [ 105.825927477508159, 20.959131730289549 ], [ 105.827411769245785, 20.960380725893561 ] ] ] } },
{ "type": "Feature", "properties": { "h3_id": "89415cb690fffff", "h3_resolution": 9, "h3_parent_res8": "88415cb691fffff", "centroid_lat": 20.960344505440816, "centroid_lon": 105.82203419144562, "legacy_district": "Hoàng Mai" }, "geometry": { "type": "Polygon", "coordinates": [ [ [ 105.823980848950612, 20.959738126861332 ], [ 105.82351850522528, 20.961593533065862 ], [ 105.82157182979283, 20.962199909660757 ], [ 105.820087504997062, 20.960950866025353 ], [ 105.820549877693608, 20.959095444132522 ], [ 105.822496546215348, 20.958489081562988 ], [ 105.823980848950612, 20.959738126861332 ] ] ] } },
{ "type": "Feature", "properties": { "h3_id": "89415cb691bffff", "h3_resolution": 9, "h3_parent_res8": "88415cb691fffff", "centroid_lat": 20.958525315728107, "centroid_lon": 105.82787407711442, "legacy_district": "Hoàng Mai" }, "geometry": { "type": "Polygon", "coordinates": [ [ [ 105.829820647765558, 20.957918883179627 ], [ 105.829358357826138, 20.959774295321452 ], [ 105.827411769245785, 20.960380725893561 ], [ 105.825927477508159, 20.959131730289549 ], [ 105.826389796422504, 20.957276302449962 ], [ 105.82833637810019, 20.95666988591174 ], [ 105.829820647765558, 20.957918883179627 ] ] ] } },
{ "type": "Feature", "properties": { "h3_id": "89415cb693bffff", "h3_resolution": 9, "h3_parent_res8": "88415cb693fffff", "centroid_lat": 20.959701788707193, "centroid_lon": 105.81860318023153, "legacy_district": "Hoàng Mai" }, "geometry": { "type": "Polygon", "coordinates": [ [ [ 105.820549877693608, 20.959095444132522 ], [ 105.820087504997062, 20.960950866025353 ], [ 105.818140789608762, 20.961557208612302 ], [ 105.816656453832977, 20.960308115284381 ], [ 105.817118855498251, 20.958452677708827 ], [ 105.819065563971208, 20.957846349143502 ], [ 105.820549877693608, 20.959095444132522 ] ] ] } },
{ "type": "Feature", "properties": { "h3_id": "89415cb6943ffff", "h3_resolution": 9, "h3_parent_res8": "88415cb695fffff", "centroid_lat": 20.964733971191677, "centroid_lon": 105.82991806012194, "legacy_district": "Hoàng Mai" }, "geometry": { "type": "Polygon", "coordinates": [ [ [ 105.831864644573216, 20.964127510574581 ], [ 105.831402362962379, 20.965982848045822 ], [ 105.829455760580444, 20.966589306682732 ], [ 105.827971446710166, 20.965340413816083 ], [ 105.828433757298541, 20.96348506064362 ], [ 105.83038035278031, 20.962878616038612 ], [ 105.831864644573216, 20.964127510574581 ] ] ] } },
{ "type": "Feature", "properties": { "h3_id": "89415cb6947ffff", "h3_resolution": 9, "h3_parent_res8": "88415cb695fffff", "centroid_lat": 20.964091487256027, "centroid_lon": 105.82648713285954, "legacy_district": "Hoàng Mai" }, "geometry": { "type": "Polygon", "coordinates": [ [ [ 105.828433757298541, 20.96348506064362 ], [ 105.827971446710166, 20.965340413816083 ], [ 105.826024804341756, 20.965946838445159 ], [ 105.824540479467174, 20.964697895873201 ], [ 105.825002819030587, 20.962842527005108 ], [ 105.826949454494198, 20.962236116404178 ], [ 105.828433757298541, 20.96348506064362 ] ] ] } },
{ "type": "Feature", "properties": { "h3_id": "89415cb694bffff", "h3_resolution": 9, "h3_parent_res8": "88415cb695fffff", "centroid_lat": 20.967838165853447, "centroid_lon": 105.83094007446842, "legacy_district": "Hoàng Mai" }, "geometry": { "type": "Polygon", "coordinates": [ [ [ 105.832886665817895, 20.96723169120353 ], [ 105.832424388372047, 20.969086991325693 ], [ 105.830477779091197, 20.969693463993508 ], [ 105.82899345415575, 20.968444622507846 ], [ 105.829455760580444, 20.966589306682732 ], [ 105.831402362962379, 20.965982848045822 ], [ 105.832886665817895, 20.96723169120353 ] ] ] } },
{ "type": "Feature", "properties": { "h3_id": "89415cb694fffff", "h3_resolution": 9, "h3_parent_res8": "88415cb695fffff", "centroid_lat": 20.967195747324215, "centroid_lon": 105.82750912923861, "legacy_district": "Hoàng Mai" }, "geometry": { "type": "Polygon", "coordinates": [ [ [ 105.829455760580444, 20.966589306682732 ], [ 105.82899345415575, 20.968444622507846 ], [ 105.827046804883778, 20.969051061164063 ], [ 105.825562468940717, 20.967802169967616 ], [ 105.826024804341756, 20.965946838445159 ], [ 105.827971446710166, 20.965340413816083 ], [ 105.829455760580444, 20.966589306682732 ] ] ] } },
{ "type": "Feature", "properties": { "h3_id": "89415cb6953ffff", "h3_resolution": 9, "h3_parent_res8": "88415cb695fffff", "centroid_lat": 20.962272153443653, "centroid_lon": 105.83232691930101, "legacy_district": "Hoàng Mai" }, "geometry": { "type": "Polygon", "coordinates": [ [ [ 105.834273456856792, 20.961665672861386 ], [ 105.833811200060168, 20.963521031967435 ], [ 105.831864644573216, 20.964127510574581 ], [ 105.83038035278031, 20.962878616038612 ], [ 105.83084263855568, 20.961023241227483 ], [ 105.832789187145849, 20.960416776656992 ], [ 105.834273456856792, 20.961665672861386 ] ] ] } },
{ "type": "Feature", "properties": { "h3_id": "89415cb6957ffff", "h3_resolution": 9, "h3_parent_res8": "88415cb695fffff", "centroid_lat": 20.961629687810763, "centroid_lon": 105.82889606100383, "legacy_district": "Hoàng Mai" }, "geometry": { "type": "Polygon", "coordinates": [ [ [ 105.83084263855568, 20.961023241227483 ], [ 105.83038035278031, 20.962878616038612 ], [ 105.828433757298541, 20.96348506064362 ], [ 105.826949454494198, 20.962236116404178 ], [ 105.827411769245785, 20.960380725893561 ], [ 105.829358357826138, 20.959774295321452 ], [ 105.83084263855568, 20.961023241227483 ] ] ] } },
{ "type": "Feature", "properties": { "h3_id": "89415cb695bffff", "h3_resolution": 9, "h3_parent_res8": "88415cb695fffff", "centroid_lat": 20.965376371416127, "centroid_lon": 105.83334893638056, "legacy_district": "Hoàng Mai" }, "geometry": { "type": "Polygon", "coordinates": [ [ [ 105.835295480831164, 20.964769876796279 ], [ 105.834833228200381, 20.96662519856072 ], [ 105.832886665817895, 20.96723169120353 ], [ 105.831402362962379, 20.965982848045822 ], [ 105.831864644573216, 20.964127510574581 ], [ 105.833811200060168, 20.963521031967435 ], [ 105.835295480831164, 20.964769876796279 ] ] ] } },
{ "type": "Feature", "properties": { "h3_id": "89415cb6973ffff", "h3_resolution": 9, "h3_parent_res8": "88415cb697fffff", "centroid_lat": 20.963448919610897, "centroid_lon": 105.82305615461688, "legacy_district": "Hoàng Mai" }, "geometry": { "type": "Polygon", "coordinates": [ [ [ 105.825002819030587, 20.962842527005108 ], [ 105.824540479467174, 20.964697895873201 ], [ 105.822593797125279, 20.96530428649249 ], [ 105.821109461256896, 20.964055294218891 ], [ 105.82157182979283, 20.962199909660757 ], [ 105.82351850522528, 20.961593533065862 ], [ 105.825002819030587, 20.962842527005108 ] ] ] } },
{ "type": "Feature", "properties": { "h3_id": "89415cb6977ffff", "h3_resolution": 9, "h3_parent_res8": "88415cb697fffff", "centroid_lat": 20.962806268257978, "centroid_lon": 105.81962512541739, "legacy_district": "Hoàng Mai" }, "geometry": { "type": "Polygon", "coordinates": [ [ [ 105.82157182979283, 20.962199909660757 ], [ 105.821109461256896, 20.964055294218891 ], [ 105.819162738954503, 20.964661650826464 ], [ 105.817678392102792, 20.96341260885487 ], [ 105.818140789608762, 20.961557208612302 ], [ 105.820087504997062, 20.960950866025353 ], [ 105.82157182979283, 20.962199909660757 ] ] ] } },
{ "type": "Feature", "properties": { "h3_id": "89415cb697bffff", "h3_resolution": 9, "h3_parent_res8": "88415cb697fffff", "centroid_lat": 20.966553245076241, "centroid_lon": 105.82407813302055, "legacy_district": "Hoàng Mai" }, "geometry": { "type": "Polygon", "coordinates": [ [ [ 105.826024804341756, 20.965946838445159 ], [ 105.825562468940717, 20.967802169967616 ], [ 105.823615779690613, 20.968408574610297 ], [ 105.82213143275041, 20.967159633706718 ], [ 105.822593797125279, 20.96530428649249 ], [ 105.824540479467174, 20.964697895873201 ], [ 105.826024804341756, 20.965946838445159 ] ] ] } },
{ "type": "Feature", "properties": { "h3_id": "89415cb69c7ffff", "h3_resolution": 9, "h3_parent_res8": "88415cb69dfffff", "centroid_lat": 20.956063451389245, "centroid_lon": 105.83028293082215, "legacy_district": "Hoàng Mai" }, "geometry": { "type": "Polygon", "coordinates": [ [ [ 105.832229454584564, 20.955456998885111 ], [ 105.831767189457707, 20.957312432646791 ], [ 105.829820647765558, 20.957918883179627 ], [ 105.82833637810019, 20.95666988591174 ], [ 105.828798672203177, 20.954814436448441 ], [ 105.830745206996042, 20.954207999954239 ], [ 105.832229454584564, 20.955456998885111 ] ] ] } },
{ "type": "Feature", "properties": { "h3_id": "89415cb69cbffff", "h3_resolution": 9, "h3_parent_res8": "88415cb69dfffff", "centroid_lat": 20.959810294101917, "centroid_lon": 105.83473570677052, "legacy_district": "Hoàng Mai" }, "geometry": { "type": "Polygon", "coordinates": [ [ [ 105.836682197425844, 20.959203793564935 ], [ 105.836219965443817, 20.961059174294448 ], [ 105.834273456856792, 20.961665672861386 ], [ 105.832789187145849, 20.960416776656992 ], [ 105.833251448107831, 20.958561380218526 ], [ 105.835197949801454, 20.957954895692993 ], [ 105.836682197425844, 20.959203793564935 ] ] ] } },
{ "type": "Feature", "properties": { "h3_id": "89415cb69cfffff", "h3_resolution": 9, "h3_parent_res8": "88415cb69dfffff", "centroid_lat": 20.95916784676222, "centroid_lon": 105.83130491744809, "legacy_district": "Hoàng Mai" }, "geometry": { "type": "Polygon", "coordinates": [ [ [ 105.833251448107831, 20.958561380218526 ], [ 105.832789187145849, 20.960416776656992 ], [ 105.83084263855568, 20.961023241227483 ], [ 105.829358357826138, 20.959774295321452 ], [ 105.829820647765558, 20.957918883179627 ], [ 105.831767189457707, 20.957312432646791 ], [ 105.833251448107831, 20.958561380218526 ] ] ] } },
{ "type": "Feature", "properties": { "h3_id": "89415cb6a03ffff", "h3_resolution": 9, "h3_parent_res8": "88415cb6a1fffff", "centroid_lat": 20.98410523898556, "centroid_lon": 105.85561331386911, "legacy_district": "Hoàng Mai" }, "geometry": { "type": "Polygon", "coordinates": [ [ [ 105.857559692460796, 20.983498504114301 ], [ 105.857097605636582, 20.985353560371802 ], [ 105.855151209103283, 20.9859602932722 ], [ 105.853666906260912, 20.984711955865244 ], [ 105.854129022084209, 20.982856883864379 ], [ 105.856075411751434, 20.982250165013426 ], [ 105.857559692460796, 20.983498504114301 ] ] ] } },
{ "type": "Feature", "properties": { "h3_id": "89415cb6a07ffff", "h3_resolution": 9, "h3_parent_res8": "88415cb6a1fffff", "centroid_lat": 20.983463584723847, "centroid_lon": 105.85218260340372, "legacy_district": "Hoàng Mai" }, "geometry": { "type": "Polygon", "coordinates": [ [ [ 105.854129022084209, 20.982856883864379 ], [ 105.853666906260912, 20.984711955865244 ], [ 105.851720469640043, 20.985318654750699 ], [ 105.850236155713816, 20.984070267589182 ], [ 105.850698300533693, 20.982215179850542 ], [ 105.852644730283856, 20.981608495010782 ], [ 105.854129022084209, 20.982856883864379 ] ] ] } },
{ "type": "Feature", "properties": { "h3_id": "89415cb6a0bffff", "h3_resolution": 9, "h3_parent_res8": "88415cb6a1fffff", "centroid_lat": 20.987208596942192, "centroid_lon": 105.85663551192884, "legacy_district": "Hoàng Mai" }, "geometry": { "type": "Polygon", "coordinates": [ [ [ 105.858581897384624, 20.986601848020566 ], [ 105.858119814735588, 20.988456866872692 ], [ 105.85617341133748, 20.989063613821543 ], [ 105.854689097453843, 20.987815327869406 ], [ 105.855151209103283, 20.9859602932722 ], [ 105.857097605636582, 20.985353560371802 ], [ 105.858581897384624, 20.986601848020566 ] ] ] } },
{ "type": "Feature", "properties": { "h3_id": "89415cb6a0fffff", "h3_resolution": 9, "h3_parent_res8": "88415cb6a1fffff", "centroid_lat": 20.98656700817828, "centroid_lon": 105.85320478355405, "legacy_district": "Hoàng Mai" }, "geometry": { "type": "Polygon", "coordinates": [ [ [ 105.855151209103283, 20.9859602932722 ], [ 105.854689097453843, 20.987815327869406 ], [ 105.852742653963531, 20.988422040799563 ], [ 105.851258328992714, 20.987173705087397 ], [ 105.851720469640043, 20.985318654750699 ], [ 105.853666906260912, 20.984711955865244 ], [ 105.855151209103283, 20.9859602932722 ] ] ] } },
{ "type": "Feature", "properties": { "h3_id": "89415cb6a13ffff", "h3_resolution": 9, "h3_parent_res8": "88415cb6a1fffff", "centroid_lat": 20.981643428173641, "centroid_lon": 105.85802177240156, "legacy_district": "Hoàng Mai" }, "geometry": { "type": "Polygon", "coordinates": [ [ [ 105.859968104030742, 20.981036673347653 ], [ 105.859506042032123, 20.982891751254108 ], [ 105.857559692460796, 20.983498504114301 ], [ 105.856075411751434, 20.982250165013426 ], [ 105.856537502750342, 20.980395071359741 ], [ 105.858483845458991, 20.979788332553749 ], [ 105.859968104030742, 20.981036673347653 ] ] ] } },
{ "type": "Feature", "properties": { "h3_id": "89415cb6a17ffff", "h3_resolution": 9, "h3_parent_res8": "88415cb6a1fffff", "centroid_lat": 20.981001792179633, "centroid_lon": 105.85459113102402, "legacy_district": "Hoàng Mai" }, "geometry": { "type": "Polygon", "coordinates": [ [ [ 105.856537502750342, 20.980395071359741 ], [ 105.856075411751434, 20.982250165013426 ], [ 105.854129022084209, 20.982856883864379 ], [ 105.852644730283856, 20.981608495010782 ], [ 105.853106850280554, 20.979753385615453 ], [ 105.855053233080454, 20.979146680814953 ], [ 105.856537502750342, 20.980395071359741 ] ] ] } },
{ "type": "Feature", "properties": { "h3_id": "89415cb6a1bffff", "h3_resolution": 9, "h3_parent_res8": "88415cb6a1fffff", "centroid_lat": 20.984746809479724, "centroid_lon": 105.85904397315011, "legacy_district": "Hoàng Mai" }, "geometry": { "type": "Polygon", "coordinates": [ [ [ 105.860990311639995, 20.984140040598618 ], [ 105.860528253817378, 20.985995081107177 ], [ 105.858581897384624, 20.986601848020566 ], [ 105.857097605636582, 20.985353560371802 ], [ 105.857559692460796, 20.983498504114301 ], [ 105.859506042032123, 20.982891751254108 ], [ 105.860990311639995, 20.984140040598618 ] ] ] } },
{ "type": "Feature", "properties": { "h3_id": "89415cb6a23ffff", "h3_resolution": 9, "h3_parent_res8": "88415cb6a3fffff", "centroid_lat": 20.985283579326879, "centroid_lon": 105.84634317332116, "legacy_district": "Hoàng Mai" }, "geometry": { "type": "Polygon", "coordinates": [ [ [ 105.848289679018364, 20.984676932457745 ], [ 105.847827509375648, 20.986531998528363 ], [ 105.845880985739825, 20.987138643415282 ], [ 105.844396638626094, 20.985890208193968 ], [ 105.844858837261668, 20.984035126395021 ], [ 105.846805354018755, 20.983428495545304 ], [ 105.848289679018364, 20.984676932457745 ] ] ] } },
{ "type": "Feature", "properties": { "h3_id": "89415cb6a27ffff", "h3_resolution": 9, "h3_parent_res8": "88415cb6a3fffff", "centroid_lat": 20.984641739242775, "centroid_lon": 105.84291229150998, "legacy_district": "Hoàng Mai" }, "geometry": { "type": "Polygon", "coordinates": [ [ [ 105.844858837261668, 20.984035126395021 ], [ 105.844396638626094, 20.985890208193968 ], [ 105.842450074936977, 20.986496819056342 ], [ 105.840965716767499, 20.985248334085917 ], [ 105.841427944393473, 20.983393236564229 ], [ 105.843374501199193, 20.982786639735306 ], [ 105.844858837261668, 20.984035126395021 ] ] ] } },
{ "type": "Feature", "properties": { "h3_id": "89415cb6a2bffff", "h3_resolution": 9, "h3_parent_res8": "88415cb6a3fffff", "centroid_lat": 20.988387044904179, "centroid_lon": 105.84736533284918, "legacy_district": "Hoàng Mai" }, "geometry": { "type": "Polygon", "coordinates": [ [ [ 105.849311845423145, 20.987780383996917 ], [ 105.848849679952167, 20.989635412658135 ], [ 105.846903149438845, 20.990242071581264 ], [ 105.845418791274639, 20.988993687806548 ], [ 105.845880985739825, 20.987138643415282 ], [ 105.847827509375648, 20.986531998528363 ], [ 105.849311845423145, 20.987780383996917 ] ] ] } },
{ "type": "Feature", "properties": { "h3_id": "89415cb6a2fffff", "h3_resolution": 9, "h3_parent_res8": "88415cb6a3fffff", "centroid_lat": 20.987745270297403, "centroid_lon": 105.8439344331067, "legacy_district": "Hoàng Mai" }, "geometry": { "type": "Polygon", "coordinates": [ [ [ 105.845880985739825, 20.987138643415282 ], [ 105.845418791274639, 20.988993687806548 ], [ 105.843472220703404, 20.989600312701373 ], [ 105.841987851480113, 20.988351879172068 ], [ 105.842450074936977, 20.986496819056342 ], [ 105.844396638626094, 20.985890208193968 ], [ 105.845880985739825, 20.987138643415282 ] ] ] } },
{ "type": "Feature", "properties": { "h3_id": "89415cb6a33ffff", "h3_resolution": 9, "h3_parent_res8": "88415cb6a3fffff", "centroid_lat": 20.982821846696261, "centroid_lon": 105.84875184177737, "legacy_district": "Hoàng Mai" }, "geometry": { "type": "Polygon", "coordinates": [ [ [ 105.850698300533693, 20.982215179850542 ], [ 105.850236155713816, 20.984070267589182 ], [ 105.848289679018364, 20.984676932457745 ], [ 105.846805354018755, 20.983428495545304 ], [ 105.847267527832713, 20.981573392074466 ], [ 105.849213997652825, 20.980966741247855 ], [ 105.850698300533693, 20.982215179850542 ] ] ] } },
{ "type": "Feature", "properties": { "h3_id": "89415cb6a37ffff", "h3_resolution": 9, "h3_parent_res8": "88415cb6a3fffff", "centroid_lat": 20.982180024904501, "centroid_lon": 105.84532102901356, "legacy_district": "Hoàng Mai" }, "geometry": { "type": "Polygon", "coordinates": [ [ [ 105.847267527832713, 20.981573392074466 ], [ 105.846805354018755, 20.983428495545304 ], [ 105.844858837261668, 20.984035126395021 ], [ 105.843374501199193, 20.982786639735306 ], [ 105.84383670400473, 20.980931520537862 ], [ 105.845783213881816, 20.980324903726338 ], [ 105.847267527832713, 20.981573392074466 ] ] ] } },
{ "type": "Feature", "properties": { "h3_id": "89415cb6a3bffff", "h3_resolution": 9, "h3_parent_res8": "88415cb6a3fffff", "centroid_lat": 20.985925335639294, "centroid_lon": 105.84977400401034, "legacy_district": "Hoàng Mai" }, "geometry": { "type": "Polygon", "coordinates": [ [ [ 105.851720469640043, 20.985318654750699 ], [ 105.851258328992714, 20.987173705087397 ], [ 105.849311845423145, 20.987780383996917 ], [ 105.847827509375648, 20.986531998528363 ], [ 105.848289679018364, 20.984676932457745 ], [ 105.850236155713816, 20.984070267589182 ], [ 105.851720469640043, 20.985318654750699 ] ] ] } },
{ "type": "Feature", "properties": { "h3_id": "89415cb6a43ffff", "h3_resolution": 9, "h3_parent_res8": "88415cb6a5fffff", "centroid_lat": 20.990953305505062, "centroid_lon": 105.8610884202847, "legacy_district": "Hoàng Mai" }, "geometry": { "type": "Polygon", "coordinates": [ [ [ 105.863034772492284, 20.990346508516733 ], [ 105.862572723023078, 20.992201474201906 ], [ 105.860626352871222, 20.992808269218703 ], [ 105.859142039048137, 20.991560084498719 ], [ 105.859604117521542, 20.989705103061151 ], [ 105.861550480814472, 20.989098322095554 ], [ 105.863034772492284, 20.990346508516733 ] ] ] } },
{ "type": "Feature", "properties": { "h3_id": "89415cb6a47ffff", "h3_resolution": 9, "h3_parent_res8": "88415cb6a5fffff", "centroid_lat": 20.990311866032162, "centroid_lon": 105.8576577252029, "legacy_district": "Hoàng Mai" }, "geometry": { "type": "Polygon", "coordinates": [ [ [ 105.859604117521542, 20.989705103061151 ], [ 105.859142039048137, 20.991560084498719 ], [ 105.857195628786442, 20.992166845495035 ], [ 105.855711303862378, 20.990918611005913 ], [ 105.85617341133748, 20.989063613821543 ], [ 105.858119814735588, 20.988456866872692 ], [ 105.859604117521542, 20.989705103061151 ] ] ] } },
{ "type": "Feature", "properties": { "h3_id": "89415cb6a4bffff", "h3_resolution": 9, "h3_parent_res8": "88415cb6a5fffff", "centroid_lat": 20.994056420189597, "centroid_lon": 105.86211066667015, "legacy_district": "Hai Bà Trưng" }, "geometry": { "type": "Polygon", "coordinates": [ [ [ 105.864057025734667, 20.993449609149135 ], [ 105.863594980442898, 20.995304537408849 ], [ 105.861648603433352, 20.995911346475861 ], [ 105.860164278573933, 20.994663213232535 ], [ 105.860626352871222, 20.992808269218703 ], [ 105.862572723023078, 20.992201474201906 ], [ 105.864057025734667, 20.993449609149135 ] ] ] } },
{ "type": "Feature", "properties": { "h3_id": "89415cb6a4fffff", "h3_resolution": 9, "h3_parent_res8": "88415cb6a5fffff", "centroid_lat": 20.993415046238084, "centroid_lon": 105.85867995369097, "legacy_district": "Hoàng Mai" }, "geometry": { "type": "Polygon", "coordinates": [ [ [ 105.860626352871222, 20.992808269218703 ], [ 105.860164278573933, 20.994663213232535 ], [ 105.858217861449916, 20.995269988275304 ], [ 105.856733525486163, 20.994021805257379 ], [ 105.857195628786442, 20.992166845495035 ], [ 105.859142039048137, 20.991560084498719 ], [ 105.860626352871222, 20.992808269218703 ] ] ] } },
{ "type": "Feature", "properties": { "h3_id": "89415cb6a53ffff", "h3_resolution": 9, "h3_parent_res8": "88415cb6a5fffff", "centroid_lat": 20.988491523138002, "centroid_lon": 105.86349681507785, "legacy_district": "Hoàng Mai" }, "geometry": { "type": "Polygon", "coordinates": [ [ [ 105.865443120307816, 20.987884706191146 ], [ 105.864981095667048, 20.989739693536336 ], [ 105.863034772492284, 20.990346508516733 ], [ 105.861550480814472, 20.989098322095554 ], [ 105.862012534460618, 20.987243318994107 ], [ 105.863958850779852, 20.986636518069666 ], [ 105.865443120307816, 20.987884706191146 ] ] ] } },
{ "type": "Feature", "properties": { "h3_id": "89415cb6a57ffff", "h3_resolution": 9, "h3_parent_res8": "88415cb6a5fffff", "centroid_lat": 20.987850101929329, "centroid_lon": 105.86006618911125, "legacy_district": "Hoàng Mai" }, "geometry": { "type": "Polygon", "coordinates": [ [ [ 105.862012534460618, 20.987243318994107 ], [ 105.861550480814472, 20.989098322095554 ], [ 105.859604117521542, 20.989705103061151 ], [ 105.858119814735588, 20.988456866872692 ], [ 105.858581897384624, 20.986601848020566 ], [ 105.860528253817378, 20.985995081107177 ], [ 105.862012534460618, 20.987243318994107 ] ] ] } },
{ "type": "Feature", "properties": { "h3_id": "89415cb6a5bffff", "h3_resolution": 9, "h3_parent_res8": "88415cb6a5fffff", "centroid_lat": 20.991594661190312, "centroid_lon": 105.86451906414268, "legacy_district": "Hoàng Mai" }, "geometry": { "type": "Polygon", "coordinates": [ [ [ 105.86646537622623, 20.990987830186576 ], [ 105.866003355763723, 20.992842780113786 ], [ 105.864057025734667, 20.993449609149135 ], [ 105.862572723023078, 20.992201474201906 ], [ 105.863034772492284, 20.990346508516733 ], [ 105.864981095667048, 20.989739693536336 ], [ 105.86646537622623, 20.990987830186576 ] ] ] } },
{ "type": "Feature", "properties": { "h3_id": "89415cb6a63ffff", "h3_resolution": 9, "h3_parent_res8": "88415cb6a7fffff", "centroid_lat": 20.992132046951106, "centroid_lon": 105.8518183741311, "legacy_district": "Hoàng Mai" }, "geometry": { "type": "Polygon", "coordinates": [ [ [ 105.853764853503819, 20.991525337979777 ], [ 105.853302721203036, 20.993380313485062 ], [ 105.851356223889013, 20.993987020473487 ], [ 105.849871865748014, 20.992738737917261 ], [ 105.850334027046799, 20.990883746674623 ], [ 105.852280517489234, 20.990277053725155 ], [ 105.853764853503819, 20.991525337979777 ] ] ] } },
{ "type": "Feature", "properties": { "h3_id": "89415cb6a67ffff", "h3_resolution": 9, "h3_parent_res8": "88415cb6a7fffff", "centroid_lat": 20.991490421619002, "centroid_lon": 105.84838750759731, "legacy_district": "Hoàng Mai" }, "geometry": { "type": "Polygon", "coordinates": [ [ [ 105.850334027046799, 20.990883746674623 ], [ 105.849871865748014, 20.992738737917261 ], [ 105.847925328358457, 20.993345410875584 ], [ 105.846440959144559, 20.992097078555663 ], [ 105.846903149438845, 20.990242071581264 ], [ 105.848849679952167, 20.989635412658135 ], [ 105.850334027046799, 20.990883746674623 ] ] ] } },
{ "type": "Feature", "properties": { "h3_id": "89415cb6a6bffff", "h3_resolution": 9, "h3_parent_res8": "88415cb6a7fffff", "centroid_lat": 20.995235269285157, "centroid_lon": 105.85284058201827, "legacy_district": "Hai Bà Trưng" }, "geometry": { "type": "Polygon", "coordinates": [ [ [ 105.854787068260649, 20.994628546273947 ], [ 105.854324940133822, 20.996483484349735 ], [ 105.852378435949461, 20.997090205376132 ], [ 105.850894066762891, 20.995841974288346 ], [ 105.851356223889013, 20.993987020473487 ], [ 105.853302721203036, 20.993380313485062 ], [ 105.854787068260649, 20.994628546273947 ] ] ] } },
{ "type": "Feature", "properties": { "h3_id": "89415cb6a6fffff", "h3_resolution": 9, "h3_parent_res8": "88415cb6a7fffff", "centroid_lat": 20.994593709453984, "centroid_lon": 105.84940969756524, "legacy_district": "Hai Bà Trưng" }, "geometry": { "type": "Polygon", "coordinates": [ [ [ 105.851356223889013, 20.993987020473487 ], [ 105.850894066762891, 20.995841974288346 ], [ 105.848947522498335, 20.996448661280887 ], [ 105.847463142235526, 20.995200380423928 ], [ 105.847925328358457, 20.993345410875584 ], [ 105.849871865748014, 20.992738737917261 ], [ 105.851356223889013, 20.993987020473487 ] ] ] } },
{ "type": "Feature", "properties": { "h3_id": "89415cb6a73ffff", "h3_resolution": 9, "h3_parent_res8": "88415cb6a7fffff", "centroid_lat": 20.989670342773248, "centroid_lon": 105.85422697892074, "legacy_district": "Hoàng Mai" }, "geometry": { "type": "Polygon", "coordinates": [ [ [ 105.85617341133748, 20.989063613821543 ], [ 105.855711303862378, 20.990918611005913 ], [ 105.853764853503819, 20.991525337979777 ], [ 105.852280517489234, 20.990277053725155 ], [ 105.852742653963531, 20.988422040799563 ], [ 105.854689097453843, 20.987815327869406 ], [ 105.85617341133748, 20.989063613821543 ] ] ] } },
{ "type": "Feature", "properties": { "h3_id": "89415cb6a77ffff", "h3_resolution": 9, "h3_parent_res8": "88415cb6a7fffff", "centroid_lat": 20.98902873573002, "centroid_lon": 105.85079618146167, "legacy_district": "Hoàng Mai" }, "geometry": { "type": "Polygon", "coordinates": [ [ [ 105.852742653963531, 20.988422040799563 ], [ 105.852280517489234, 20.990277053725155 ], [ 105.850334027046799, 20.990883746674623 ], [ 105.848849679952167, 20.989635412658135 ], [ 105.849311845423145, 20.987780383996917 ], [ 105.851258328992714, 20.987173705087397 ], [ 105.852742653963531, 20.988422040799563 ] ] ] } },
{ "type": "Feature", "properties": { "h3_id": "89415cb6a7bffff", "h3_resolution": 9, "h3_parent_res8": "88415cb6a7fffff", "centroid_lat": 20.992773588491367, "centroid_lon": 105.85524918950348, "legacy_district": "Hoàng Mai" }, "geometry": { "type": "Polygon", "coordinates": [ [ [ 105.857195628786442, 20.992166845495035 ], [ 105.856733525486163, 20.994021805257379 ], [ 105.854787068260649, 20.994628546273947 ], [ 105.853302721203036, 20.993380313485062 ], [ 105.853764853503819, 20.991525337979777 ], [ 105.855711303862378, 20.990918611005913 ], [ 105.857195628786442, 20.992166845495035 ] ] ] } },
{ "type": "Feature", "properties": { "h3_id": "89415cb6a83ffff", "h3_resolution": 9, "h3_parent_res8": "88415cb6a9fffff", "centroid_lat": 20.976078082292055, "centroid_lon": 105.85940797092418, "legacy_district": "Hoàng Mai" }, "geometry": { "type": "Polygon", "coordinates": [ [ [ 105.861354248727352, 20.975471321582667 ], [ 105.860892207378285, 20.977326458507989 ], [ 105.858945911633171, 20.977933217258578 ], [ 105.857461664098309, 20.976684825023469 ], [ 105.857923734447567, 20.974829672348772 ], [ 105.859870023332135, 20.974222927658129 ], [ 105.861354248727352, 20.975471321582667 ] ] ] } },
{ "type": "Feature", "properties": { "h3_id": "89415cb6a87ffff", "h3_resolution": 9, "h3_parent_res8": "88415cb6a9fffff", "centroid_lat": 20.975436399061525, "centroid_lon": 105.85597741654355, "legacy_district": "Hoàng Mai" }, "geometry": { "type": "Polygon", "coordinates": [ [ [ 105.857923734447567, 20.974829672348772 ], [ 105.857461664098309, 20.976684825023469 ], [ 105.855515328253603, 20.977291549774268 ], [ 105.854031069623957, 20.97604310779375 ], [ 105.854493168970876, 20.974187939375255 ], [ 105.856439497950404, 20.973581228680651 ], [ 105.857923734447567, 20.974829672348772 ] ] ] } },
{ "type": "Feature", "properties": { "h3_id": "89415cb6a8bffff", "h3_resolution": 9, "h3_parent_res8": "88415cb6a9fffff", "centroid_lat": 20.979181575764301, "centroid_lon": 105.86043015914611, "legacy_district": "Hoàng Mai" }, "geometry": { "type": "Polygon", "coordinates": [ [ [ 105.862376443807861, 20.978574800994043 ], [ 105.861914406635137, 20.98042990053812 ], [ 105.859968104030742, 20.981036673347653 ], [ 105.858483845458991, 20.979788332553749 ], [ 105.858945911633171, 20.977933217258578 ], [ 105.860892207378285, 20.977326458507989 ], [ 105.862376443807861, 20.978574800994043 ] ] ] } },
{ "type": "Feature", "properties": { "h3_id": "89415cb6a8fffff", "h3_resolution": 9, "h3_parent_res8": "88415cb6a9fffff", "centroid_lat": 20.978539958028446, "centroid_lon": 105.85699958686595, "legacy_district": "Hoàng Mai" }, "geometry": { "type": "Polygon", "coordinates": [ [ [ 105.858945911633171, 20.977933217258578 ], [ 105.858483845458991, 20.979788332553749 ], [ 105.856537502750342, 20.980395071359741 ], [ 105.855053233080454, 20.979146680814953 ], [ 105.855515328253603, 20.977291549774268 ], [ 105.857461664098309, 20.976684825023469 ], [ 105.858945911633171, 20.977933217258578 ] ] ] } },
{ "type": "Feature", "properties": { "h3_id": "89415cb6a93ffff", "h3_resolution": 9, "h3_parent_res8": "88415cb6a9fffff", "centroid_lat": 20.973616164992254, "centroid_lon": 105.86181628319342, "legacy_district": "Hoàng Mai" }, "geometry": { "type": "Polygon", "coordinates": [ [ [ 105.863762514027599, 20.973009384353787 ], [ 105.863300497503985, 20.974864542897933 ], [ 105.861354248727352, 20.975471321582667 ], [ 105.859870023332135, 20.974222927658129 ], [ 105.860332068857105, 20.972367753360736 ], [ 105.862278310776603, 20.971760988740701 ], [ 105.863762514027599, 20.973009384353787 ] ] ] } },
{ "type": "Feature", "properties": { "h3_id": "89415cb6a97ffff", "h3_resolution": 9, "h3_parent_res8": "88415cb6a9fffff", "centroid_lat": 20.97297450000827, "centroid_lon": 105.85838579791375, "legacy_district": "Hoàng Mai" }, "geometry": { "type": "Polygon", "coordinates": [ [ [ 105.860332068857105, 20.972367753360736 ], [ 105.859870023332135, 20.974222927658129 ], [ 105.857923734447567, 20.974829672348772 ], [ 105.856439497950404, 20.973581228680651 ], [ 105.856901572474243, 20.971726038635609 ], [ 105.858847854497014, 20.97111930800591 ], [ 105.860332068857105, 20.972367753360736 ] ] ] } },
{ "type": "Feature", "properties": { "h3_id": "89415cb6a9bffff", "h3_resolution": 9, "h3_parent_res8": "88415cb6a9fffff", "centroid_lat": 20.976719681779333, "centroid_lon": 105.86283847409744, "legacy_district": "Hoàng Mai" }, "geometry": { "type": "Polygon", "coordinates": [ [ [ 105.864784711786811, 20.976112887075242 ], [ 105.864322699440379, 20.977968008245611 ], [ 105.862376443807861, 20.978574800994043 ], [ 105.860892207378285, 20.977326458507989 ], [ 105.861354248727352, 20.975471321582667 ], [ 105.863300497503985, 20.974864542897933 ], [ 105.864784711786811, 20.976112887075242 ] ] ] } },
{ "type": "Feature", "properties": { "h3_id": "89415cb6aa3ffff", "h3_resolution": 9, "h3_parent_res8": "88415cb6abfffff", "centroid_lat": 20.977256471306042, "centroid_lon": 105.85013828875339, "legacy_district": "Hoàng Mai" }, "geometry": { "type": "Polygon", "coordinates": [ [ [ 105.852084693692618, 20.976649798542802 ], [ 105.851622569523002, 20.978504945323415 ], [ 105.849676146644796, 20.979111616116469 ], [ 105.848191854810082, 20.977863126080809 ], [ 105.848654007973678, 20.976007963565873 ], [ 105.850600423978662, 20.975401306820505 ], [ 105.852084693692618, 20.976649798542802 ] ] ] } },
{ "type": "Feature", "properties": { "h3_id": "89415cb6aa7ffff", "h3_resolution": 9, "h3_parent_res8": "88415cb6abfffff", "centroid_lat": 20.976614602322869, "centroid_lon": 105.84670756296789, "legacy_district": "Hoàng Mai" }, "geometry": { "type": "Polygon", "coordinates": [ [ [ 105.848654007973678, 20.976007963565873 ], [ 105.848191854810082, 20.977863126080809 ], [ 105.846245391866574, 20.978469762864481 ], [ 105.844761088965157, 20.977221223088851 ], [ 105.845223271120204, 20.975366044845167 ], [ 105.847169727185872, 20.974759422105436 ], [ 105.848654007973678, 20.976007963565873 ] ] ] } },
{ "type": "Feature", "properties": { "h3_id": "89415cb6aabffff", "h3_resolution": 9, "h3_parent_res8": "88415cb6abfffff", "centroid_lat": 20.980360072427299, "centroid_lon": 105.85116043847006, "legacy_district": "Hoàng Mai" }, "geometry": { "type": "Polygon", "coordinates": [ [ [ 105.853106850280554, 20.979753385615453 ], [ 105.852644730283856, 20.981608495010782 ], [ 105.850698300533693, 20.982215179850542 ], [ 105.849213997652825, 20.980966741247855 ], [ 105.849676146644796, 20.979111616116469 ], [ 105.851622569523002, 20.978504945323415 ], [ 105.853106850280554, 20.979753385615453 ] ] ] } },
{ "type": "Feature", "properties": { "h3_id": "89415cb6aafffff", "h3_resolution": 9, "h3_parent_res8": "88415cb6abfffff", "centroid_lat": 20.979718268918333, "centroid_lon": 105.84772969476313, "legacy_district": "Hoàng Mai" }, "geometry": { "type": "Polygon", "coordinates": [ [ [ 105.849676146644796, 20.979111616116469 ], [ 105.849213997652825, 20.980966741247855 ], [ 105.847267527832713, 20.981573392074466 ], [ 105.845783213881816, 20.980324903726338 ], [ 105.846245391866574, 20.978469762864481 ], [ 105.848191854810082, 20.977863126080809 ], [ 105.849676146644796, 20.979111616116469 ] ] ] } },
{ "type": "Feature", "properties": { "h3_id": "89415cb6ab3ffff", "h3_resolution": 9, "h3_parent_res8": "88415cb6abfffff", "centroid_lat": 20.974794632089417, "centroid_lon": 105.85254681097901, "legacy_district": "Hoàng Mai" }, "geometry": { "type": "Polygon", "coordinates": [ [ [ 105.854493168970876, 20.974187939375255 ], [ 105.854031069623957, 20.97604310779375 ], [ 105.852084693692618, 20.976649798542802 ], [ 105.850600423978662, 20.975401306820505 ], [ 105.851062552320727, 20.973546122663809 ], [ 105.853008921382255, 20.972939445967203 ], [ 105.854493168970876, 20.974187939375255 ] ] ] } },
{ "type": "Feature", "properties": { "h3_id": "89415cb6ab7ffff", "h3_resolution": 9, "h3_parent_res8": "88415cb6abfffff", "centroid_lat": 20.974152781377427, "centroid_lon": 105.84911615425399, "legacy_district": "Hoàng Mai" }, "geometry": { "type": "Polygon", "coordinates": [ [ [ 105.851062552320727, 20.973546122663809 ], [ 105.850600423978662, 20.975401306820505 ], [ 105.848654007973678, 20.976007963565873 ], [ 105.847169727185872, 20.974759422105436 ], [ 105.847631884520624, 20.97290422221613 ], [ 105.849578293651135, 20.972297579519456 ], [ 105.851062552320727, 20.973546122663809 ] ] ] } },
{ "type": "Feature", "properties": { "h3_id": "89415cb6abbffff", "h3_resolution": 9, "h3_parent_res8": "88415cb6abfffff", "centroid_lat": 20.977898256541796, "centroid_lon": 105.85356896339388, "legacy_district": "Hoàng Mai" }, "geometry": { "type": "Polygon", "coordinates": [ [ [ 105.855515328253603, 20.977291549774268 ], [ 105.855053233080454, 20.979146680814953 ], [ 105.853106850280554, 20.979753385615453 ], [ 105.851622569523002, 20.978504945323415 ], [ 105.852084693692618, 20.976649798542802 ], [ 105.854031069623957, 20.97604310779375 ], [ 105.855515328253603, 20.977291549774268 ] ] ] } },
{ "type": "Feature", "properties": { "h3_id": "89415cb6ac3ffff", "h3_resolution": 9, "h3_parent_res8": "88415cb6adfffff", "centroid_lat": 20.982926448879912, "centroid_lon": 105.86488290153358, "legacy_district": "Hoàng Mai" }, "geometry": { "type": "Polygon", "coordinates": [ [ [ 105.866829152929554, 20.982319626047591 ], [ 105.866367148938977, 20.98417467244283 ], [ 105.864420879598399, 20.984781493315655 ], [ 105.862936621102449, 20.983533253731139 ], [ 105.863398654098305, 20.98167819157749 ], [ 105.865344916585485, 20.98107138476637 ], [ 105.866829152929554, 20.982319626047591 ] ] ] } },
{ "type": "Feature", "properties": { "h3_id": "89415cb6ac7ffff", "h3_resolution": 9, "h3_parent_res8": "88415cb6adfffff", "centroid_lat": 20.982284980407627, "centroid_lon": 105.86145236257923, "legacy_district": "Hoàng Mai" }, "geometry": { "type": "Polygon", "coordinates": [ [ [ 105.863398654098305, 20.98167819157749 ], [ 105.862936621102449, 20.983533253731139 ], [ 105.860990311639995, 20.984140040598618 ], [ 105.859506042032123, 20.982891751254108 ], [ 105.859968104030742, 20.981036673347653 ], [ 105.861914406635137, 20.98042990053812 ], [ 105.863398654098305, 20.98167819157749 ] ] ] } },
{ "type": "Feature", "properties": { "h3_id": "89415cb6acbffff", "h3_resolution": 9, "h3_parent_res8": "88415cb6adfffff", "centroid_lat": 20.986029699158653, "centroid_lon": 105.86590513806509, "legacy_district": "Hoàng Mai" }, "geometry": { "type": "Polygon", "coordinates": [ [ [ 105.867851396312503, 20.985422862263722 ], [ 105.867389396500542, 20.987277871257614 ], [ 105.865443120307816, 20.987884706191146 ], [ 105.863958850779852, 20.986636518069666 ], [ 105.864420879598399, 20.984781493315655 ], [ 105.866367148938977, 20.98417467244283 ], [ 105.867851396312503, 20.985422862263722 ] ] ] } },
{ "type": "Feature", "properties": { "h3_id": "89415cb6acfffff", "h3_resolution": 9, "h3_parent_res8": "88415cb6adfffff", "centroid_lat": 20.985388296204658, "centroid_lon": 105.86247458122324, "legacy_district": "Hoàng Mai" }, "geometry": { "type": "Polygon", "coordinates": [ [ [ 105.864420879598399, 20.984781493315655 ], [ 105.863958850779852, 20.986636518069666 ], [ 105.862012534460618, 20.987243318994107 ], [ 105.860528253817378, 20.985995081107177 ], [ 105.860990311639995, 20.984140040598618 ], [ 105.862936621102449, 20.983533253731139 ], [ 105.864420879598399, 20.984781493315655 ] ] ] } },
{ "type": "Feature", "properties": { "h3_id": "89415cb6ad3ffff", "h3_resolution": 9, "h3_parent_res8": "88415cb6adfffff", "centroid_lat": 20.980464559976895, "centroid_lon": 105.86729115003693, "legacy_district": "Hoàng Mai" }, "geometry": { "type": "Polygon", "coordinates": [ [ [ 105.869237354448813, 20.979857717211704 ], [ 105.86877537528656, 20.98171278523683 ], [ 105.866829152929554, 20.982319626047591 ], [ 105.865344916585485, 20.98107138476637 ], [ 105.865806924754224, 20.97921630097898 ], [ 105.867753140261215, 20.978609474234663 ], [ 105.869237354448813, 20.979857717211704 ] ] ] } },
{ "type": "Feature", "properties": { "h3_id": "89415cb6ad7ffff", "h3_resolution": 9, "h3_parent_res8": "88415cb6adfffff", "centroid_lat": 20.979823109747674, "centroid_lon": 105.86386068021092, "legacy_district": "Hoàng Mai" }, "geometry": { "type": "Polygon", "coordinates": [ [ [ 105.865806924754224, 20.97921630097898 ], [ 105.865344916585485, 20.98107138476637 ], [ 105.863398654098305, 20.98167819157749 ], [ 105.861914406635137, 20.98042990053812 ], [ 105.862376443807861, 20.978574800994043 ], [ 105.864322699440379, 20.977968008245611 ], [ 105.865806924754224, 20.97921630097898 ] ] ] } },
{ "type": "Feature", "properties": { "h3_id": "89415cb6adbffff", "h3_resolution": 9, "h3_parent_res8": "88415cb6adfffff", "centroid_lat": 20.983567833588815, "centroid_lon": 105.86831338924114, "legacy_district": "Hoàng Mai" }, "geometry": { "type": "Polygon", "coordinates": [ [ [ 105.870259600501072, 20.98296097675626 ], [ 105.86979762551826, 20.984816007387508 ], [ 105.867851396312503, 20.985422862263722 ], [ 105.866367148938977, 20.98417467244283 ], [ 105.866829152929554, 20.982319626047591 ], [ 105.86877537528656, 20.98171278523683 ], [ 105.870259600501072, 20.98296097675626 ] ] ] } },
{ "type": "Feature", "properties": { "h3_id": "89415cb6b03ffff", "h3_resolution": 9, "h3_parent_res8": "88415cb6b1fffff", "centroid_lat": 20.979611900129587, "centroid_lon": 105.83159726705263, "legacy_district": "Hoàng Mai" }, "geometry": { "type": "Polygon", "coordinates": [ [ [ 105.833543925993354, 20.979005403381784 ], [ 105.833081636228101, 20.980860569725504 ], [ 105.831134959354372, 20.981467064480398 ], [ 105.829650579145138, 20.980218378867981 ], [ 105.830112897891979, 20.978363196819998 ], [ 105.832059567867134, 20.97775671608829 ], [ 105.833543925993354, 20.979005403381784 ] ] ] } },
{ "type": "Feature", "properties": { "h3_id": "89415cb6b07ffff", "h3_resolution": 9, "h3_parent_res8": "88415cb6b1fffff", "centroid_lat": 20.97896965954239, "centroid_lon": 105.82816619895333, "legacy_district": "Hoàng Mai" }, "geometry": { "type": "Polygon", "coordinates": [ [ [ 105.830112897891979, 20.978363196819998 ], [ 105.829650579145138, 20.980218378867981 ], [ 105.827703862274731, 20.980824839594295 ], [ 105.826219471054998, 20.979576104252807 ], [ 105.826681818780898, 20.977720906506171 ], [ 105.828628528748098, 20.977114459799271 ], [ 105.830112897891979, 20.978363196819998 ] ] ] } },
{ "type": "Feature", "properties": { "h3_id": "89415cb6b0bffff", "h3_resolution": 9, "h3_parent_res8": "88415cb6b1fffff", "centroid_lat": 20.982715716377129, "centroid_lon": 105.83261933957904, "legacy_district": "Hoàng Mai" }, "geometry": { "type": "Polygon", "coordinates": [ [ [ 105.834566005416349, 20.982109205605219 ], [ 105.834103719817122, 20.983964334555619 ], [ 105.832157036046098, 20.984570843332694 ], [ 105.830672644772264, 20.983322209136769 ], [ 105.831134959354372, 20.981467064480398 ], [ 105.833081636228101, 20.980860569725504 ], [ 105.834566005416349, 20.982109205605219 ] ] ] } },
{ "type": "Feature", "properties": { "h3_id": "89415cb6b0fffff", "h3_resolution": 9, "h3_parent_res8": "88415cb6b1fffff", "centroid_lat": 20.982073541223127, "centroid_lon": 105.82918825351447, "legacy_district": "Hoàng Mai" }, "geometry": { "type": "Polygon", "coordinates": [ [ [ 105.831134959354372, 20.981467064480398 ], [ 105.830672644772264, 20.983322209136769 ], [ 105.828725920999901, 20.983928683881512 ], [ 105.827241518712256, 20.982679999951056 ], [ 105.827703862274731, 20.980824839594295 ], [ 105.829650579145138, 20.980218378867981 ], [ 105.831134959354372, 20.981467064480398 ] ] ] } },
{ "type": "Feature", "properties": { "h3_id": "89415cb6b13ffff", "h3_resolution": 9, "h3_parent_res8": "88415cb6b1fffff", "centroid_lat": 20.977150217349898, "centroid_lon": 105.83400620887492, "legacy_district": "Hoàng Mai" }, "geometry": { "type": "Polygon", "coordinates": [ [ [ 105.835952820911544, 20.976543700607458 ], [ 105.835490555963474, 20.978398888627201 ], [ 105.833543925993354, 20.979005403381784 ], [ 105.832059567867134, 20.97775671608829 ], [ 105.832521861797957, 20.975901512360426 ], [ 105.8344684848729, 20.975295011633772 ], [ 105.835952820911544, 20.976543700607458 ] ] ] } },
{ "type": "Feature", "properties": { "h3_id": "89415cb6b17ffff", "h3_resolution": 9, "h3_parent_res8": "88415cb6b1fffff", "centroid_lat": 20.976507995083143, "centroid_lon": 105.83057520975508, "legacy_district": "Hoàng Mai" }, "geometry": { "type": "Polygon", "coordinates": [ [ [ 105.832521861797957, 20.975901512360426 ], [ 105.832059567867134, 20.97775671608829 ], [ 105.830112897891979, 20.978363196819998 ], [ 105.828628528748098, 20.977114459799271 ], [ 105.829090851659203, 20.975259240368878 ], [ 105.831037514734547, 20.974652773661344 ], [ 105.832521861797957, 20.975901512360426 ] ] ] } },
{ "type": "Feature", "properties": { "h3_id": "89415cb6b1bffff", "h3_resolution": 9, "h3_parent_res8": "88415cb6b1fffff", "centroid_lat": 20.980254056961101, "centroid_lon": 105.83502828413179, "legacy_district": "Hoàng Mai" }, "geometry": { "type": "Polygon", "coordinates": [ [ [ 105.836974903061602, 20.979647526189826 ], [ 105.836512642280397, 20.981502676823705 ], [ 105.834566005416349, 20.982109205605219 ], [ 105.833081636228101, 20.980860569725504 ], [ 105.833543925993354, 20.979005403381784 ], [ 105.835490555963474, 20.978398888627201 ], [ 105.836974903061602, 20.979647526189826 ] ] ] } },
{ "type": "Feature", "properties": { "h3_id": "89415cb6b23ffff", "h3_resolution": 9, "h3_parent_res8": "88415cb6b3fffff", "centroid_lat": 20.980788939627185, "centroid_lon": 105.8223259283948, "legacy_district": "Hoàng Mai" }, "geometry": { "type": "Polygon", "coordinates": [ [ [ 105.824272714200887, 20.980182530948628 ], [ 105.823810341660547, 20.982037707000181 ], [ 105.821863537924472, 20.982644113674457 ], [ 105.820379113640627, 20.981395330285853 ], [ 105.820841515156332, 20.97954013854509 ], [ 105.822788311981157, 20.978933745881726 ], [ 105.824272714200887, 20.980182530948628 ] ] ] } },
{ "type": "Feature", "properties": { "h3_id": "89415cb6b27ffff", "h3_resolution": 9, "h3_parent_res8": "88415cb6b3fffff", "centroid_lat": 20.98014651318865, "centroid_lon": 105.81889468938664, "legacy_district": "Hoàng Mai" }, "geometry": { "type": "Polygon", "coordinates": [ [ [ 105.820841515156332, 20.97954013854509 ], [ 105.820379113640627, 20.981395330285853 ], [ 105.818432269942193, 20.982001702921977 ], [ 105.816947834675972, 20.98075286980978 ], [ 105.817410265164526, 20.9788976623854 ], [ 105.819357101947077, 20.978291303756421 ], [ 105.820841515156332, 20.97954013854509 ] ] ] } },
{ "type": "Feature", "properties": { "h3_id": "89415cb6b2bffff", "h3_resolution": 9, "h3_parent_res8": "88415cb6b3fffff", "centroid_lat": 20.983892863351933, "centroid_lon": 105.82334796223618, "legacy_district": "Hoàng Mai" }, "geometry": { "type": "Polygon", "coordinates": [ [ [ 105.825294754951528, 20.983286440661541 ], [ 105.824832386573775, 20.985141579315755 ], [ 105.822885575927714, 20.985748 ], [ 105.821401140570046, 20.984499268019594 ], [ 105.821863537924472, 20.982644113674457 ], [ 105.823810341660547, 20.982037707000181 ], [ 105.825294754951528, 20.983286440661541 ] ] ] } },
{ "type": "Feature", "properties": { "h3_id": "89415cb6b2fffff", "h3_resolution": 9, "h3_parent_res8": "88415cb6b3fffff", "centroid_lat": 20.983250502326094, "centroid_lon": 105.81991670524087, "legacy_district": "Hoàng Mai" }, "geometry": { "type": "Polygon", "coordinates": [ [ [ 105.821863537924472, 20.982644113674457 ], [ 105.821401140570046, 20.984499268019594 ], [ 105.819454289956965, 20.985105654661879 ], [ 105.817969843613611, 20.983856872952462 ], [ 105.818432269942193, 20.982001702921977 ], [ 105.820379113640627, 20.981395330285853 ], [ 105.821863537924472, 20.982644113674457 ] ] ] } },
{ "type": "Feature", "properties": { "h3_id": "89415cb6b33ffff", "h3_resolution": 9, "h3_parent_res8": "88415cb6b3fffff", "centroid_lat": 20.978327335201207, "centroid_lon": 105.82473507985731, "legacy_district": "Hoàng Mai" }, "geometry": { "type": "Polygon", "coordinates": [ [ [ 105.826681818780898, 20.977720906506171 ], [ 105.826219471054998, 20.979576104252807 ], [ 105.824272714200887, 20.980182530948628 ], [ 105.822788311981157, 20.978933745881726 ], [ 105.823250688683601, 20.977078532442011 ], [ 105.825197438629885, 20.976472119761866 ], [ 105.826681818780898, 20.977720906506171 ] ] ] } },
{ "type": "Feature", "properties": { "h3_id": "89415cb6b37ffff", "h3_resolution": 9, "h3_parent_res8": "88415cb6b3fffff", "centroid_lat": 20.977684927107749, "centroid_lon": 105.82130390978806, "legacy_district": "Hoàng Mai" }, "geometry": { "type": "Polygon", "coordinates": [ [ [ 105.823250688683601, 20.977078532442011 ], [ 105.822788311981157, 20.978933745881726 ], [ 105.820841515156332, 20.97954013854509 ], [ 105.819357101947077, 20.978291303756421 ], [ 105.819819507623578, 20.976436074629234 ], [ 105.82176629753593, 20.975829695977772 ], [ 105.823250688683601, 20.977078532442011 ] ] ] } },
{ "type": "Feature", "properties": { "h3_id": "89415cb6b3bffff", "h3_resolution": 9, "h3_parent_res8": "88415cb6b3fffff", "centroid_lat": 20.981431282305913, "centroid_lon": 105.82575711644525, "legacy_district": "Hoàng Mai" }, "geometry": { "type": "Polygon", "coordinates": [ [ [ 105.827703862274731, 20.980824839594295 ], [ 105.827241518712256, 20.982679999951056 ], [ 105.825294754951528, 20.983286440661541 ], [ 105.823810341660547, 20.982037707000181 ], [ 105.824272714200887, 20.980182530948628 ], [ 105.826219471054998, 20.979576104252807 ], [ 105.827703862274731, 20.980824839594295 ] ] ] } },
{ "type": "Feature", "properties": { "h3_id": "89415cb6b43ffff", "h3_resolution": 9, "h3_parent_res8": "88415cb6b5fffff", "centroid_lat": 20.986461469747791, "centroid_lon": 105.83707248032563, "legacy_district": "Thanh Xuân" }, "geometry": { "type": "Polygon", "coordinates": [ [ [ 105.839019113038106, 20.985854910921802 ], [ 105.838556860592064, 20.9877099867564 ], [ 105.836610209943942, 20.988316543588795 ], [ 105.835125818633912, 20.987068010561234 ], [ 105.835588100066659, 20.98521291901335 ], [ 105.837534743823355, 20.9846063762059 ], [ 105.839019113038106, 20.985854910921802 ] ] ] } },
{ "type": "Feature", "properties": { "h3_id": "89415cb6b47ffff", "h3_resolution": 9, "h3_parent_res8": "88415cb6b5fffff", "centroid_lat": 20.98581944380836, "centroid_lon": 105.83364142733399, "legacy_district": "Hoàng Mai" }, "geometry": { "type": "Polygon", "coordinates": [ [ [ 105.835588100066659, 20.98521291901335 ], [ 105.835125818633912, 20.987068010561234 ], [ 105.833179127966829, 20.987674533359492 ], [ 105.831694725629177, 20.986425950588274 ], [ 105.832157036046098, 20.984570843332694 ], [ 105.834103719817122, 20.983964334555619 ], [ 105.835588100066659, 20.98521291901335 ] ] ] } },
{ "type": "Feature", "properties": { "h3_id": "89415cb6b4bffff", "h3_resolution": 9, "h3_parent_res8": "88415cb6b5fffff", "centroid_lat": 20.989565042888497, "centroid_lon": 105.83809460126201, "legacy_district": "Thanh Xuân" }, "geometry": { "type": "Polygon", "coordinates": [ [ [ 105.84004124086394, 20.988958470036653 ], [ 105.839578992586155, 20.990813508457819 ], [ 105.837632335047871, 20.991420079314167 ], [ 105.836147932678173, 20.990171597724974 ], [ 105.836610209943942, 20.988316543588795 ], [ 105.838556860592064, 20.9877099867564 ], [ 105.84004124086394, 20.988958470036653 ] ] ] } },
{ "type": "Feature", "properties": { "h3_id": "89415cb6b4fffff", "h3_resolution": 9, "h3_parent_res8": "88415cb6b5fffff", "centroid_lat": 20.988923082405904, "centroid_lon": 105.83466353031714, "legacy_district": "Thanh Xuân" }, "geometry": { "type": "Polygon", "coordinates": [ [ [ 105.836610209943942, 20.988316543588795 ], [ 105.836147932678173, 20.990171597724974 ], [ 105.834201235116254, 20.990778134543426 ], [ 105.832716821715579, 20.989529603205092 ], [ 105.833179127966829, 20.987674533359492 ], [ 105.835125818633912, 20.987068010561234 ], [ 105.836610209943942, 20.988316543588795 ] ] ] } },
{ "type": "Feature", "properties": { "h3_id": "89415cb6b53ffff", "h3_resolution": 9, "h3_parent_res8": "88415cb6b5fffff", "centroid_lat": 20.983999815388646, "centroid_lon": 105.83948135860025, "legacy_district": "Hoàng Mai" }, "geometry": { "type": "Polygon", "coordinates": [ [ [ 105.841427944393473, 20.983393236564229 ], [ 105.840965716767499, 20.985248334085917 ], [ 105.839019113038106, 20.985854910921802 ], [ 105.837534743823355, 20.9846063762059 ], [ 105.837997000437213, 20.982751262967067 ], [ 105.839943597278591, 20.982144700160873 ], [ 105.841427944393473, 20.983393236564229 ] ] ] } },
{ "type": "Feature", "properties": { "h3_id": "89415cb6b57ffff", "h3_resolution": 9, "h3_parent_res8": "88415cb6b5fffff", "centroid_lat": 20.9833578077662, "centroid_lon": 105.83605037461545, "legacy_district": "Hoàng Mai" }, "geometry": { "type": "Polygon", "coordinates": [ [ [ 105.837997000437213, 20.982751262967067 ], [ 105.837534743823355, 20.9846063762059 ], [ 105.835588100066659, 20.98521291901335 ], [ 105.834103719817122, 20.983964334555619 ], [ 105.834566005416349, 20.982109205605219 ], [ 105.836512642280397, 20.981502676823705 ], [ 105.837997000437213, 20.982751262967067 ] ] ] } },
{ "type": "Feature", "properties": { "h3_id": "89415cb6b5bffff", "h3_resolution": 9, "h3_parent_res8": "88415cb6b5fffff", "centroid_lat": 20.987103411911363, "centroid_lon": 105.84050348225769, "legacy_district": "Thanh Xuân" }, "geometry": { "type": "Polygon", "coordinates": [ [ [ 105.842450074936977, 20.986496819056342 ], [ 105.841987851480113, 20.988351879172068 ], [ 105.84004124086394, 20.988958470036653 ], [ 105.838556860592064, 20.9877099867564 ], [ 105.839019113038106, 20.985854910921802 ], [ 105.840965716767499, 20.985248334085917 ], [ 105.842450074936977, 20.986496819056342 ] ] ] } },
{ "type": "Feature", "properties": { "h3_id": "89415cb6b63ffff", "h3_resolution": 9, "h3_parent_res8": "88415cb6b7fffff", "centroid_lat": 20.987638910092254, "centroid_lon": 105.8278012353186, "legacy_district": "Hoàng Mai" }, "geometry": { "type": "Polygon", "coordinates": [ [ [ 105.829747994956108, 20.98703243935045 ], [ 105.829285659721876, 20.988887524899873 ], [ 105.827338882151722, 20.989493993636724 ], [ 105.825854446720527, 20.988245362811032 ], [ 105.826316810935253, 20.986390261563361 ], [ 105.82826358160132, 20.985783806839208 ], [ 105.829747994956108, 20.98703243935045 ] ] ] } },
{ "type": "Feature", "properties": { "h3_id": "89415cb6b67ffff", "h3_resolution": 9, "h3_parent_res8": "88415cb6b7fffff", "centroid_lat": 20.986996698264591, "centroid_lon": 105.82437001131187, "legacy_district": "Hoàng Mai" }, "geometry": { "type": "Polygon", "coordinates": [ [ [ 105.826316810935253, 20.986390261563361 ], [ 105.825854446720527, 20.988245362811032 ], [ 105.823907629165717, 20.988851797504157 ], [ 105.822423182735022, 20.987603116940264 ], [ 105.822885575927714, 20.985748 ], [ 105.824832386573775, 20.985141579315755 ], [ 105.826316810935253, 20.986390261563361 ] ] ] } },
{ "type": "Feature", "properties": { "h3_id": "89415cb6b6bffff", "h3_resolution": 9, "h3_parent_res8": "88415cb6b7fffff", "centroid_lat": 20.990742590739121, "centroid_lon": 105.82882331760341, "legacy_district": "Hoàng Mai" }, "geometry": { "type": "Polygon", "coordinates": [ [ [ 105.830770084143055, 20.990136105983712 ], [ 105.83030775307364, 20.991991154115695 ], [ 105.828360968600634, 20.992597636864222 ], [ 105.826876522100534, 20.991349057468664 ], [ 105.827338882151722, 20.989493993636724 ], [ 105.829285659721876, 20.988887524899873 ], [ 105.830770084143055, 20.990136105983712 ] ] ] } },
{ "type": "Feature", "properties": { "h3_id": "89415cb6b6fffff", "h3_resolution": 9, "h3_parent_res8": "88415cb6b7fffff", "centroid_lat": 20.990100444347803, "centroid_lon": 105.82539207562156, "legacy_district": "Hoàng Mai" }, "geometry": { "type": "Polygon", "coordinates": [ [ [ 105.827338882151722, 20.989493993636724 ], [ 105.826876522100534, 20.991349057468664 ], [ 105.824929697638225, 20.991955506169717 ], [ 105.823445240135271, 20.99070687703048 ], [ 105.823907629165717, 20.988851797504157 ], [ 105.825854446720527, 20.988245362811032 ], [ 105.827338882151722, 20.989493993636724 ] ] ] } },
{ "type": "Feature", "properties": { "h3_id": "89415cb6b73ffff", "h3_resolution": 9, "h3_parent_res8": "88415cb6b7fffff", "centroid_lat": 20.985177334094772, "centroid_lon": 105.8302103233062, "legacy_district": "Hoàng Mai" }, "geometry": { "type": "Polygon", "coordinates": [ [ [ 105.832157036046098, 20.984570843332694 ], [ 105.831694725629177, 20.986425950588274 ], [ 105.829747994956108, 20.98703243935045 ], [ 105.82826358160132, 20.985783806839208 ], [ 105.828725920999901, 20.983928683881512 ], [ 105.830672644772264, 20.983322209136769 ], [ 105.832157036046098, 20.984570843332694 ] ] ] } },
{ "type": "Feature", "properties": { "h3_id": "89415cb6b77ffff", "h3_resolution": 9, "h3_parent_res8": "88415cb6b7fffff", "centroid_lat": 20.984535140608727, "centroid_lon": 105.82677916826579, "legacy_district": "Hoàng Mai" }, "geometry": { "type": "Polygon", "coordinates": [ [ [ 105.828725920999901, 20.983928683881512 ], [ 105.82826358160132, 20.985783806839208 ], [ 105.826316810935253, 20.986390261563361 ], [ 105.824832386573775, 20.985141579315755 ], [ 105.825294754951528, 20.983286440661541 ], [ 105.827241518712256, 20.982679999951056 ], [ 105.828725920999901, 20.983928683881512 ] ] ] } },
{ "type": "Feature", "properties": { "h3_id": "89415cb6b7bffff", "h3_resolution": 9, "h3_parent_res8": "88415cb6b7fffff", "centroid_lat": 20.988281038139924, "centroid_lon": 105.8312324083282, "legacy_district": "Hoàng Mai" }, "geometry": { "type": "Polygon", "coordinates": [ [ [ 105.833179127966829, 20.987674533359492 ], [ 105.832716821715579, 20.989529603205092 ], [ 105.830770084143055, 20.990136105983712 ], [ 105.829285659721876, 20.988887524899873 ], [ 105.829747994956108, 20.98703243935045 ], [ 105.831694725629177, 20.986425950588274 ], [ 105.833179127966829, 20.987674533359492 ] ] ] } },
{ "type": "Feature", "properties": { "h3_id": "89415cb6b83ffff", "h3_resolution": 9, "h3_parent_res8": "88415cb6b9fffff", "centroid_lat": 20.97158454116461, "centroid_lon": 105.8353930162184, "legacy_district": "Hoàng Mai" }, "geometry": { "type": "Polygon", "coordinates": [ [ [ 105.837339574454887, 20.970978018472586 ], [ 105.836877330157151, 20.972833265526216 ], [ 105.834930753987365, 20.97343978623736 ], [ 105.833446429008987, 20.9721910458608 ], [ 105.833908702289378, 20.970335783096921 ], [ 105.835855271566132, 20.969729276419443 ], [ 105.837339574454887, 20.970978018472586 ] ] ] } },
{ "type": "Feature", "properties": { "h3_id": "89415cb6b87ffff", "h3_resolution": 9, "h3_parent_res8": "88415cb6b9fffff", "centroid_lat": 20.970942271778675, "centroid_lon": 105.83196210404293, "legacy_district": "Hoàng Mai" }, "geometry": { "type": "Polygon", "coordinates": [ [ [ 105.833908702289378, 20.970335783096921 ], [ 105.833446429008987, 20.9721910458608 ], [ 105.831499812830458, 20.972797532558541 ], [ 105.830015476830638, 20.971548742462058 ], [ 105.830477779091197, 20.969693463993508 ], [ 105.832424388372047, 20.969086991325693 ], [ 105.833908702289378, 20.970335783096921 ] ] ] } },
{ "type": "Feature", "properties": { "h3_id": "89415cb6b8bffff", "h3_resolution": 9, "h3_parent_res8": "88415cb6b9fffff", "centroid_lat": 20.974688492905816, "centroid_lon": 105.83641507897606, "legacy_district": "Hoàng Mai" }, "geometry": { "type": "Polygon", "coordinates": [ [ [ 105.8383616441036, 20.974081956179212 ], [ 105.837899403973111, 20.975937165863641 ], [ 105.835952820911544, 20.976543700607458 ], [ 105.8344684848729, 20.975295011633772 ], [ 105.834930753987365, 20.97343978623736 ], [ 105.836877330157151, 20.972833265526216 ], [ 105.8383616441036, 20.974081956179212 ] ] ] } },
{ "type": "Feature", "properties": { "h3_id": "89415cb6b8fffff", "h3_resolution": 9, "h3_parent_res8": "88415cb6b9fffff", "centroid_lat": 20.974046288949953, "centroid_lon": 105.83298414884521, "legacy_district": "Hoàng Mai" }, "geometry": { "type": "Polygon", "coordinates": [ [ [ 105.834930753987365, 20.97343978623736 ], [ 105.8344684848729, 20.975295011633772 ], [ 105.832521861797957, 20.975901512360426 ], [ 105.831037514734547, 20.974652773661344 ], [ 105.831499812830458, 20.972797532558541 ], [ 105.833446429008987, 20.9721910458608 ], [ 105.834930753987365, 20.97343978623736 ] ] ] } },
{ "type": "Feature", "properties": { "h3_id": "89415cb6b93ffff", "h3_resolution": 9, "h3_parent_res8": "88415cb6b9fffff", "centroid_lat": 20.969122751748891, "centroid_lon": 105.83780181186935, "legacy_district": "Hoàng Mai" }, "geometry": { "type": "Polygon", "coordinates": [ [ [ 105.839748323195195, 20.968516209087895 ], [ 105.839286103714556, 20.970371477787399 ], [ 105.837339574454887, 20.970978018472586 ], [ 105.835855271566132, 20.969729276419443 ], [ 105.836317520030619, 20.967873992005817 ], [ 105.838264042400681, 20.967267465359051 ], [ 105.839748323195195, 20.968516209087895 ] ] ] } },
{ "type": "Feature", "properties": { "h3_id": "89415cb6b97ffff", "h3_resolution": 9, "h3_parent_res8": "88415cb6b9fffff", "centroid_lat": 20.968480500662238, "centroid_lon": 105.83437096868647, "legacy_district": "Hoàng Mai" }, "geometry": { "type": "Polygon", "coordinates": [ [ [ 105.836317520030619, 20.967873992005817 ], [ 105.835855271566132, 20.969729276419443 ], [ 105.833908702289378, 20.970335783096921 ], [ 105.832424388372047, 20.969086991325693 ], [ 105.832886665817895, 20.96723169120353 ], [ 105.834833228200381, 20.96662519856072 ], [ 105.836317520030619, 20.967873992005817 ] ] ] } },
{ "type": "Feature", "properties": { "h3_id": "89415cb6b9bffff", "h3_resolution": 9, "h3_parent_res8": "88415cb6b9fffff", "centroid_lat": 20.972226726819148, "centroid_lon": 105.83882387735072, "legacy_district": "Hoàng Mai" }, "geometry": { "type": "Polygon", "coordinates": [ [ [ 105.840770395564221, 20.971620170118818 ], [ 105.840308180251654, 20.973475401456586 ], [ 105.8383616441036, 20.974081956179212 ], [ 105.836877330157151, 20.972833265526216 ], [ 105.837339574454887, 20.970978018472586 ], [ 105.839286103714556, 20.970371477787399 ], [ 105.840770395564221, 20.971620170118818 ] ] ] } },
{ "type": "Feature", "properties": { "h3_id": "89415cb6ba3ffff", "h3_resolution": 9, "h3_parent_res8": "88415cb6bbfffff", "centroid_lat": 20.972761629823168, "centroid_lon": 105.82612213552393, "legacy_district": "Hoàng Mai" }, "geometry": { "type": "Polygon", "coordinates": [ [ [ 105.82806882065637, 20.972155195144442 ], [ 105.827606493581484, 20.974010451948047 ], [ 105.825659790518742, 20.974616884634543 ], [ 105.824175421437218, 20.973368046495604 ], [ 105.824637777488533, 20.971512773996775 ], [ 105.826584473645582, 20.970906355331696 ], [ 105.82806882065637, 20.972155195144442 ] ] ] } },
{ "type": "Feature", "properties": { "h3_id": "89415cb6ba7ffff", "h3_resolution": 9, "h3_parent_res8": "88415cb6bbfffff", "centroid_lat": 20.97211917465566, "centroid_lon": 105.82269105238045, "legacy_district": "Hoàng Mai" }, "geometry": { "type": "Polygon", "coordinates": [ [ [ 105.824637777488533, 20.971512773996775 ], [ 105.824175421437218, 20.973368046495604 ], [ 105.822228678400037, 20.973974445159097 ], [ 105.820744298325181, 20.972725557305711 ], [ 105.821206683350454, 20.970870269117267 ], [ 105.823153419477265, 20.970263884471414 ], [ 105.824637777488533, 20.971512773996775 ] ] ] } },
{ "type": "Feature", "properties": { "h3_id": "89415cb6babffff", "h3_resolution": 9, "h3_parent_res8": "88415cb6bbfffff", "centroid_lat": 20.975865689069941, "centroid_lon": 105.82714415962303, "legacy_district": "Hoàng Mai" }, "geometry": { "type": "Polygon", "coordinates": [ [ [ 105.829090851659203, 20.975259240368878 ], [ 105.828628528748098, 20.977114459799271 ], [ 105.826681818780898, 20.977720906506171 ], [ 105.825197438629885, 20.976472119761866 ], [ 105.825659790518742, 20.974616884634543 ], [ 105.827606493581484, 20.974010451948047 ], [ 105.829090851659203, 20.975259240368878 ] ] ] } },
{ "type": "Feature", "properties": { "h3_id": "89415cb6bafffff", "h3_resolution": 9, "h3_parent_res8": "88415cb6bbfffff", "centroid_lat": 20.975223299311988, "centroid_lon": 105.82371305850226, "legacy_district": "Hoàng Mai" }, "geometry": { "type": "Polygon", "coordinates": [ [ [ 105.825659790518742, 20.974616884634543 ], [ 105.825197438629885, 20.976472119761866 ], [ 105.823250688683601, 20.977078532442011 ], [ 105.82176629753593, 20.975829695977772 ], [ 105.822228678400037, 20.973974445159097 ], [ 105.824175421437218, 20.973368046495604 ], [ 105.825659790518742, 20.974616884634543 ] ] ] } },
{ "type": "Feature", "properties": { "h3_id": "89415cb6bb3ffff", "h3_resolution": 9, "h3_parent_res8": "88415cb6bbfffff", "centroid_lat": 20.970299918663056, "centroid_lon": 105.82853114084774, "legacy_district": "Hoàng Mai" }, "geometry": { "type": "Polygon", "coordinates": [ [ [ 105.830477779091197, 20.969693463993508 ], [ 105.830015476830638, 20.971548742462058 ], [ 105.82806882065637, 20.972155195144442 ], [ 105.826584473645582, 20.970906355331696 ], [ 105.827046804883778, 20.969051061164063 ], [ 105.82899345415575, 20.968444622507846 ], [ 105.830477779091197, 20.969693463993508 ] ] ] } },
{ "type": "Feature", "properties": { "h3_id": "89415cb6bb7ffff", "h3_resolution": 9, "h3_parent_res8": "88415cb6bbfffff", "centroid_lat": 20.969657481819471, "centroid_lon": 105.82510012665634, "legacy_district": "Hoàng Mai" }, "geometry": { "type": "Polygon", "coordinates": [ [ [ 105.827046804883778, 20.969051061164063 ], [ 105.826584473645582, 20.970906355331696 ], [ 105.824637777488533, 20.971512773996775 ], [ 105.823153419477265, 20.970263884471414 ], [ 105.823615779690613, 20.968408574610297 ], [ 105.825562468940717, 20.967802169967616 ], [ 105.827046804883778, 20.969051061164063 ] ] ] } },
{ "type": "Feature", "properties": { "h3_id": "89415cb6bbbffff", "h3_resolution": 9, "h3_parent_res8": "88415cb6bbfffff", "centroid_lat": 20.973404001255169, "centroid_lon": 105.82955316768667, "legacy_district": "Hoàng Mai" }, "geometry": { "type": "Polygon", "coordinates": [ [ [ 105.831499812830458, 20.972797532558541 ], [ 105.831037514734547, 20.974652773661344 ], [ 105.829090851659203, 20.975259240368878 ], [ 105.827606493581484, 20.974010451948047 ], [ 105.82806882065637, 20.972155195144442 ], [ 105.830015476830638, 20.971548742462058 ], [ 105.831499812830458, 20.972797532558541 ] ] ] } },
{ "type": "Feature", "properties": { "h3_id": "89415cb6bc3ffff", "h3_resolution": 9, "h3_parent_res8": "88415cb6bdfffff", "centroid_lat": 20.97843441063722, "centroid_lon": 105.84086805398421, "legacy_district": "Hoàng Mai" }, "geometry": { "type": "Polygon", "coordinates": [ [ [ 105.842814585969322, 20.977827825861183 ], [ 105.842352378994292, 20.979682982447933 ], [ 105.840405829073205, 20.980289565242423 ], [ 105.838921493013686, 20.979040977414325 ], [ 105.839383728976472, 20.977185805108277 ], [ 105.841330272011675, 20.976579236349231 ], [ 105.842814585969322, 20.977827825861183 ] ] ] } },
{ "type": "Feature", "properties": { "h3_id": "89415cb6bc7ffff", "h3_resolution": 9, "h3_parent_res8": "88415cb6bdfffff", "centroid_lat": 20.977792355868491, "centroid_lon": 105.83743715695913, "legacy_district": "Hoàng Mai" }, "geometry": { "type": "Polygon", "coordinates": [ [ [ 105.839383728976472, 20.977185805108277 ], [ 105.838921493013686, 20.979040977414325 ], [ 105.836974903061602, 20.979647526189826 ], [ 105.835490555963474, 20.978398888627201 ], [ 105.835952820911544, 20.976543700607458 ], [ 105.837899403973111, 20.975937165863641 ], [ 105.839383728976472, 20.977185805108277 ] ] ] } },
{ "type": "Feature", "properties": { "h3_id": "89415cb6bcbffff", "h3_resolution": 9, "h3_parent_res8": "88415cb6bdfffff", "centroid_lat": 20.981538119350255, "centroid_lon": 105.84189016513571, "legacy_district": "Hoàng Mai" }, "geometry": { "type": "Polygon", "coordinates": [ [ [ 105.84383670400473, 20.980931520537862 ], [ 105.843374501199193, 20.982786639735306 ], [ 105.841427944393473, 20.983393236564229 ], [ 105.839943597278591, 20.982144700160873 ], [ 105.840405829073205, 20.980289565242423 ], [ 105.842352378994292, 20.979682982447933 ], [ 105.84383670400473, 20.980931520537862 ] ] ] } },
{ "type": "Feature", "properties": { "h3_id": "89415cb6bcfffff", "h3_resolution": 9, "h3_parent_res8": "88415cb6bdfffff", "centroid_lat": 20.980896130035223, "centroid_lon": 105.83845925016729, "legacy_district": "Hoàng Mai" }, "geometry": { "type": "Polygon", "coordinates": [ [ [ 105.840405829073205, 20.980289565242423 ], [ 105.839943597278591, 20.982144700160873 ], [ 105.837997000437213, 20.982751262967067 ], [ 105.836512642280397, 20.981502676823705 ], [ 105.836974903061602, 20.979647526189826 ], [ 105.838921493013686, 20.979040977414325 ], [ 105.840405829073205, 20.980289565242423 ] ] ] } },
{ "type": "Feature", "properties": { "h3_id": "89415cb6bd3ffff", "h3_resolution": 9, "h3_parent_res8": "88415cb6bdfffff", "centroid_lat": 20.975972649593977, "centroid_lon": 105.84327678606087, "legacy_district": "Hoàng Mai" }, "geometry": { "type": "Polygon", "coordinates": [ [ [ 105.845223271120204, 20.975366044845167 ], [ 105.844761088965157, 20.977221223088851 ], [ 105.842814585969322, 20.977827825861183 ], [ 105.841330272011675, 20.976579236349231 ], [ 105.8417924831557, 20.97472404238238 ], [ 105.843738979269048, 20.97411745365023 ], [ 105.845223271120204, 20.975366044845167 ] ] ] } },
{ "type": "Feature", "properties": { "h3_id": "89415cb6bd7ffff", "h3_resolution": 9, "h3_parent_res8": "88415cb6bdfffff", "centroid_lat": 20.975330613121056, "centroid_lon": 105.83984595805578, "legacy_district": "Hoàng Mai" }, "geometry": { "type": "Polygon", "coordinates": [ [ [ 105.8417924831557, 20.97472404238238 ], [ 105.841330272011675, 20.976579236349231 ], [ 105.839383728976472, 20.977185805108277 ], [ 105.837899403973111, 20.975937165863641 ], [ 105.8383616441036, 20.974081956179212 ], [ 105.840308180251654, 20.973475401456586 ], [ 105.8417924831557, 20.97472404238238 ] ] ] } },
{ "type": "Feature", "properties": { "h3_id": "89415cb6bdbffff", "h3_resolution": 9, "h3_parent_res8": "88415cb6bdfffff", "centroid_lat": 20.979076381654412, "centroid_lon": 105.8442988999267, "legacy_district": "Hoàng Mai" }, "geometry": { "type": "Polygon", "coordinates": [ [ [ 105.846245391866574, 20.978469762864481 ], [ 105.845783213881816, 20.980324903726338 ], [ 105.84383670400473, 20.980931520537862 ], [ 105.842352378994292, 20.979682982447933 ], [ 105.842814585969322, 20.977827825861183 ], [ 105.844761088965157, 20.977221223088851 ], [ 105.846245391866574, 20.978469762864481 ] ] ] } },
{ "type": "Feature", "properties": { "h3_id": "89415cb6c43ffff", "h3_resolution": 9, "h3_parent_res8": "88415cb6c5fffff", "centroid_lat": 20.951994523837829, "centroid_lon": 105.87079024597472, "legacy_district": "Hoàng Mai" }, "geometry": { "type": "Polygon", "coordinates": [ [ [ 105.87273622136766, 20.951387685984844 ], [ 105.872274316435337, 20.953243064407193 ], [ 105.8703283230995, 20.953849900337524 ], [ 105.8688442415406, 20.952601343753653 ], [ 105.869306175476311, 20.950745949563906 ], [ 105.871252161968201, 20.950139127725016 ], [ 105.87273622136766, 20.951387685984844 ] ] ] } },
{ "type": "Feature", "properties": { "h3_id": "89415cb6c4bffff", "h3_resolution": 9, "h3_parent_res8": "88415cb6c5fffff", "centroid_lat": 20.955098423214807, "centroid_lon": 105.87181240462124, "legacy_district": "Hoàng Mai" }, "geometry": { "type": "Polygon", "coordinates": [ [ [ 105.873758386856167, 20.954491571269447 ], [ 105.873296486103811, 20.956346912382958 ], [ 105.871350485925291, 20.956953762403732 ], [ 105.869866393342448, 20.955705257220153 ], [ 105.8703283230995, 20.953849900337524 ], [ 105.872274316435337, 20.953243064407193 ], [ 105.873758386856167, 20.954491571269447 ] ] ] } },
{ "type": "Feature", "properties": { "h3_id": "89415cb6c4fffff", "h3_resolution": 9, "h3_parent_res8": "88415cb6c5fffff", "centroid_lat": 20.95445671832795, "centroid_lon": 105.86838230072307, "legacy_district": "Hoàng Mai" }, "geometry": { "type": "Polygon", "coordinates": [ [ [ 105.8703283230995, 20.953849900337524 ], [ 105.869866393342448, 20.955705257220153 ], [ 105.867920353023635, 20.956312073282852 ], [ 105.866436249309842, 20.955063518375812 ], [ 105.866898208069117, 20.953208145729658 ], [ 105.8688442415406, 20.952601343753653 ], [ 105.8703283230995, 20.953849900337524 ] ] ] } },
{ "type": "Feature", "properties": { "h3_id": "89415cb6c63ffff", "h3_resolution": 9, "h3_parent_res8": "88415cb6c7fffff", "centroid_lat": 20.953173057522246, "centroid_lon": 105.8615219391678, "legacy_district": "Hoàng Mai" }, "geometry": { "type": "Polygon", "coordinates": [ [ [ 105.863468041788394, 20.952566307447537 ], [ 105.863006054029412, 20.954421695851639 ], [ 105.861059933468894, 20.95502844399233 ], [ 105.859575807524607, 20.953779789649296 ], [ 105.860037824280823, 20.951924385492841 ], [ 105.861983937984732, 20.951317651431349 ], [ 105.863468041788394, 20.952566307447537 ] ] ] } },
{ "type": "Feature", "properties": { "h3_id": "89415cb6c6bffff", "h3_resolution": 9, "h3_parent_res8": "88415cb6c7fffff", "centroid_lat": 20.956277064633312, "centroid_lon": 105.86254405938843, "legacy_district": "Hoàng Mai" }, "geometry": { "type": "Polygon", "coordinates": [ [ [ 105.864490168863668, 20.955670300478491 ], [ 105.864028185281214, 20.957525651569721 ], [ 105.862082057865322, 20.958132413788604 ], [ 105.860597920887898, 20.956883810837645 ], [ 105.861059933468894, 20.95502844399233 ], [ 105.863006054029412, 20.954421695851639 ], [ 105.864490168863668, 20.955670300478491 ] ] ] } },
{ "type": "Feature", "properties": { "h3_id": "89415cb6c7bffff", "h3_resolution": 9, "h3_parent_res8": "88415cb6c7fffff", "centroid_lat": 20.953814929763197, "centroid_lon": 105.86495214556409, "legacy_district": "Hoàng Mai" }, "geometry": { "type": "Polygon", "coordinates": [ [ [ 105.866898208069117, 20.953208145729658 ], [ 105.866436249309842, 20.955063518375812 ], [ 105.864490168863668, 20.955670300478491 ], [ 105.863006054029412, 20.954421695851639 ], [ 105.863468041788394, 20.952566307447537 ], [ 105.865414115382592, 20.951959539427815 ], [ 105.866898208069117, 20.953208145729658 ] ] ] } },
{ "type": "Feature", "properties": { "h3_id": "89415cb6e03ffff", "h3_resolution": 9, "h3_parent_res8": "88415cb6e1fffff", "centroid_lat": 20.966871690518833, "centroid_lon": 105.87247101586465, "legacy_district": "Hoàng Mai" }, "geometry": { "type": "Polygon", "coordinates": [ [ [ 105.874417065615091, 20.966264816183958 ], [ 105.873955152577409, 20.968120023746145 ], [ 105.872009084881725, 20.968726896145618 ], [ 105.870524937066719, 20.967478546899816 ], [ 105.870986879111825, 20.965623323567218 ], [ 105.872932939965168, 20.965016465250432 ], [ 105.874417065615091, 20.966264816183958 ] ] ] } },
{ "type": "Feature", "properties": { "h3_id": "89415cb6e07ffff", "h3_resolution": 9, "h3_parent_res8": "88415cb6e1fffff", "centroid_lat": 20.966230163930209, "centroid_lon": 105.86904078921427, "legacy_district": "Hoàng Mai" }, "geometry": { "type": "Polygon", "coordinates": [ [ [ 105.870986879111825, 20.965623323567218 ], [ 105.870524937066719, 20.967478546899816 ], [ 105.868578829225157, 20.968085385324269 ], [ 105.867094670276302, 20.966836986336759 ], [ 105.867556641326345, 20.964981747239314 ], [ 105.869502742320932, 20.964374922893811 ], [ 105.870986879111825, 20.965623323567218 ] ] ] } },
{ "type": "Feature", "properties": { "h3_id": "89415cb6e0bffff", "h3_resolution": 9, "h3_parent_res8": "88415cb6e1fffff", "centroid_lat": 20.969975211665083, "centroid_lon": 105.87349323265731, "legacy_district": "Hoàng Mai" }, "geometry": { "type": "Polygon", "coordinates": [ [ [ 105.875439289248135, 20.969368323246606 ], [ 105.874977380391485, 20.971223493455685 ], [ 105.87303130585471, 20.971830379936875 ], [ 105.871547147016329, 20.970582082126853 ], [ 105.872009084881725, 20.968726896145618 ], [ 105.873955152577409, 20.968120023746145 ], [ 105.875439289248135, 20.969368323246606 ] ] ] } },
{ "type": "Feature", "properties": { "h3_id": "89415cb6e0fffff", "h3_resolution": 9, "h3_parent_res8": "88415cb6e1fffff", "centroid_lat": 20.969333750588479, "centroid_lon": 105.87006298813915, "legacy_district": "Hoàng Mai" }, "geometry": { "type": "Polygon", "coordinates": [ [ [ 105.872009084881725, 20.968726896145618 ], [ 105.871547147016329, 20.970582082126853 ], [ 105.869601032329044, 20.97118893462925 ], [ 105.868116862353503, 20.969940587072053 ], [ 105.868578829225157, 20.968085385324269 ], [ 105.870524937066719, 20.967478546899816 ], [ 105.872009084881725, 20.968726896145618 ] ] ] } },
{ "type": "Feature", "properties": { "h3_id": "89415cb6e13ffff", "h3_resolution": 9, "h3_parent_res8": "88415cb6e1fffff", "centroid_lat": 20.964409588982491, "centroid_lon": 105.87487897177044, "legacy_district": "Hoàng Mai" }, "geometry": { "type": "Polygon", "coordinates": [ [ [ 105.876824974523814, 20.963802694766038 ], [ 105.876363086314214, 20.96565792389784 ], [ 105.874417065615091, 20.966264816183958 ], [ 105.872932939965168, 20.965016465250432 ], [ 105.873394857183399, 20.96316122034434 ], [ 105.875340871043562, 20.962554342145669 ], [ 105.876824974523814, 20.963802694766038 ] ] ] } },
{ "type": "Feature", "properties": { "h3_id": "89415cb6e17ffff", "h3_resolution": 9, "h3_parent_res8": "88415cb6e1fffff", "centroid_lat": 20.963768080594598, "centroid_lon": 105.87144881427457, "legacy_district": "Hoàng Mai" }, "geometry": { "type": "Polygon", "coordinates": [ [ [ 105.873394857183399, 20.96316122034434 ], [ 105.872932939965168, 20.965016465250432 ], [ 105.870986879111825, 20.965623323567218 ], [ 105.869502742320932, 20.964374922893811 ], [ 105.869964688545295, 20.962519662219016 ], [ 105.871910742555059, 20.961912817985933 ], [ 105.873394857183399, 20.96316122034434 ] ] ] } },
{ "type": "Feature", "properties": { "h3_id": "89415cb6e1bffff", "h3_resolution": 9, "h3_parent_res8": "88415cb6e1fffff", "centroid_lat": 20.967513133392675, "centroid_lon": 105.87590119122234, "legacy_district": "Hoàng Mai" }, "geometry": { "type": "Polygon", "coordinates": [ [ [ 105.87784720081271, 20.966906225087865 ], [ 105.877385316784952, 20.968761416874038 ], [ 105.875439289248135, 20.969368323246606 ], [ 105.873955152577409, 20.968120023746145 ], [ 105.874417065615091, 20.966264816183958 ], [ 105.876363086314214, 20.96565792389784 ], [ 105.87784720081271, 20.966906225087865 ] ] ] } },
{ "type": "Feature", "properties": { "h3_id": "89415cb6e23ffff", "h3_resolution": 9, "h3_parent_res8": "88415cb6e3fffff", "centroid_lat": 20.968050577269953, "centroid_lon": 105.8632023452946, "legacy_district": "Hoàng Mai" }, "geometry": { "type": "Polygon", "coordinates": [ [ [ 105.865148522301808, 20.967443790784223 ], [ 105.864686526426425, 20.969299008292985 ], [ 105.862740331476957, 20.969905792831955 ], [ 105.861256139258529, 20.968657345791311 ], [ 105.861718164135155, 20.966802112527169 ], [ 105.86366435222962, 20.966195342058633 ], [ 105.865148522301808, 20.967443790784223 ] ] ] } },
{ "type": "Feature", "properties": { "h3_id": "89415cb6e27ffff", "h3_resolution": 9, "h3_parent_res8": "88415cb6e3fffff", "centroid_lat": 20.967408865031413, "centroid_lon": 105.85977194701509, "legacy_district": "Hoàng Mai" }, "geometry": { "type": "Polygon", "coordinates": [ [ [ 105.861718164135155, 20.966802112527169 ], [ 105.861256139258529, 20.968657345791311 ], [ 105.859309904197431, 20.969264096345647 ], [ 105.857825700873263, 20.96801559956873 ], [ 105.858287754748645, 20.966160350554787 ], [ 105.860233982950092, 20.965553614067144 ], [ 105.861718164135155, 20.966802112527169 ] ] ] } },
{ "type": "Feature", "properties": { "h3_id": "89415cb6e2bffff", "h3_resolution": 9, "h3_parent_res8": "88415cb6e3fffff", "centroid_lat": 20.971154206150821, "centroid_lon": 105.8642245236684, "legacy_district": "Hoàng Mai" }, "geometry": { "type": "Polygon", "coordinates": [ [ [ 105.866170707528639, 20.97054740559372 ], [ 105.86570871583082, 20.972402585745357 ], [ 105.863762514027599, 20.973009384353787 ], [ 105.862278310776603, 20.971760988740701 ], [ 105.862740331476957, 20.969905792831955 ], [ 105.864686526426425, 20.969299008292985 ], [ 105.866170707528639, 20.97054740559372 ] ] ] } },
{ "type": "Feature", "properties": { "h3_id": "89415cb6e2fffff", "h3_resolution": 9, "h3_parent_res8": "88415cb6e3fffff", "centroid_lat": 20.970512559403815, "centroid_lon": 105.8607941074992, "legacy_district": "Hoàng Mai" }, "geometry": { "type": "Polygon", "coordinates": [ [ [ 105.862740331476957, 20.969905792831955 ], [ 105.862278310776603, 20.971760988740701 ], [ 105.860332068857105, 20.972367753360736 ], [ 105.858847854497014, 20.97111930800591 ], [ 105.859309904197431, 20.969264096345647 ], [ 105.861256139258529, 20.968657345791311 ], [ 105.862740331476957, 20.969905792831955 ] ] ] } },
{ "type": "Feature", "properties": { "h3_id": "89415cb6e33ffff", "h3_resolution": 9, "h3_parent_res8": "88415cb6e3fffff", "centroid_lat": 20.965588553628471, "centroid_lon": 105.86561051129461, "legacy_district": "Hoàng Mai" }, "geometry": { "type": "Polygon", "coordinates": [ [ [ 105.867556641326345, 20.964981747239314 ], [ 105.867094670276302, 20.966836986336759 ], [ 105.865148522301808, 20.967443790784223 ], [ 105.86366435222962, 20.966195342058633 ], [ 105.864126352282099, 20.964340087201947 ], [ 105.866072493404971, 20.963733296829677 ], [ 105.867556641326345, 20.964981747239314 ] ] ] } },
{ "type": "Feature", "properties": { "h3_id": "89415cb6e37ffff", "h3_resolution": 9, "h3_parent_res8": "88415cb6e3fffff", "centroid_lat": 20.964946859615317, "centroid_lon": 105.86218018212918, "legacy_district": "Hoàng Mai" }, "geometry": { "type": "Polygon", "coordinates": [ [ [ 105.864126352282099, 20.964340087201947 ], [ 105.86366435222962, 20.966195342058633 ], [ 105.861718164135155, 20.966802112527169 ], [ 105.860233982950092, 20.965553614067144 ], [ 105.860696012002521, 20.963698343456784 ], [ 105.862642193240717, 20.963091587059708 ], [ 105.864126352282099, 20.964340087201947 ] ] ] } },
{ "type": "Feature", "properties": { "h3_id": "89415cb6e3bffff", "h3_resolution": 9, "h3_parent_res8": "88415cb6e3fffff", "centroid_lat": 20.968692205789544, "centroid_lon": 105.86663269234376, "legacy_district": "Hoàng Mai" }, "geometry": { "type": "Polygon", "coordinates": [ [ [ 105.868578829225157, 20.968085385324269 ], [ 105.868116862353503, 20.969940587072053 ], [ 105.866170707528639, 20.97054740559372 ], [ 105.864686526426425, 20.969299008292985 ], [ 105.865148522301808, 20.967443790784223 ], [ 105.867094670276302, 20.966836986336759 ], [ 105.868578829225157, 20.968085385324269 ] ] ] } },
{ "type": "Feature", "properties": { "h3_id": "89415cb6e43ffff", "h3_resolution": 9, "h3_parent_res8": "88415cb6e5fffff", "centroid_lat": 20.973719955840163, "centroid_lon": 105.87794567572756, "legacy_district": "Hoàng Mai" }, "geometry": { "type": "Polygon", "coordinates": [ [ [ 105.879891698988132, 20.973113019361641 ], [ 105.879429823325481, 20.974968136428991 ], [ 105.877483782117039, 20.975575070971441 ], [ 105.875999623407054, 20.97432687436169 ], [ 105.876461528082217, 20.972471741514891 ], [ 105.878407562455479, 20.971864821056879 ], [ 105.879891698988132, 20.973113019361641 ] ] ] } },
{ "type": "Feature", "properties": { "h3_id": "89415cb6e47ffff", "h3_resolution": 9, "h3_parent_res8": "88415cb6e5fffff", "centroid_lat": 20.973078644015988, "centroid_lon": 105.87451546465228, "legacy_district": "Hoàng Mai" }, "geometry": { "type": "Polygon", "coordinates": [ [ [ 105.876461528082217, 20.972471741514891 ], [ 105.875999623407054, 20.97432687436169 ], [ 105.874053542030452, 20.974933774923564 ], [ 105.872569372169494, 20.973685528557532 ], [ 105.87303130585471, 20.971830379936875 ], [ 105.874977380391485, 20.971223493455685 ], [ 105.876461528082217, 20.972471741514891 ] ] ] } },
{ "type": "Feature", "properties": { "h3_id": "89415cb6e4bffff", "h3_resolution": 9, "h3_parent_res8": "88415cb6e5fffff", "centroid_lat": 20.976823233842715, "centroid_lon": 105.87896794078023, "legacy_district": "Hoàng Mai" }, "geometry": { "type": "Polygon", "coordinates": [ [ [ 105.880913970874019, 20.976216283278831 ], [ 105.88045209939466, 20.978071362972983 ], [ 105.878506051352261, 20.978678311598884 ], [ 105.877021881623804, 20.977430166446773 ], [ 105.877483782117039, 20.975575070971441 ], [ 105.879429823325481, 20.974968136428991 ], [ 105.880913970874019, 20.976216283278831 ] ] ] } },
{ "type": "Feature", "properties": { "h3_id": "89415cb6e4fffff", "h3_resolution": 9, "h3_parent_res8": "88415cb6e5fffff", "centroid_lat": 20.976181987554149, "centroid_lon": 105.8755377118492, "legacy_district": "Hoàng Mai" }, "geometry": { "type": "Polygon", "coordinates": [ [ [ 105.877483782117039, 20.975575070971441 ], [ 105.877021881623804, 20.977430166446773 ], [ 105.875075793408641, 20.978037081088338 ], [ 105.8735916125259, 20.976788886174479 ], [ 105.874053542030452, 20.974933774923564 ], [ 105.875999623407054, 20.97432687436169 ], [ 105.877483782117039, 20.975575070971441 ] ] ] } },
{ "type": "Feature", "properties": { "h3_id": "89415cb6e53ffff", "h3_resolution": 9, "h3_parent_res8": "88415cb6e5fffff", "centroid_lat": 20.971257882644601, "centroid_lon": 105.88035356776822, "legacy_district": "Hoàng Mai" }, "geometry": { "type": "Polygon", "coordinates": [ [ [ 105.882299544016618, 20.970650926280715 ], [ 105.88183769318492, 20.972506064928755 ], [ 105.879891698988132, 20.973113019361641 ], [ 105.878407562455479, 20.971864821056879 ], [ 105.87886944230091, 20.970009666625522 ], [ 105.880815429665901, 20.969402726281832 ], [ 105.882299544016618, 20.970650926280715 ] ] ] } },
{ "type": "Feature", "properties": { "h3_id": "89415cb6e57ffff", "h3_resolution": 9, "h3_parent_res8": "88415cb6e5fffff", "centroid_lat": 20.970616589017695, "centroid_lon": 105.87692342587484, "legacy_district": "Hoàng Mai" }, "geometry": { "type": "Polygon", "coordinates": [ [ [ 105.87886944230091, 20.970009666625522 ], [ 105.878407562455479, 20.971864821056879 ], [ 105.876461528082217, 20.972471741514891 ], [ 105.874977380391485, 20.971223493455685 ], [ 105.875439289248135, 20.969368323246606 ], [ 105.877385316784952, 20.968761416874038 ], [ 105.87886944230091, 20.970009666625522 ] ] ] } },
{ "type": "Feature", "properties": { "h3_id": "89415cb6e5bffff", "h3_resolution": 9, "h3_parent_res8": "88415cb6e5fffff", "centroid_lat": 20.974361183929442, "centroid_lon": 105.88137583547076, "legacy_district": "Hoàng Mai" }, "geometry": { "type": "Polygon", "coordinates": [ [ [ 105.883321818548978, 20.973754213475441 ], [ 105.882859971901382, 20.975609314757758 ], [ 105.880913970874019, 20.976216283278831 ], [ 105.879429823325481, 20.974968136428991 ], [ 105.879891698988132, 20.973113019361641 ], [ 105.88183769318492, 20.972506064928755 ], [ 105.883321818548978, 20.973754213475441 ] ] ] } },
{ "type": "Feature", "properties": { "h3_id": "89415cb6e63ffff", "h3_resolution": 9, "h3_parent_res8": "88415cb6e7fffff", "centroid_lat": 20.974899243751377, "centroid_lon": 105.86867710006079, "legacy_district": "Hoàng Mai" }, "geometry": { "type": "Polygon", "coordinates": [ [ [ 105.870623250637706, 20.974292395136878 ], [ 105.870161292124308, 20.976147522157788 ], [ 105.868215123602454, 20.976754368824853 ], [ 105.866730920442535, 20.975506074398378 ], [ 105.867192907962291, 20.973650931613051 ], [ 105.869139069636276, 20.9730440990182 ], [ 105.870623250637706, 20.974292395136878 ] ] ] } },
{ "type": "Feature", "properties": { "h3_id": "89415cb6e67ffff", "h3_resolution": 9, "h3_parent_res8": "88415cb6e7fffff", "centroid_lat": 20.974257746240511, "centroid_lon": 105.86524671725024, "legacy_district": "Hoàng Mai" }, "geometry": { "type": "Polygon", "coordinates": [ [ [ 105.867192907962291, 20.973650931613051 ], [ 105.866730920442535, 20.975506074398378 ], [ 105.864784711786811, 20.976112887075242 ], [ 105.863300497503985, 20.974864542897933 ], [ 105.863762514027599, 20.973009384353787 ], [ 105.86570871583082, 20.972402585745357 ], [ 105.867192907962291, 20.973650931613051 ] ] ] } },
{ "type": "Feature", "properties": { "h3_id": "89415cb6e6bffff", "h3_resolution": 9, "h3_parent_res8": "88415cb6e7fffff", "centroid_lat": 20.97800262951738, "centroid_lon": 105.86969932672804, "legacy_district": "Hoàng Mai" }, "geometry": { "type": "Polygon", "coordinates": [ [ [ 105.871645484150889, 20.977395766829769 ], [ 105.871183529817301, 20.979250856473453 ], [ 105.869237354448813, 20.979857717211704 ], [ 105.867753140261215, 20.978609474234663 ], [ 105.868215123602454, 20.976754368824853 ], [ 105.870161292124308, 20.976147522157788 ], [ 105.871645484150889, 20.977395766829769 ] ] ] } },
{ "type": "Feature", "properties": { "h3_id": "89415cb6e6fffff", "h3_resolution": 9, "h3_parent_res8": "88415cb6e7fffff", "centroid_lat": 20.977361197521667, "centroid_lon": 105.86626892603988, "legacy_district": "Hoàng Mai" }, "geometry": { "type": "Polygon", "coordinates": [ [ [ 105.868215123602454, 20.976754368824853 ], [ 105.867753140261215, 20.978609474234663 ], [ 105.865806924754224, 20.97921630097898 ], [ 105.864322699440379, 20.977968008245611 ], [ 105.864784711786811, 20.976112887075242 ], [ 105.866730920442535, 20.975506074398378 ], [ 105.868215123602454, 20.976754368824853 ] ] ] } },
{ "type": "Feature", "properties": { "h3_id": "89415cb6e73ffff", "h3_resolution": 9, "h3_parent_res8": "88415cb6e7fffff", "centroid_lat": 20.972437248458586, "centroid_lon": 105.87108520226836, "legacy_district": "Hoàng Mai" }, "geometry": { "type": "Polygon", "coordinates": [ [ [ 105.87303130585471, 20.971830379936875 ], [ 105.872569372169494, 20.973685528557532 ], [ 105.870623250637706, 20.974292395136878 ], [ 105.869139069636276, 20.9730440990182 ], [ 105.869601032329044, 20.97118893462925 ], [ 105.871547147016329, 20.970582082126853 ], [ 105.87303130585471, 20.971830379936875 ] ] ] } },
{ "type": "Feature", "properties": { "h3_id": "89415cb6e77ffff", "h3_resolution": 9, "h3_parent_res8": "88415cb6e7fffff", "centroid_lat": 20.971795769169631, "centroid_lon": 105.86765488859925, "legacy_district": "Hoàng Mai" }, "geometry": { "type": "Polygon", "coordinates": [ [ [ 105.869601032329044, 20.97118893462925 ], [ 105.869139069636276, 20.9730440990182 ], [ 105.867192907962291, 20.973650931613051 ], [ 105.86570871583082, 20.972402585745357 ], [ 105.866170707528639, 20.97054740559372 ], [ 105.868116862353503, 20.969940587072053 ], [ 105.869601032329044, 20.97118893462925 ] ] ] } },
{ "type": "Feature", "properties": { "h3_id": "89415cb6e7bffff", "h3_resolution": 9, "h3_parent_res8": "88415cb6e7fffff", "centroid_lat": 20.975540657523148, "centroid_lon": 105.87210743160159, "legacy_district": "Hoàng Mai" }, "geometry": { "type": "Polygon", "coordinates": [ [ [ 105.874053542030452, 20.974933774923564 ], [ 105.8735916125259, 20.976788886174479 ], [ 105.871645484150889, 20.977395766829769 ], [ 105.870161292124308, 20.976147522157788 ], [ 105.870623250637706, 20.974292395136878 ], [ 105.872569372169494, 20.973685528557532 ], [ 105.874053542030452, 20.974933774923564 ] ] ] } },
{ "type": "Feature", "properties": { "h3_id": "89415cb6e83ffff", "h3_resolution": 9, "h3_parent_res8": "88415cb6e9fffff", "centroid_lat": 20.958843789581749, "centroid_lon": 105.8762646489435, "legacy_district": "Hoàng Mai" }, "geometry": { "type": "Polygon", "coordinates": [ [ [ 105.878210597860004, 20.958236889588299 ], [ 105.877748730296616, 20.960092177607329 ], [ 105.87580276343455, 20.960699075677439 ], [ 105.874318670973324, 20.959450671634904 ], [ 105.87478056754523, 20.957595367839449 ], [ 105.876726527570483, 20.956988483862531 ], [ 105.878210597860004, 20.958236889588299 ] ] ] } },
{ "type": "Feature", "properties": { "h3_id": "89415cb6e87ffff", "h3_resolution": 9, "h3_parent_res8": "88415cb6e9fffff", "centroid_lat": 20.958202233876165, "centroid_lon": 105.87283457846958, "legacy_district": "Hoàng Mai" }, "geometry": { "type": "Polygon", "coordinates": [ [ [ 105.87478056754523, 20.957595367839449 ], [ 105.874318670973324, 20.959450671634904 ], [ 105.872372663953357, 20.960057535745136 ], [ 105.870888560347382, 20.958809081970045 ], [ 105.871350485925291, 20.956953762403732 ], [ 105.873296486103811, 20.956346912382958 ], [ 105.87478056754523, 20.957595367839449 ] ] ] } },
{ "type": "Feature", "properties": { "h3_id": "89415cb6e8bffff", "h3_resolution": 9, "h3_parent_res8": "88415cb6e9fffff", "centroid_lat": 20.961947446001222, "centroid_lon": 105.87728685585125, "legacy_district": "Hoàng Mai" }, "geometry": { "type": "Polygon", "coordinates": [ [ [ 105.879232811602606, 20.96134053191366 ], [ 105.878770948221444, 20.963195782603741 ], [ 105.876824974523814, 20.963802694766038 ], [ 105.875340871043562, 20.962554342145669 ], [ 105.87580276343455, 20.960699075677439 ], [ 105.877748730296616, 20.960092177607329 ], [ 105.879232811602606, 20.96134053191366 ] ] ] } },
{ "type": "Feature", "properties": { "h3_id": "89415cb6e8fffff", "h3_resolution": 9, "h3_parent_res8": "88415cb6e9fffff", "centroid_lat": 20.961305955804523, "centroid_lon": 105.87385676751941, "legacy_district": "Hoàng Mai" }, "geometry": { "type": "Polygon", "coordinates": [ [ [ 105.87580276343455, 20.960699075677439 ], [ 105.875340871043562, 20.962554342145669 ], [ 105.873394857183399, 20.96316122034434 ], [ 105.871910742555059, 20.961912817985933 ], [ 105.872372663953357, 20.960057535745136 ], [ 105.874318670973324, 20.959450671634904 ], [ 105.87580276343455, 20.960699075677439 ] ] ] } },
{ "type": "Feature", "properties": { "h3_id": "89415cb6e93ffff", "h3_resolution": 9, "h3_parent_res8": "88415cb6e9fffff", "centroid_lat": 20.956381581948079, "centroid_lon": 105.87867245854152, "legacy_district": "Hoàng Mai" }, "geometry": { "type": "Polygon", "coordinates": [ [ [ 105.880618360454477, 20.955774662098705 ], [ 105.88015651771903, 20.957629971657205 ], [ 105.878210597860004, 20.958236889588299 ], [ 105.876726527570483, 20.956988483862531 ], [ 105.877188399315614, 20.955133158523733 ], [ 105.879134312341236, 20.954526254690588 ], [ 105.880618360454477, 20.955774662098705 ] ] ] } },
{ "type": "Feature", "properties": { "h3_id": "89415cb6e97ffff", "h3_resolution": 9, "h3_parent_res8": "88415cb6e9fffff", "centroid_lat": 20.955740044422068, "centroid_lon": 105.87524245723522, "legacy_district": "Hoàng Mai" }, "geometry": { "type": "Polygon", "coordinates": [ [ [ 105.877188399315614, 20.955133158523733 ], [ 105.876726527570483, 20.956988483862531 ], [ 105.87478056754523, 20.957595367839449 ], [ 105.873296486103811, 20.956346912382958 ], [ 105.873758386856167, 20.954491571269447 ], [ 105.875704340043356, 20.953884701386727 ], [ 105.877188399315614, 20.955133158523733 ] ] ] } },
{ "type": "Feature", "properties": { "h3_id": "89415cb6e9bffff", "h3_resolution": 9, "h3_parent_res8": "88415cb6e9fffff", "centroid_lat": 20.959485261596836, "centroid_lon": 105.87969466810178, "legacy_district": "Hoàng Mai" }, "geometry": { "type": "Polygon", "coordinates": [ [ [ 105.881640576846195, 20.958878327648613 ], [ 105.881178738293812, 20.960733599885625 ], [ 105.879232811602606, 20.96134053191366 ], [ 105.877748730296616, 20.960092177607329 ], [ 105.878210597860004, 20.958236889588299 ], [ 105.88015651771903, 20.957629971657205 ], [ 105.881640576846195, 20.958878327648613 ] ] ] } },
{ "type": "Feature", "properties": { "h3_id": "89415cb6ea3ffff", "h3_resolution": 9, "h3_parent_res8": "88415cb6ebfffff", "centroid_lat": 20.960022724318708, "centroid_lon": 105.86699643697867, "legacy_district": "Hoàng Mai" }, "geometry": { "type": "Polygon", "coordinates": [ [ [ 105.868942513182461, 20.959415912118441 ], [ 105.868480562779325, 20.961271210126217 ], [ 105.866534468632963, 20.961878020391765 ], [ 105.865050331739837, 20.960629518568204 ], [ 105.865512311145295, 20.958774204799031 ], [ 105.867458398442196, 20.958167408614418 ], [ 105.868942513182461, 20.959415912118441 ] ] ] } },
{ "type": "Feature", "properties": { "h3_id": "89415cb6ea7ffff", "h3_resolution": 9, "h3_parent_res8": "88415cb6ebfffff", "centroid_lat": 20.959380983032968, "centroid_lon": 105.86356619481664, "legacy_district": "Hoàng Mai" }, "geometry": { "type": "Polygon", "coordinates": [ [ [ 105.865512311145295, 20.958774204799031 ], [ 105.865050331739837, 20.960629518568204 ], [ 105.863104197469823, 20.961236294864275 ], [ 105.861620049460043, 20.959987743313576 ], [ 105.862082057865322, 20.958132413788604 ], [ 105.864028185281214, 20.957525651569721 ], [ 105.865512311145295, 20.958774204799031 ] ] ] } },
{ "type": "Feature", "properties": { "h3_id": "89415cb6eabffff", "h3_resolution": 9, "h3_parent_res8": "88415cb6ebfffff", "centroid_lat": 20.963126488501153, "centroid_lon": 105.86801860549399, "legacy_district": "Hoàng Mai" }, "geometry": { "type": "Polygon", "coordinates": [ [ [ 105.869964688545295, 20.962519662219016 ], [ 105.869502742320932, 20.964374922893811 ], [ 105.867556641326345, 20.964981747239314 ], [ 105.866072493404971, 20.963733296829677 ], [ 105.866534468632963, 20.961878020391765 ], [ 105.868480562779325, 20.961271210126217 ], [ 105.869964688545295, 20.962519662219016 ] ] ] } },
{ "type": "Feature", "properties": { "h3_id": "89415cb6eafffff", "h3_resolution": 9, "h3_parent_res8": "88415cb6ebfffff", "centroid_lat": 20.962484812703821, "centroid_lon": 105.86458834545215, "legacy_district": "Hoàng Mai" }, "geometry": { "type": "Polygon", "coordinates": [ [ [ 105.866534468632963, 20.961878020391765 ], [ 105.866072493404971, 20.963733296829677 ], [ 105.864126352282099, 20.964340087201947 ], [ 105.862642193240717, 20.963091587059708 ], [ 105.863104197469823, 20.961236294864275 ], [ 105.865050331739837, 20.960629518568204 ], [ 105.866534468632963, 20.961878020391765 ] ] ] } },
{ "type": "Feature", "properties": { "h3_id": "89415cb6eb3ffff", "h3_resolution": 9, "h3_parent_res8": "88415cb6ebfffff", "centroid_lat": 20.957560594481773, "centroid_lon": 105.86940445670346, "legacy_district": "Hoàng Mai" }, "geometry": { "type": "Polygon", "coordinates": [ [ [ 105.871350485925291, 20.956953762403732 ], [ 105.870888560347382, 20.958809081970045 ], [ 105.868942513182461, 20.959415912118441 ], [ 105.867458398442196, 20.958167408614418 ], [ 105.867920353023635, 20.956312073282852 ], [ 105.869866393342448, 20.955705257220153 ], [ 105.871350485925291, 20.956953762403732 ] ] ] } },
{ "type": "Feature", "properties": { "h3_id": "89415cb6eb7ffff", "h3_resolution": 9, "h3_parent_res8": "88415cb6ebfffff", "centroid_lat": 20.956918871400259, "centroid_lon": 105.86597428366859, "legacy_district": "Hoàng Mai" }, "geometry": { "type": "Polygon", "coordinates": [ [ [ 105.867920353023635, 20.956312073282852 ], [ 105.867458398442196, 20.958167408614418 ], [ 105.865512311145295, 20.958774204799031 ], [ 105.864028185281214, 20.957525651569721 ], [ 105.864490168863668, 20.955670300478491 ], [ 105.866436249309842, 20.955063518375812 ], [ 105.867920353023635, 20.956312073282852 ] ] ] } },
{ "type": "Feature", "properties": { "h3_id": "89415cb6ebbffff", "h3_resolution": 9, "h3_parent_res8": "88415cb6ebfffff", "centroid_lat": 20.96066438190978, "centroid_lon": 105.87042662788741, "legacy_district": "Hoàng Mai" }, "geometry": { "type": "Polygon", "coordinates": [ [ [ 105.872372663953357, 20.960057535745136 ], [ 105.871910742555059, 20.961912817985933 ], [ 105.869964688545295, 20.962519662219016 ], [ 105.868480562779325, 20.961271210126217 ], [ 105.868942513182461, 20.959415912118441 ], [ 105.870888560347382, 20.958809081970045 ], [ 105.872372663953357, 20.960057535745136 ] ] ] } },
{ "type": "Feature", "properties": { "h3_id": "89415cb6ec3ffff", "h3_resolution": 9, "h3_parent_res8": "88415cb6edfffff", "centroid_lat": 20.965692354634822, "centroid_lon": 105.88173913281432, "legacy_district": "Hoàng Mai" }, "geometry": { "type": "Polygon", "coordinates": [ [ [ 105.883685055217882, 20.965085392491876 ], [ 105.883223225033007, 20.966940590058332 ], [ 105.881277284681232, 20.967547550277263 ], [ 105.879793181344624, 20.966299298834365 ], [ 105.880255040543119, 20.964444085482455 ], [ 105.882200974065242, 20.963837139358464 ], [ 105.883685055217882, 20.965085392491876 ] ] ] } },
{ "type": "Feature", "properties": { "h3_id": "89415cb6ec7ffff", "h3_resolution": 9, "h3_parent_res8": "88415cb6edfffff", "centroid_lat": 20.965051013663118, "centroid_lon": 105.87830907795816, "legacy_district": "Hoàng Mai" }, "geometry": { "type": "Polygon", "coordinates": [ [ [ 105.880255040543119, 20.964444085482455 ], [ 105.879793181344624, 20.966299298834365 ], [ 105.87784720081271, 20.966906225087865 ], [ 105.876363086314214, 20.96565792389784 ], [ 105.876824974523814, 20.963802694766038 ], [ 105.878770948221444, 20.963195782603741 ], [ 105.880255040543119, 20.964444085482455 ] ] ] } },
{ "type": "Feature", "properties": { "h3_id": "89415cb6ecbffff", "h3_resolution": 9, "h3_parent_res8": "88415cb6edfffff", "centroid_lat": 20.968795767989267, "centroid_lon": 105.88276138796594, "legacy_district": "Hoàng Mai" }, "geometry": { "type": "Polygon", "coordinates": [ [ [ 105.884707317197226, 20.96818879175046 ], [ 105.884245491196822, 20.970043951967845 ], [ 105.882299544016618, 20.970650926280715 ], [ 105.880815429665901, 20.969402726281832 ], [ 105.881277284681232, 20.967547550277263 ], [ 105.883223225033007, 20.966940590058332 ], [ 105.884707317197226, 20.96818879175046 ] ] ] } },
{ "type": "Feature", "properties": { "h3_id": "89415cb6ecfffff", "h3_resolution": 9, "h3_parent_res8": "88415cb6edfffff", "centroid_lat": 20.968154492550038, "centroid_lon": 105.87933131526394, "legacy_district": "Hoàng Mai" }, "geometry": { "type": "Polygon", "coordinates": [ [ [ 105.881277284681232, 20.967547550277263 ], [ 105.880815429665901, 20.969402726281832 ], [ 105.87886944230091, 20.970009666625522 ], [ 105.877385316784952, 20.968761416874038 ], [ 105.87784720081271, 20.966906225087865 ], [ 105.879793181344624, 20.966299298834365 ], [ 105.881277284681232, 20.967547550277263 ] ] ] } },
{ "type": "Feature", "properties": { "h3_id": "89415cb6ed3ffff", "h3_resolution": 9, "h3_parent_res8": "88415cb6edfffff", "centroid_lat": 20.96323017529382, "centroid_lon": 105.88414687852067, "legacy_district": "Hoàng Mai" }, "geometry": { "type": "Polygon", "coordinates": [ [ [ 105.886092753905587, 20.962623193291169 ], [ 105.885630948551537, 20.964478412408177 ], [ 105.883685055217882, 20.965085392491876 ], [ 105.882200974065242, 20.963837139358464 ], [ 105.882662808434091, 20.961981904452127 ], [ 105.884608694941463, 20.961374938468122 ], [ 105.886092753905587, 20.962623193291169 ] ] ] } },
{ "type": "Feature", "properties": { "h3_id": "89415cb6ed7ffff", "h3_resolution": 9, "h3_parent_res8": "88415cb6edfffff", "centroid_lat": 20.962588852498218, "centroid_lon": 105.88071689285947, "legacy_district": "Hoàng Mai" }, "geometry": { "type": "Polygon", "coordinates": [ [ [ 105.882662808434091, 20.961981904452127 ], [ 105.882200974065242, 20.963837139358464 ], [ 105.880255040543119, 20.964444085482455 ], [ 105.878770948221444, 20.963195782603741 ], [ 105.879232811602606, 20.96134053191366 ], [ 105.881178738293812, 20.960733599885625 ], [ 105.882662808434091, 20.961981904452127 ] ] ] } },
{ "type": "Feature", "properties": { "h3_id": "89415cb6edbffff", "h3_resolution": 9, "h3_parent_res8": "88415cb6edfffff", "centroid_lat": 20.966333611895919, "centroid_lon": 105.88516913631544, "legacy_district": "Hoàng Mai" }, "geometry": { "type": "Polygon", "coordinates": [ [ [ 105.887115018524668, 20.965726615792654 ], [ 105.886653217355899, 20.967581797568066 ], [ 105.884707317197226, 20.96818879175046 ], [ 105.883223225033007, 20.966940590058332 ], [ 105.883685055217882, 20.965085392491876 ], [ 105.885630948551537, 20.964478412408177 ], [ 105.887115018524668, 20.965726615792654 ] ] ] } }
]
}
