{
    "type":  "FeatureCollection",
    "features":  [
                     {
                         "type":  "Feature",
                         "properties":  {
                                            "shapeName":  "Ba Dinh",
                                            "shapeISO":  "",
                                            "shapeID":  "81297802B78295235973409",
                                            "shapeGroup":  "VNM",
                                            "shapeType":  "ADM2"
                                        },
                         "geometry":  {
                                          "type":  "Polygon",
                                          "coordinates":  [
                                                              [
                                                                  [
                                                                      105.857014909000043,
                                                                      21.042733013000031
                                                                  ],
                                                                  [
                                                                      105.849153726000054,
                                                                      21.053565068000069
                                                                  ],
                                                                  [
                                                                      105.842276342000048,
                                                                      21.048666900000057
                                                                  ],
                                                                  [
                                                                      105.840113747000032,
                                                                      21.050719319000052
                                                                  ],
                                                                  [
                                                                      105.836688843000047,
                                                                      21.046764418000066
                                                                  ],
                                                                  [
                                                                      105.836242012000071,
                                                                      21.041647172000069
                                                                  ],
                                                                  [
                                                                      105.831034431000035,
                                                                      21.04171530800005
                                                                  ],
                                                                  [
                                                                      105.82849682300008,
                                                                      21.039590169000064
                                                                  ],
                                                                  [
                                                                      105.815491827000073,
                                                                      21.042577259000041
                                                                  ],
                                                                  [
                                                                      105.810866334000082,
                                                                      21.04619830200005
                                                                  ],
                                                                  [
                                                                      105.806048327000042,
                                                                      21.047606543000029
                                                                  ],
                                                                  [
                                                                      105.806287529000087,
                                                                      21.037071867000066
                                                                  ],
                                                                  [
                                                                      105.801278606000039,
                                                                      21.030221939000057
                                                                  ],
                                                                  [
                                                                      105.807139298000038,
                                                                      21.027799609000056
                                                                  ],
                                                                  [
                                                                      105.806912589000035,
                                                                      21.025589033000074
                                                                  ],
                                                                  [
                                                                      105.808757356000058,
                                                                      21.025424318000034
                                                                  ],
                                                                  [
                                                                      105.809706677000065,
                                                                      21.026919912000039
                                                                  ],
                                                                  [
                                                                      105.81182356100004,
                                                                      21.022728810000046
                                                                  ],
                                                                  [
                                                                      105.810770878000085,
                                                                      21.018620045000034
                                                                  ],
                                                                  [
                                                                      105.81581277500004,
                                                                      21.01600400600006
                                                                  ],
                                                                  [
                                                                      105.820021293000082,
                                                                      21.019203490000052
                                                                  ],
                                                                  [
                                                                      105.821076080000068,
                                                                      21.023169117000066
                                                                  ],
                                                                  [
                                                                      105.819922606000034,
                                                                      21.023612394000054
                                                                  ],
                                                                  [
                                                                      105.829403914000068,
                                                                      21.031950412000072
                                                                  ],
                                                                  [
                                                                      105.830366938000054,
                                                                      21.030017595000061
                                                                  ],
                                                                  [
                                                                      105.832463488000087,
                                                                      21.031461301000036
                                                                  ],
                                                                  [
                                                                      105.841771511000047,
                                                                      21.028134937000061
                                                                  ],
                                                                  [
                                                                      105.843932075000055,
                                                                      21.030130172000042
                                                                  ],
                                                                  [
                                                                      105.845272943000055,
                                                                      21.039423191000026
                                                                  ],
                                                                  [
                                                                      105.857014909000043,
                                                                      21.042733013000031
                                                                  ]
                                                              ]
                                                          ]
                                      }
                     },
                     {
                         "type":  "Feature",
                         "properties":  {
                                            "shapeName":  "Cau Giay",
                                            "shapeISO":  "",
                                            "shapeID":  "81297802B81208073820584",
                                            "shapeGroup":  "VNM",
                                            "shapeType":  "ADM2"
                                        },
                         "geometry":  {
                                          "type":  "Polygon",
                                          "coordinates":  [
                                                              [
                                                                  [
                                                                      105.806048327000042,
                                                                      21.047606543000029
                                                                  ],
                                                                  [
                                                                      105.809095048000074,
                                                                      21.052373842000065
                                                                  ],
                                                                  [
                                                                      105.808864406000055,
                                                                      21.059234837000076
                                                                  ],
                                                                  [
                                                                      105.807978339000044,
                                                                      21.056192370000076
                                                                  ],
                                                                  [
                                                                      105.805140262000066,
                                                                      21.055342731000053
                                                                  ],
                                                                  [
                                                                      105.806596580000075,
                                                                      21.054261693000058
                                                                  ],
                                                                  [
                                                                      105.801087605000077,
                                                                      21.048854148000032
                                                                  ],
                                                                  [
                                                                      105.798203998000076,
                                                                      21.047172107000051
                                                                  ],
                                                                  [
                                                                      105.794999732000065,
                                                                      21.050322916000027
                                                                  ],
                                                                  [
                                                                      105.793784713000036,
                                                                      21.04954628400003
                                                                  ],
                                                                  [
                                                                      105.794591099000058,
                                                                      21.046060246000025
                                                                  ],
                                                                  [
                                                                      105.791637356000081,
                                                                      21.046060246000025
                                                                  ],
                                                                  [
                                                                      105.791426877000049,
                                                                      21.049726065000073
                                                                  ],
                                                                  [
                                                                      105.788860041000078,
                                                                      21.053001118000054
                                                                  ],
                                                                  [
                                                                      105.787058751000075,
                                                                      21.049928172000023
                                                                  ],
                                                                  [
                                                                      105.787889265000047,
                                                                      21.04730100300003
                                                                  ],
                                                                  [
                                                                      105.790100961000064,
                                                                      21.047858463000068
                                                                  ],
                                                                  [
                                                                      105.790279787000088,
                                                                      21.046047981000072
                                                                  ],
                                                                  [
                                                                      105.786390290000043,
                                                                      21.046054803000061
                                                                  ],
                                                                  [
                                                                      105.786372209000035,
                                                                      21.044293864000053
                                                                  ],
                                                                  [
                                                                      105.781813733000035,
                                                                      21.044480452000073
                                                                  ],
                                                                  [
                                                                      105.780002051000054,
                                                                      21.049375094000027
                                                                  ],
                                                                  [
                                                                      105.774701522000043,
                                                                      21.04844861600003
                                                                  ],
                                                                  [
                                                                      105.767807911000034,
                                                                      21.039587229000063
                                                                  ],
                                                                  [
                                                                      105.768594800000074,
                                                                      21.036013300000036
                                                                  ],
                                                                  [
                                                                      105.773909102000061,
                                                                      21.03426332600003
                                                                  ],
                                                                  [
                                                                      105.773472514000048,
                                                                      21.032610715000033
                                                                  ],
                                                                  [
                                                                      105.781853136000052,
                                                                      21.031288047000032
                                                                  ],
                                                                  [
                                                                      105.781820513000071,
                                                                      21.029126629000075
                                                                  ],
                                                                  [
                                                                      105.78406410100007,
                                                                      21.029277966000052
                                                                  ],
                                                                  [
                                                                      105.783282490000033,
                                                                      21.020196912000074
                                                                  ],
                                                                  [
                                                                      105.789575066000054,
                                                                      21.013180981000062
                                                                  ],
                                                                  [
                                                                      105.78840004400007,
                                                                      21.012112009000077
                                                                  ],
                                                                  [
                                                                      105.79065458000008,
                                                                      21.008144943000048
                                                                  ],
                                                                  [
                                                                      105.789143246000037,
                                                                      21.007069849000061
                                                                  ],
                                                                  [
                                                                      105.792711222000037,
                                                                      21.001058147000037
                                                                  ],
                                                                  [
                                                                      105.806068433000064,
                                                                      21.007774912000059
                                                                  ],
                                                                  [
                                                                      105.811127599000088,
                                                                      21.007015540000054
                                                                  ],
                                                                  [
                                                                      105.813539208000066,
                                                                      21.008869725000068
                                                                  ],
                                                                  [
                                                                      105.804241042000058,
                                                                      21.015703009000049
                                                                  ],
                                                                  [
                                                                      105.797714023000083,
                                                                      21.024166990000026
                                                                  ],
                                                                  [
                                                                      105.801278606000039,
                                                                      21.030221939000057
                                                                  ],
                                                                  [
                                                                      105.806287529000087,
                                                                      21.037071867000066
                                                                  ],
                                                                  [
                                                                      105.806048327000042,
                                                                      21.047606543000029
                                                                  ]
                                                              ]
                                                          ]
                                      }
                     },
                     {
                         "type":  "Feature",
                         "properties":  {
                                            "shapeName":  "Dong Da",
                                            "shapeISO":  "",
                                            "shapeID":  "81297802B63935781650096",
                                            "shapeGroup":  "VNM",
                                            "shapeType":  "ADM2"
                                        },
                         "geometry":  {
                                          "type":  "Polygon",
                                          "coordinates":  [
                                                              [
                                                                  [
                                                                      105.801278606000039,
                                                                      21.030221939000057
                                                                  ],
                                                                  [
                                                                      105.797714023000083,
                                                                      21.024166990000026
                                                                  ],
                                                                  [
                                                                      105.804241042000058,
                                                                      21.015703009000049
                                                                  ],
                                                                  [
                                                                      105.813539208000066,
                                                                      21.008869725000068
                                                                  ],
                                                                  [
                                                                      105.818192835000048,
                                                                      21.001673289000053
                                                                  ],
                                                                  [
                                                                      105.820215848000032,
                                                                      21.003135823000036
                                                                  ],
                                                                  [
                                                                      105.84270977400007,
                                                                      20.997292327000025
                                                                  ],
                                                                  [
                                                                      105.841335564000076,
                                                                      21.000372463000076
                                                                  ],
                                                                  [
                                                                      105.840930503000038,
                                                                      21.021589380000023
                                                                  ],
                                                                  [
                                                                      105.841771511000047,
                                                                      21.028134937000061
                                                                  ],
                                                                  [
                                                                      105.832463488000087,
                                                                      21.031461301000036
                                                                  ],
                                                                  [
                                                                      105.830366938000054,
                                                                      21.030017595000061
                                                                  ],
                                                                  [
                                                                      105.829403914000068,
                                                                      21.031950412000072
                                                                  ],
                                                                  [
                                                                      105.819922606000034,
                                                                      21.023612394000054
                                                                  ],
                                                                  [
                                                                      105.821076080000068,
                                                                      21.023169117000066
                                                                  ],
                                                                  [
                                                                      105.820021293000082,
                                                                      21.019203490000052
                                                                  ],
                                                                  [
                                                                      105.81581277500004,
                                                                      21.01600400600006
                                                                  ],
                                                                  [
                                                                      105.810770878000085,
                                                                      21.018620045000034
                                                                  ],
                                                                  [
                                                                      105.81182356100004,
                                                                      21.022728810000046
                                                                  ],
                                                                  [
                                                                      105.809706677000065,
                                                                      21.026919912000039
                                                                  ],
                                                                  [
                                                                      105.808757356000058,
                                                                      21.025424318000034
                                                                  ],
                                                                  [
                                                                      105.806912589000035,
                                                                      21.025589033000074
                                                                  ],
                                                                  [
                                                                      105.807139298000038,
                                                                      21.027799609000056
                                                                  ],
                                                                  [
                                                                      105.801278606000039,
                                                                      21.030221939000057
                                                                  ]
                                                              ]
                                                          ]
                                      }
                     },
                     {
                         "type":  "Feature",
                         "properties":  {
                                            "shapeName":  "Ha Dong",
                                            "shapeISO":  "",
                                            "shapeID":  "81297802B46977673973725",
                                            "shapeGroup":  "VNM",
                                            "shapeType":  "ADM2"
                                        },
                         "geometry":  {
                                          "type":  "Polygon",
                                          "coordinates":  [
                                                              [
                                                                  [
                                                                      105.73473324400004,
                                                                      20.910864257000071
                                                                  ],
                                                                  [
                                                                      105.736668236000071,
                                                                      20.913310050000064
                                                                  ],
                                                                  [
                                                                      105.74160162700008,
                                                                      20.912707031000025
                                                                  ],
                                                                  [
                                                                      105.741893706000042,
                                                                      20.91504924000003
                                                                  ],
                                                                  [
                                                                      105.750947928000073,
                                                                      20.916554682000026
                                                                  ],
                                                                  [
                                                                      105.750866694000081,
                                                                      20.925859664000029
                                                                  ],
                                                                  [
                                                                      105.749683320000088,
                                                                      20.925632887000063
                                                                  ],
                                                                  [
                                                                      105.749428508000051,
                                                                      20.929166407000025
                                                                  ],
                                                                  [
                                                                      105.751445239000077,
                                                                      20.928608765000035
                                                                  ],
                                                                  [
                                                                      105.752284397000039,
                                                                      20.93118544400005
                                                                  ],
                                                                  [
                                                                      105.757890524000061,
                                                                      20.929737297000031
                                                                  ],
                                                                  [
                                                                      105.757672500000069,
                                                                      20.932392780000043
                                                                  ],
                                                                  [
                                                                      105.761396139000055,
                                                                      20.930148847000055
                                                                  ],
                                                                  [
                                                                      105.760646377000057,
                                                                      20.928958255000055
                                                                  ],
                                                                  [
                                                                      105.767000341000085,
                                                                      20.922940551000067
                                                                  ],
                                                                  [
                                                                      105.776067780000062,
                                                                      20.927080285000045
                                                                  ],
                                                                  [
                                                                      105.775410951000083,
                                                                      20.929267252000045
                                                                  ],
                                                                  [
                                                                      105.783796898000048,
                                                                      20.93137408900003
                                                                  ],
                                                                  [
                                                                      105.785790013000053,
                                                                      20.934991066000066
                                                                  ],
                                                                  [
                                                                      105.785646028000087,
                                                                      20.939344325000036
                                                                  ],
                                                                  [
                                                                      105.789418029000046,
                                                                      20.939311108000027
                                                                  ],
                                                                  [
                                                                      105.788165064000054,
                                                                      20.941085698000052
                                                                  ],
                                                                  [
                                                                      105.791263811000078,
                                                                      20.94181317500005
                                                                  ],
                                                                  [
                                                                      105.794317524000064,
                                                                      20.954976066000029
                                                                  ],
                                                                  [
                                                                      105.804397100000074,
                                                                      20.958958
                                                                  ],
                                                                  [
                                                                      105.791946524000082,
                                                                      20.965674340000078
                                                                  ],
                                                                  [
                                                                      105.792926274000081,
                                                                      20.96709729500003
                                                                  ],
                                                                  [
                                                                      105.790283240000065,
                                                                      20.968944798000052
                                                                  ],
                                                                  [
                                                                      105.793254856000033,
                                                                      20.970677575000025
                                                                  ],
                                                                  [
                                                                      105.794104883000045,
                                                                      20.973534925000024
                                                                  ],
                                                                  [
                                                                      105.799939358000074,
                                                                      20.974934993000034
                                                                  ],
                                                                  [
                                                                      105.798521537000056,
                                                                      20.978129159000048
                                                                  ],
                                                                  [
                                                                      105.794986462000054,
                                                                      20.980123574000061
                                                                  ],
                                                                  [
                                                                      105.796397514000034,
                                                                      20.983300898000039
                                                                  ],
                                                                  [
                                                                      105.794513516000052,
                                                                      20.985474733000046
                                                                  ],
                                                                  [
                                                                      105.786949597000046,
                                                                      20.985488801000031
                                                                  ],
                                                                  [
                                                                      105.784909016000086,
                                                                      20.986303392000025
                                                                  ],
                                                                  [
                                                                      105.790168086000051,
                                                                      20.986327403000075
                                                                  ],
                                                                  [
                                                                      105.787193995000052,
                                                                      20.986846764000063
                                                                  ],
                                                                  [
                                                                      105.784737500000062,
                                                                      20.989232665000031
                                                                  ],
                                                                  [
                                                                      105.783532016000038,
                                                                      20.986684407000041
                                                                  ],
                                                                  [
                                                                      105.780594409000059,
                                                                      20.988564727000039
                                                                  ],
                                                                  [
                                                                      105.778014007000081,
                                                                      20.984133697000061
                                                                  ],
                                                                  [
                                                                      105.775415635000059,
                                                                      20.985942087000069
                                                                  ],
                                                                  [
                                                                      105.771313444000043,
                                                                      20.985761248000074
                                                                  ],
                                                                  [
                                                                      105.767429633000063,
                                                                      20.983142110000074
                                                                  ],
                                                                  [
                                                                      105.766001957000071,
                                                                      20.984373481000034
                                                                  ],
                                                                  [
                                                                      105.764949179000041,
                                                                      20.980269452000073
                                                                  ],
                                                                  [
                                                                      105.762453175000076,
                                                                      20.979106782000031
                                                                  ],
                                                                  [
                                                                      105.759719252000082,
                                                                      20.980602530000056
                                                                  ],
                                                                  [
                                                                      105.759623585000043,
                                                                      20.98232867400003
                                                                  ],
                                                                  [
                                                                      105.757692925000072,
                                                                      20.981070535000072
                                                                  ],
                                                                  [
                                                                      105.758059188000061,
                                                                      20.984453856000073
                                                                  ],
                                                                  [
                                                                      105.756212259000051,
                                                                      20.988880330000029
                                                                  ],
                                                                  [
                                                                      105.744680024000047,
                                                                      20.993645167000068
                                                                  ],
                                                                  [
                                                                      105.743904497000074,
                                                                      20.995430331000023
                                                                  ],
                                                                  [
                                                                      105.738638712000068,
                                                                      20.994741475000069
                                                                  ],
                                                                  [
                                                                      105.737501275000056,
                                                                      20.996884496000064
                                                                  ],
                                                                  [
                                                                      105.735495945000082,
                                                                      20.995852625000055
                                                                  ],
                                                                  [
                                                                      105.735220087000073,
                                                                      20.99686121700006
                                                                  ],
                                                                  [
                                                                      105.729710212000043,
                                                                      20.994852464000076
                                                                  ],
                                                                  [
                                                                      105.731217558000083,
                                                                      20.993122891000041
                                                                  ],
                                                                  [
                                                                      105.729848906000086,
                                                                      20.991645185000039
                                                                  ],
                                                                  [
                                                                      105.730479200000048,
                                                                      20.990366400000028
                                                                  ],
                                                                  [
                                                                      105.733039993000034,
                                                                      20.990295900000035
                                                                  ],
                                                                  [
                                                                      105.73536727000004,
                                                                      20.98650479500003
                                                                  ],
                                                                  [
                                                                      105.741527472000087,
                                                                      20.984243160000062
                                                                  ],
                                                                  [
                                                                      105.740815202000078,
                                                                      20.974350180000044
                                                                  ],
                                                                  [
                                                                      105.738859973000046,
                                                                      20.970526644000074
                                                                  ],
                                                                  [
                                                                      105.743209144000048,
                                                                      20.964266345000055
                                                                  ],
                                                                  [
                                                                      105.739473236000038,
                                                                      20.962564182000051
                                                                  ],
                                                                  [
                                                                      105.737420085000053,
                                                                      20.963318054000069
                                                                  ],
                                                                  [
                                                                      105.731344939000053,
                                                                      20.95969685700004
                                                                  ],
                                                                  [
                                                                      105.730357462000086,
                                                                      20.960862793000047
                                                                  ],
                                                                  [
                                                                      105.724932291000073,
                                                                      20.955485211000052
                                                                  ],
                                                                  [
                                                                      105.725048805000085,
                                                                      20.951139005000073
                                                                  ],
                                                                  [
                                                                      105.713237240000069,
                                                                      20.944313642000054
                                                                  ],
                                                                  [
                                                                      105.711190904000034,
                                                                      20.939352466000059
                                                                  ],
                                                                  [
                                                                      105.713730343000066,
                                                                      20.935958220000032
                                                                  ],
                                                                  [
                                                                      105.706225585000084,
                                                                      20.933525755000062
                                                                  ],
                                                                  [
                                                                      105.705411809000054,
                                                                      20.931484177000073
                                                                  ],
                                                                  [
                                                                      105.708436114000051,
                                                                      20.927437027000053
                                                                  ],
                                                                  [
                                                                      105.715852215000041,
                                                                      20.928505365000035
                                                                  ],
                                                                  [
                                                                      105.727090160000046,
                                                                      20.924539730000049
                                                                  ],
                                                                  [
                                                                      105.724536833000059,
                                                                      20.915341491000049
                                                                  ],
                                                                  [
                                                                      105.73473324400004,
                                                                      20.910864257000071
                                                                  ]
                                                              ]
                                                          ]
                                      }
                     },
                     {
                         "type":  "Feature",
                         "properties":  {
                                            "shapeName":  "Hai Ba Trung",
                                            "shapeISO":  "",
                                            "shapeID":  "81297802B70315889029707",
                                            "shapeGroup":  "VNM",
                                            "shapeType":  "ADM2"
                                        },
                         "geometry":  {
                                          "type":  "Polygon",
                                          "coordinates":  [
                                                              [
                                                                  [
                                                                      105.84270977400007,
                                                                      20.997292327000025
                                                                  ],
                                                                  [
                                                                      105.841155763000074,
                                                                      20.991559069000061
                                                                  ],
                                                                  [
                                                                      105.843146207000075,
                                                                      20.991238040000042
                                                                  ],
                                                                  [
                                                                      105.844518182000058,
                                                                      20.994266183000036
                                                                  ],
                                                                  [
                                                                      105.849155966000069,
                                                                      20.991022500000042
                                                                  ],
                                                                  [
                                                                      105.851493092000055,
                                                                      20.991549746000032
                                                                  ],
                                                                  [
                                                                      105.850490148000063,
                                                                      20.992872238000075
                                                                  ],
                                                                  [
                                                                      105.852159013000062,
                                                                      20.994055632000027
                                                                  ],
                                                                  [
                                                                      105.857175412000061,
                                                                      20.993278448000069
                                                                  ],
                                                                  [
                                                                      105.859837789000039,
                                                                      20.995456182000055
                                                                  ],
                                                                  [
                                                                      105.861334377000048,
                                                                      20.994941048000044
                                                                  ],
                                                                  [
                                                                      105.861023491000083,
                                                                      20.993044262000069
                                                                  ],
                                                                  [
                                                                      105.862582757000041,
                                                                      20.993312211000045
                                                                  ],
                                                                  [
                                                                      105.862204422000048,
                                                                      20.996503068000038
                                                                  ],
                                                                  [
                                                                      105.866642838000075,
                                                                      20.995109024000044
                                                                  ],
                                                                  [
                                                                      105.866688404000058,
                                                                      20.99379585500003
                                                                  ],
                                                                  [
                                                                      105.875768117000064,
                                                                      20.994240478000052
                                                                  ],
                                                                  [
                                                                      105.875839214000052,
                                                                      20.996992445000046
                                                                  ],
                                                                  [
                                                                      105.877765388000057,
                                                                      20.997312412000042
                                                                  ],
                                                                  [
                                                                      105.878397239000037,
                                                                      20.999502380000024
                                                                  ],
                                                                  [
                                                                      105.875347118000036,
                                                                      21.001122961000078
                                                                  ],
                                                                  [
                                                                      105.875475781000034,
                                                                      21.002335678000065
                                                                  ],
                                                                  [
                                                                      105.879511597000032,
                                                                      21.000766321000071
                                                                  ],
                                                                  [
                                                                      105.882923780000056,
                                                                      21.002328077000072
                                                                  ],
                                                                  [
                                                                      105.877903009000079,
                                                                      21.004077734000077
                                                                  ],
                                                                  [
                                                                      105.873545128000046,
                                                                      21.007582941000067
                                                                  ],
                                                                  [
                                                                      105.867759853000052,
                                                                      21.020912983000073
                                                                  ],
                                                                  [
                                                                      105.862042501000076,
                                                                      21.018502961000024
                                                                  ],
                                                                  [
                                                                      105.854468949000079,
                                                                      21.018080955000073
                                                                  ],
                                                                  [
                                                                      105.844388352000067,
                                                                      21.01998029400005
                                                                  ],
                                                                  [
                                                                      105.842362452000089,
                                                                      21.022419120000052
                                                                  ],
                                                                  [
                                                                      105.840930503000038,
                                                                      21.021589380000023
                                                                  ],
                                                                  [
                                                                      105.841335564000076,
                                                                      21.000372463000076
                                                                  ],
                                                                  [
                                                                      105.84270977400007,
                                                                      20.997292327000025
                                                                  ]
                                                              ]
                                                          ]
                                      }
                     },
                     {
                         "type":  "Feature",
                         "properties":  {
                                            "shapeName":  "Hoan Kiem",
                                            "shapeISO":  "",
                                            "shapeID":  "81297802B21956500009646",
                                            "shapeGroup":  "VNM",
                                            "shapeType":  "ADM2"
                                        },
                         "geometry":  {
                                          "type":  "Polygon",
                                          "coordinates":  [
                                                              [
                                                                  [
                                                                      105.841771511000047,
                                                                      21.028134937000061
                                                                  ],
                                                                  [
                                                                      105.840930503000038,
                                                                      21.021589380000023
                                                                  ],
                                                                  [
                                                                      105.842362452000089,
                                                                      21.022419120000052
                                                                  ],
                                                                  [
                                                                      105.844388352000067,
                                                                      21.01998029400005
                                                                  ],
                                                                  [
                                                                      105.854468949000079,
                                                                      21.018080955000073
                                                                  ],
                                                                  [
                                                                      105.862042501000076,
                                                                      21.018502961000024
                                                                  ],
                                                                  [
                                                                      105.867759853000052,
                                                                      21.020912983000073
                                                                  ],
                                                                  [
                                                                      105.863188986000068,
                                                                      21.033214257000054
                                                                  ],
                                                                  [
                                                                      105.857014909000043,
                                                                      21.042733013000031
                                                                  ],
                                                                  [
                                                                      105.845272943000055,
                                                                      21.039423191000026
                                                                  ],
                                                                  [
                                                                      105.843932075000055,
                                                                      21.030130172000042
                                                                  ],
                                                                  [
                                                                      105.841771511000047,
                                                                      21.028134937000061
                                                                  ]
                                                              ]
                                                          ]
                                      }
                     },
                     {
                         "type":  "Feature",
                         "properties":  {
                                            "shapeName":  "Hoang Mai",
                                            "shapeISO":  "",
                                            "shapeID":  "81297802B90742047749751",
                                            "shapeGroup":  "VNM",
                                            "shapeType":  "ADM2"
                                        },
                         "geometry":  {
                                          "type":  "Polygon",
                                          "coordinates":  [
                                                              [
                                                                  [
                                                                      105.900368359000083,
                                                                      20.994329457000049
                                                                  ],
                                                                  [
                                                                      105.891066674000058,
                                                                      21.000354439000034
                                                                  ],
                                                                  [
                                                                      105.882923780000056,
                                                                      21.002328077000072
                                                                  ],
                                                                  [
                                                                      105.879511597000032,
                                                                      21.000766321000071
                                                                  ],
                                                                  [
                                                                      105.875475781000034,
                                                                      21.002335678000065
                                                                  ],
                                                                  [
                                                                      105.875347118000036,
                                                                      21.001122961000078
                                                                  ],
                                                                  [
                                                                      105.878397239000037,
                                                                      20.999502380000024
                                                                  ],
                                                                  [
                                                                      105.877765388000057,
                                                                      20.997312412000042
                                                                  ],
                                                                  [
                                                                      105.875839214000052,
                                                                      20.996992445000046
                                                                  ],
                                                                  [
                                                                      105.875768117000064,
                                                                      20.994240478000052
                                                                  ],
                                                                  [
                                                                      105.866688404000058,
                                                                      20.99379585500003
                                                                  ],
                                                                  [
                                                                      105.866642838000075,
                                                                      20.995109024000044
                                                                  ],
                                                                  [
                                                                      105.862204422000048,
                                                                      20.996503068000038
                                                                  ],
                                                                  [
                                                                      105.862582757000041,
                                                                      20.993312211000045
                                                                  ],
                                                                  [
                                                                      105.861023491000083,
                                                                      20.993044262000069
                                                                  ],
                                                                  [
                                                                      105.861334377000048,
                                                                      20.994941048000044
                                                                  ],
                                                                  [
                                                                      105.859837789000039,
                                                                      20.995456182000055
                                                                  ],
                                                                  [
                                                                      105.857175412000061,
                                                                      20.993278448000069
                                                                  ],
                                                                  [
                                                                      105.852159013000062,
                                                                      20.994055632000027
                                                                  ],
                                                                  [
                                                                      105.850490148000063,
                                                                      20.992872238000075
                                                                  ],
                                                                  [
                                                                      105.851493092000055,
                                                                      20.991549746000032
                                                                  ],
                                                                  [
                                                                      105.849155966000069,
                                                                      20.991022500000042
                                                                  ],
                                                                  [
                                                                      105.844518182000058,
                                                                      20.994266183000036
                                                                  ],
                                                                  [
                                                                      105.843146207000075,
                                                                      20.991238040000042
                                                                  ],
                                                                  [
                                                                      105.841155763000074,
                                                                      20.991559069000061
                                                                  ],
                                                                  [
                                                                      105.841056610000066,
                                                                      20.98549898400006
                                                                  ],
                                                                  [
                                                                      105.836612282000033,
                                                                      20.983547810000061
                                                                  ],
                                                                  [
                                                                      105.830577077000044,
                                                                      20.992700712000044
                                                                  ],
                                                                  [
                                                                      105.826805295000042,
                                                                      20.99262096700005
                                                                  ],
                                                                  [
                                                                      105.823939672000051,
                                                                      20.989756259000046
                                                                  ],
                                                                  [
                                                                      105.824578875000043,
                                                                      20.988414396000053
                                                                  ],
                                                                  [
                                                                      105.819281900000078,
                                                                      20.985017706000065
                                                                  ],
                                                                  [
                                                                      105.818346941000073,
                                                                      20.980733646000033
                                                                  ],
                                                                  [
                                                                      105.815685038000083,
                                                                      20.983216482000046
                                                                  ],
                                                                  [
                                                                      105.813404551000076,
                                                                      20.980703611000024
                                                                  ],
                                                                  [
                                                                      105.810859256000072,
                                                                      20.981203392000054
                                                                  ],
                                                                  [
                                                                      105.808787344000052,
                                                                      20.983998830000075
                                                                  ],
                                                                  [
                                                                      105.808106408000071,
                                                                      20.979502517000071
                                                                  ],
                                                                  [
                                                                      105.809741038000084,
                                                                      20.979221525000071
                                                                  ],
                                                                  [
                                                                      105.80736737400008,
                                                                      20.973800485000027
                                                                  ],
                                                                  [
                                                                      105.815137656000047,
                                                                      20.970284270000036
                                                                  ],
                                                                  [
                                                                      105.817955535000067,
                                                                      20.971899044000054
                                                                  ],
                                                                  [
                                                                      105.824961845000075,
                                                                      20.971796530000063
                                                                  ],
                                                                  [
                                                                      105.823775099000045,
                                                                      20.968185585000072
                                                                  ],
                                                                  [
                                                                      105.81773602700008,
                                                                      20.963017396000055
                                                                  ],
                                                                  [
                                                                      105.816780336000079,
                                                                      20.959863656000039
                                                                  ],
                                                                  [
                                                                      105.820063140000059,
                                                                      20.957449457000052
                                                                  ],
                                                                  [
                                                                      105.825888061000057,
                                                                      20.956378700000073
                                                                  ],
                                                                  [
                                                                      105.831329087000086,
                                                                      20.952713549000066
                                                                  ],
                                                                  [
                                                                      105.831424561000063,
                                                                      20.954720962000067
                                                                  ],
                                                                  [
                                                                      105.83582672700004,
                                                                      20.958715684000026
                                                                  ],
                                                                  [
                                                                      105.838998076000053,
                                                                      20.957122556000058
                                                                  ],
                                                                  [
                                                                      105.842736115000037,
                                                                      20.957738598000049
                                                                  ],
                                                                  [
                                                                      105.844155183000055,
                                                                      20.951196234000065
                                                                  ],
                                                                  [
                                                                      105.858540559000062,
                                                                      20.957258621000051
                                                                  ],
                                                                  [
                                                                      105.860356933000048,
                                                                      20.953511449000075
                                                                  ],
                                                                  [
                                                                      105.863336018000041,
                                                                      20.951512702000059
                                                                  ],
                                                                  [
                                                                      105.866277215000082,
                                                                      20.95082271900003
                                                                  ],
                                                                  [
                                                                      105.86698877200007,
                                                                      20.951938851000023
                                                                  ],
                                                                  [
                                                                      105.869994991000056,
                                                                      20.95002445800003
                                                                  ],
                                                                  [
                                                                      105.873795771000061,
                                                                      20.95475809900006
                                                                  ],
                                                                  [
                                                                      105.886050390000037,
                                                                      20.945608226000047
                                                                  ],
                                                                  [
                                                                      105.902359399000034,
                                                                      20.967997843000035
                                                                  ],
                                                                  [
                                                                      105.908719270000063,
                                                                      20.981546746000049
                                                                  ],
                                                                  [
                                                                      105.907984641000041,
                                                                      20.987148431000037
                                                                  ],
                                                                  [
                                                                      105.900368359000083,
                                                                      20.994329457000049
                                                                  ]
                                                              ]
                                                          ]
                                      }
                     },
                     {
                         "type":  "Feature",
                         "properties":  {
                                            "shapeName":  "Tay Ho",
                                            "shapeISO":  "",
                                            "shapeID":  "81297802B85279913761146",
                                            "shapeGroup":  "VNM",
                                            "shapeType":  "ADM2"
                                        },
                         "geometry":  {
                                          "type":  "Polygon",
                                          "coordinates":  [
                                                              [
                                                                  [
                                                                      105.849153726000054,
                                                                      21.053565068000069
                                                                  ],
                                                                  [
                                                                      105.84166906300004,
                                                                      21.073558557000069
                                                                  ],
                                                                  [
                                                                      105.842082751000078,
                                                                      21.081583604000059
                                                                  ],
                                                                  [
                                                                      105.832888852000053,
                                                                      21.088691929000049
                                                                  ],
                                                                  [
                                                                      105.825286474000052,
                                                                      21.092510964000041
                                                                  ],
                                                                  [
                                                                      105.795995356000049,
                                                                      21.097915741000065
                                                                  ],
                                                                  [
                                                                      105.791663324000069,
                                                                      21.090232597000067
                                                                  ],
                                                                  [
                                                                      105.793330236000088,
                                                                      21.09007308300005
                                                                  ],
                                                                  [
                                                                      105.793857720000062,
                                                                      21.079424867000057
                                                                  ],
                                                                  [
                                                                      105.796169748000068,
                                                                      21.080524839000077
                                                                  ],
                                                                  [
                                                                      105.799563565000085,
                                                                      21.079810171000076
                                                                  ],
                                                                  [
                                                                      105.799955903000068,
                                                                      21.073837170000047
                                                                  ],
                                                                  [
                                                                      105.803910148000057,
                                                                      21.072313611000027
                                                                  ],
                                                                  [
                                                                      105.803153828000063,
                                                                      21.068331514000022
                                                                  ],
                                                                  [
                                                                      105.805062897000084,
                                                                      21.065894144000026
                                                                  ],
                                                                  [
                                                                      105.796648231000063,
                                                                      21.057986628000037
                                                                  ],
                                                                  [
                                                                      105.799905955000042,
                                                                      21.05542825200007
                                                                  ],
                                                                  [
                                                                      105.794999732000065,
                                                                      21.050322916000027
                                                                  ],
                                                                  [
                                                                      105.798203998000076,
                                                                      21.047172107000051
                                                                  ],
                                                                  [
                                                                      105.801087605000077,
                                                                      21.048854148000032
                                                                  ],
                                                                  [
                                                                      105.806596580000075,
                                                                      21.054261693000058
                                                                  ],
                                                                  [
                                                                      105.805140262000066,
                                                                      21.055342731000053
                                                                  ],
                                                                  [
                                                                      105.807978339000044,
                                                                      21.056192370000076
                                                                  ],
                                                                  [
                                                                      105.808864406000055,
                                                                      21.059234837000076
                                                                  ],
                                                                  [
                                                                      105.809095048000074,
                                                                      21.052373842000065
                                                                  ],
                                                                  [
                                                                      105.806048327000042,
                                                                      21.047606543000029
                                                                  ],
                                                                  [
                                                                      105.810866334000082,
                                                                      21.04619830200005
                                                                  ],
                                                                  [
                                                                      105.815491827000073,
                                                                      21.042577259000041
                                                                  ],
                                                                  [
                                                                      105.82849682300008,
                                                                      21.039590169000064
                                                                  ],
                                                                  [
                                                                      105.831034431000035,
                                                                      21.04171530800005
                                                                  ],
                                                                  [
                                                                      105.836242012000071,
                                                                      21.041647172000069
                                                                  ],
                                                                  [
                                                                      105.836688843000047,
                                                                      21.046764418000066
                                                                  ],
                                                                  [
                                                                      105.840113747000032,
                                                                      21.050719319000052
                                                                  ],
                                                                  [
                                                                      105.842276342000048,
                                                                      21.048666900000057
                                                                  ],
                                                                  [
                                                                      105.849153726000054,
                                                                      21.053565068000069
                                                                  ]
                                                              ]
                                                          ]
                                      }
                     },
                     {
                         "type":  "Feature",
                         "properties":  {
                                            "shapeName":  "Thanh Xuan",
                                            "shapeISO":  "",
                                            "shapeID":  "81297802B66022953489908",
                                            "shapeGroup":  "VNM",
                                            "shapeType":  "ADM2"
                                        },
                         "geometry":  {
                                          "type":  "Polygon",
                                          "coordinates":  [
                                                              [
                                                                  [
                                                                      105.792711222000037,
                                                                      21.001058147000037
                                                                  ],
                                                                  [
                                                                      105.792676262000043,
                                                                      20.999395839000044
                                                                  ],
                                                                  [
                                                                      105.795419725000045,
                                                                      20.99913327400003
                                                                  ],
                                                                  [
                                                                      105.795365707000087,
                                                                      20.995662843000048
                                                                  ],
                                                                  [
                                                                      105.796699557000068,
                                                                      20.995240262000038
                                                                  ],
                                                                  [
                                                                      105.795439842000064,
                                                                      20.991306244000043
                                                                  ],
                                                                  [
                                                                      105.798379581000063,
                                                                      20.988196199000072
                                                                  ],
                                                                  [
                                                                      105.794513516000052,
                                                                      20.985474733000046
                                                                  ],
                                                                  [
                                                                      105.796397514000034,
                                                                      20.983300898000039
                                                                  ],
                                                                  [
                                                                      105.801092360000041,
                                                                      20.984705770000062
                                                                  ],
                                                                  [
                                                                      105.79950625400005,
                                                                      20.986714215000063
                                                                  ],
                                                                  [
                                                                      105.800998427000081,
                                                                      20.987774875000071
                                                                  ],
                                                                  [
                                                                      105.808787344000052,
                                                                      20.983998830000075
                                                                  ],
                                                                  [
                                                                      105.810859256000072,
                                                                      20.981203392000054
                                                                  ],
                                                                  [
                                                                      105.813404551000076,
                                                                      20.980703611000024
                                                                  ],
                                                                  [
                                                                      105.815685038000083,
                                                                      20.983216482000046
                                                                  ],
                                                                  [
                                                                      105.818346941000073,
                                                                      20.980733646000033
                                                                  ],
                                                                  [
                                                                      105.819281900000078,
                                                                      20.985017706000065
                                                                  ],
                                                                  [
                                                                      105.824578875000043,
                                                                      20.988414396000053
                                                                  ],
                                                                  [
                                                                      105.823939672000051,
                                                                      20.989756259000046
                                                                  ],
                                                                  [
                                                                      105.826805295000042,
                                                                      20.99262096700005
                                                                  ],
                                                                  [
                                                                      105.830577077000044,
                                                                      20.992700712000044
                                                                  ],
                                                                  [
                                                                      105.836612282000033,
                                                                      20.983547810000061
                                                                  ],
                                                                  [
                                                                      105.841056610000066,
                                                                      20.98549898400006
                                                                  ],
                                                                  [
                                                                      105.841155763000074,
                                                                      20.991559069000061
                                                                  ],
                                                                  [
                                                                      105.84270977400007,
                                                                      20.997292327000025
                                                                  ],
                                                                  [
                                                                      105.820215848000032,
                                                                      21.003135823000036
                                                                  ],
                                                                  [
                                                                      105.818192835000048,
                                                                      21.001673289000053
                                                                  ],
                                                                  [
                                                                      105.813539208000066,
                                                                      21.008869725000068
                                                                  ],
                                                                  [
                                                                      105.811127599000088,
                                                                      21.007015540000054
                                                                  ],
                                                                  [
                                                                      105.806068433000064,
                                                                      21.007774912000059
                                                                  ],
                                                                  [
                                                                      105.792711222000037,
                                                                      21.001058147000037
                                                                  ]
                                                              ]
                                                          ]
                                      }
                     }
                 ]
}
